Month,Year,Slough,Site,Habitat,Species,ID,Count,COMMENTS,Processed,-80 Freezer,Freeze Drier,Dried,Isotope
APR,2019,TSL,AH3,MARSH,EPHEME,Mi1,13,,Y,N,N,N,N
APR,2019,TSL,AH3,MARSH,AMPHIPOD,Mi2,56,,Y,Y,Y,Y,Y
APR,2019,TSL,AH3,MARSH,OSTRACOD,Mi3**,287,**SAME AS Mi3,Y,Y,Y,Y,Y
APR,2019,TSL,AH3,MARSH,OSTRACOD,Mi4**,,**SAME AS Mi3,Y,Y,Y,Y,Y
APR,2019,TSL,AH3,MARSH,OSTRACOD,Mi5**,,**SAME AS Mi3,Y,Y,Y,Y,Y
APR,2019,TSL,AH3,MARSH,LAESPP,Mi6,1,,Y,N,N,N,N
APR,2019,TSL,AH3,MARSH,POMPAL,Mi7,1,,Y,N,N,N,N
APR,2019,TSL,AH3,MARSH,LITMON,Mi8,11,,Y,N,N,N,N
APR,2019,TSL,AH3,MARSH,BROWN MITE,Mi9,2,,Y,N,N,N,N
APR,2019,TSL,AH3,MARSH,ORANGE MITE,Mi10,1,,Y,N,N,N,N
APR,2019,TSL,AH3,MARSH,PLASCA,Mi11,1,,Y,N,N,N,N
APR,2019,TSL,AH3,MARSH,CLADOCERA,Mi12,39,,Y,Y,Y,Y,N
APR,2019,TSL,AH3,MARSH,COPEPOD,Mi13,31,,Y,Y,Y,Y,N
APR,2019,TSL,AH3,MARSH,CHIRON,Mi14,21,,Y,Y,Y,Y,N
APR,2019,TSL,AH3,MARSH,BLUE MITE,Mi15,59,,Y,Y,Y,Y,Y
APR,2019,TSL,AH3,MARSH,CORIXI,Mi16,1,,Y,N,N,N,N
APR,2019,TSL,AH3,MARSH,GASTROPOD,Mi17,1,NO SHELL,Y,N,N,N,N
APR,2019,TSL,AHMDB,NEAR POND,DIPUP,Mi18,1,,Y,N,N,N,N
APR,2019,TSL,AHMDB,NEAR POND,PLASCA,Mi19,1,,Y,N,N,N,N
APR,2019,TSL,AHMDB,NEAR POND,PELFEM,Mi20,1,,Y,N,N,N,N
APR,2019,TSL,AHMDB,NEAR POND,CORIXI,Mi21,2,,Y,N,N,N,N
APR,2019,TSL,AHMDB,NEAR POND,CLADOCERA,Mi22,45,,Y,Y,Y,Y,N
APR,2019,TSL,AHMDB,NEAR POND,CHIRON,Mi23,14,,Y,N,N,N,N
APR,2019,TSL,AHMDB,NEAR POND,BLUE MITE,Mi24,79,,Y,Y,Y,Y,Y
APR,2019,TSL,AHMDB,NEAR POND,ORANGE MITE,Mi25,1,,Y,N,N,N,N
APR,2019,TSL,AHMDB,NEAR POND,COPEPOD,Mi26,158,,Y,Y,Y,Y,Y
APR,2019,TSL,AHMDB,NEAR POND,BROWN MITE,Mi27,2,,Y,N,N,N,N
APR,2019,TSL,AHMDB,NEAR POND,OSTRACOD,Mi28,137,,Y,Y,Y,Y,N
APR,2019,TSL,AHMDB,NEAR POND,AMPHIPOD,Mi29,14,,Y,N,N,N,N
APR,2019,TSL,AHMDB,NEAR POND,EPHEME,Mi30,5,,Y,N,N,N,N
APR,2019,TSL,AH2,POND,AMPHIPOD,Mi31,3,,Y,N,N,N,N
APR,2019,TSL,AH2,POND,FUNSPP,Mi32,1,,Y,N,N,N,N
APR,2019,TSL,AH2,POND,BLUE MITE,Mi33,35,,Y,Y,Y,Y,N
APR,2019,TSL,AH2,POND,CORIXI,Mi34,1,,Y,N,N,N,N
APR,2019,TSL,AH2,POND,CHIRON,Mi35,7,,Y,N,N,N,N
APR,2019,TSL,AH2,POND,CLADOCERA,Mi36,1,,Y,N,N,N,N
APR,2019,TSL,AH9,POND,CLADOCERA,Mi37,14,,Y,N,N,N,N
APR,2019,TSL,AH9,POND,EPHEME,Mi38,2,,Y,N,N,N,N
APR,2019,TSL,AH9,POND,BLUE MITE,Mi39,10,,Y,N,N,N,N
APR,2019,TSL,AH9,POND,MELTUB,Mi40,1,,Y,N,N,N,N
APR,2019,TSL,AH9,POND,OSTRACOD,Mi41,97,,Y,Y,Y,Y,N
APR,2019,TSL,AH9,POND,COPEPOD,Mi42,283,,Y,Y,Y,Y,N
APR,2019,TSL,AH2,POND,COPEPOD,Mi43,21,,Y,N,N,N,N
APR,2019,TSL,AH5,NEAR POND,CLADOCERA,Mi44,22,,Y,N,N,N,N
APR,2019,TSL,AH2,POND,OSTRACOD,Mi45,24,,Y,N,N,N,N
MAR,2019,SRS,CATB,MARSH,CLADOCERA,Mi46,22,,Y,N,N,N,N
MAR,2019,SRS,CATB,POND,COPEPOD,Mi47,29,,Y,N,N,N,N
MAR,2019,SRS,CATB,POND,OSTRACOD,Mi48,44,,Y,Y,Y,Y,N
APR,2019,TSL,AH2,POND,MELTUB,Mi49,1,,Y,N,N,N,N
APR,2019,TSL,AH3,POND,BLUE MITE,Mi50,61,,Y,Y,Y,Y,N
APR,2019,TSL,AH3,POND,AMPHIPOD,Mi51,1,,Y,Y,Y,Y,N
APR,2019,TSL,AH3,POND,OSTRACOD,Mi52**,228,**SAME AS Mi52,Y,Y,Y,Y,N
APR,2019,TSL,AH3,POND,OSTRACOD,Mi53**,,**SAME AS Mi52,Y,Y,Y,Y,N
APR,2019,TSL,AH3,POND,OSTRACOD,Mi54**,,**SAME AS Mi52,Y,Y,Y,Y,N
APR,2019,TSL,AH3,POND,CLADOCERA,Mi55,8,,Y,N,N,N,N
APR,2019,TSL,AH5,POND,BLUE MITE,Mi56,25,,Y,N,N,N,N
APR,2019,TSL,AH5,POND,EPHEME,Mi57,1,,Y,N,N,N,N
APR,2019,TSL,AH5,POND,CHIRON,Mi58,5,,Y,N,N,N,N
APR,2019,TSL,AH5,POND,PALPAL,Mi59,1,,Y,N,N,N,N
APR,2019,TSL,AH5,POND,COPEPOD,Mi60,15,,Y,N,N,N,N
APR,2019,TSL,AH5,POND,OSTRACOD,Mi61,20,,Y,N,N,N,N
APR,2019,TSL,AHMDB,MARSH,OSTRACOD,Mi62,142,,Y,Y,Y,Y,N
APR,2019,TSL,AHMDB,MARSH,AMPHIPOD,Mi63,7,,Y,N,N,N,N
APR,2019,TSL,AHMDB,MARSH,CORIXI,Mi64,3,,Y,N,N,N,N
APR,2019,TSL,AHMDB,MARSH,CHIRON,Mi65,13,,Y,N,N,N,N
APR,2019,TSL,AHMDB,MARSH,LITMON,Mi66,1,,Y,N,N,N,N
APR,2019,TSL,AHMDB,MARSH,COPEPOD,Mi67,27,,Y,N,N,N,N
APR,2019,TSL,AHMDB,MARSH,BLUE MITE,Mi68,24,,Y,N,N,N,N
APR,2019,TSL,AHMDB,MARSH,CLADOCERA,Mi69,29,,Y,N,N,N,N
APR,2019,TSL,AHMDB,MARSH,BIVALVE,Mi70,1,,Y,N,N,N,N
APR,2019,TSL,AHMDB,MARSH,DIPUP,Mi71,1,,Y,N,N,N,N
APR,2019,TSL,AHMDB,POND,AMPHIPOD,Mi72,4,,Y,N,N,N,N
APR,2019,TSL,AHMDB,POND,COPEPOD,Mi73,5,,Y,N,N,N,N
APR,2019,TSL,AHMDB,POND,OSTRACOD,Mi74,250,,Y,Y,Y,Y,N
APR,2019,TSL,AHMDB,POND,DIPUP,Mi75,1,,Y,N,N,N,N
APR,2019,TSL,AHMDB,POND,BLUE MITE,Mi76,31,,Y,Y,Y,Y,N
APR,2019,TSL,AHMDB,POND,CHIRON,Mi77,4,,Y,N,N,N,N
APR,2019,TSL,AH5,MARSH,OSTRACOD,Mi78**,182,**SAME AS Mi78,Y,Y,Y,Y,N
APR,2019,TSL,AH5,MARSH,OSTRACOD,Mi79**,,**SAME AS Mi78,Y,Y,Y,Y,N
APR,2019,TSL,AH5,MARSH,AMPHIPOD,Mi80,83,,Y,Y,Y,Y,N
APR,2019,TSL,AH5,MARSH,BROWN MITE,Mi81,6,,Y,N,N,N,N
APR,2019,TSL,AH5,MARSH,COPEPOD,Mi82,35,,Y,Y,Y,Y,N
APR,2019,TSL,AH5,MARSH,CHIRON,Mi83,33,,Y,Y,Y,Y,N
APR,2019,TSL,AH5,MARSH,CORIXI,Mi84,5,,Y,N,N,N,N
APR,2019,TSL,AH5,MARSH,EPHEME,Mi85,2,,Y,N,N,N,N
APR,2019,TSL,AH5,MARSH,UTRPUR,Mi86,1,,Y,N,N,N,N
APR,2019,TSL,AH5,MARSH,BLUE MITE,Mi87,24,,Y,N,N,N,N
APR,2019,TSL,AH5,MARSH,CLADOCERA,Mi88,120,,Y,Y,Y,Y,N
APR,2019,TSL,AH5,MARSH,COENAG,Mi89,2,,Y,N,N,N,N
APR,2019,TSL,AH5,MARSH,ORANGE MITE,Mi90,8,,Y,N,N,N,N
APR,2019,TSL,AH5,MARSH,PLASCA,Mi91,3,CHANGED FROM MACDIL,Y,N,N,N,N
APR,2019,TSL,AH5,MARSH,PALPAL,Mi92,1,,Y,N,N,N,N
APR,2019,TSL,AH2,MARSH,ORANGE MITE,Mi93,1,,Y,N,N,N,N
APR,2019,TSL,AH2,MARSH,BROWN MITE,Mi94,1,,Y,N,N,N,N
APR,2019,TSL,AH2,MARSH,PLASCA,Mi95,2,CHANGED FROM MACDIL,Y,N,N,N,N
APR,2019,TSL,AH2,MARSH,BLUE MITE,Mi96,2,,Y,N,N,N,N
APR,2019,TSL,AH2,MARSH,EPHEME,Mi97,1,,Y,N,N,N,N
APR,2019,TSL,AH2,MARSH,AMPHIPOD,Mi98,15,,Y,N,N,N,N
APR,2019,TSL,AH2,MARSH,CHIRON,Mi99,4,,Y,N,N,N,N
APR,2019,TSL,AH2,MARSH,OSTRACOD,Mi100,13,,Y,N,N,N,N
APR,2019,TSL,AH2,MARSH,COPEPOD,Mi101,14,,Y,N,N,N,N
APR,2019,TSL,AH2,MARSH,CLADOCERA,Mi102,38,,Y,Y,Y,Y,N
APR,2019,TSL,AH5,NEAR POND,COPEPOD,Mi103,21,,Y,N,N,N,N
APR,2019,TSL,AH5,NEAR POND,AMPHIPOD,Mi104,28,,Y,N,N,N,N
APR,2019,TSL,AH5,NEAR POND,OSTRACOD,Mi105,12,,Y,N,N,N,N
APR,2019,TSL,AH5,NEAR POND,PLASPP,Mi106,1,,Y,N,N,N,N
APR,2019,TSL,AH5,NEAR POND,BLUE MITE,Mi107,40,,Y,Y,Y,Y,N
APR,2019,TSL,AH5,NEAR POND,CORIXI,Mi108,1,,Y,N,N,N,N
APR,2019,TSL,AH5,NEAR POND,CHIRON,Mi109,10,,Y,N,N,N,N
APR,2019,TSL,AH5,NEAR POND,EPHEME,Mi110,2,,Y,N,N,N,N
MAR,2019,SRS,AH11,POND,CHIRON,Mi111,1,IN CACOON,Y,N,N,N,N
MAR,2019,SRS,AH11,POND,PALPAL,Mi112,1,,Y,N,N,N,N
MAR,2019,SRS,AH11,POND,BLUE MITE,Mi113,12,,Y,N,N,N,N
MAR,2019,SRS,AH11,POND,OSTRACOD,Mi114**,327,**SAME AS Mi114,Y,Y,Y,Y,N
MAR,2019,SRS,AH11,POND,OSTRACOD,Mi115**,,**SAME AS Mi114,Y,Y,Y,Y,N
MAR,2019,SRS,AH11,POND,OSTRACOD,Mi116**,,**SAME AS Mi114,Y,Y,Y,Y,N
MAR,2019,SRS,CATB,MARSH,ROUND WORM,Mi117,2,,Y,N,N,N,N
MAR,2019,SRS,CATB,MARSH,OSTRACOD,Mi118,78,,Y,Y,Y,Y,N
MAR,2019,SRS,CATB,MARSH,AMPHIPOD,Mi119,11,,Y,Y,Y,Y,N
MAR,2019,SRS,CATB,MARSH,CELSPP,Mi120,1,,Y,Y,Y,Y,N
MAR,2019,SRS,CATB,MARSH,CHIRON,Mi121,14,,Y,N,N,N,N
MAR,2019,SRS,CATB,MARSH,DIPUP,Mi122,4,,Y,N,N,N,N
MAR,2019,SRS,CATB,MARSH,BLUE MITE,Mi123,10,,Y,N,N,N,N
MAR,2019,SRS,CATB,MARSH,EPHEME,Mi124,19,,Y,Y,Y,Y,N
MAR,2019,SRS,CATB,MARSH,COPEPOD,Mi125**,197,**SAME AS Mi125,Y,Y,Y,Y,N
MAR,2019,SRS,CATB,MARSH,COPEPOD,Mi126**,,**SAME AS Mi125,Y,Y,Y,Y,N
MAR,2019,SRS,AH11,POND,COPEPOD,Mi127,10,,Y,N,N,N,N
MAR,2019,SRS,AHWG16,POND,PLASCA,Mi128,1,CHANGED FROM MACDIL,Y,N,N,N,N
MAR,2019,SRS,AHWG16,POND,LITMON,Mi129,5,,Y,N,N,N,N
MAR,2019,SRS,AHWG16,POND,FLATWORM,Mi130,10,,Y,N,N,N,N
MAR,2019,SRS,AHWG16,POND,BLUE MITE,Mi131,80,,Y,Y,Y,Y,N
MAR,2019,SRS,AHWG16,POND,CELSPP,Mi132,1,,Y,Y,Y,Y,N
MAR,2019,SRS,AHWG16,POND,CLADOCERA,Mi133,25,,Y,N,N,N,N
MAR,2019,SRS,AHWG16,POND,COPEPOD,Mi134,12,,Y,N,N,N,N
MAR,2019,SRS,AHWG16,POND,CHIRON,Mi135,29,,Y,N,N,N,N
MAR,2019,SRS,AHWG16,POND,OSTRACOD,Mi136,107,,Y,Y,Y,Y,N
MAR,2019,SRS,AHWG16,POND,PACLON,Mi137,1,,Y,Y,Y,Y,N
MAR,2019,SRS,AHWG16,POND,EPHEME,Mi138,18,,Y,Y,Y,Y,N
MAR,2019,SRS,AHWG16,POND,MOLLUSC,Mi139,1,,Y,N,N,N,N
MAR,2019,SRS,AHWG16,MARSH,CHIRON,Mi140,4,,Y,N,N,N,N
MAR,2019,SRS,AHWG16,MARSH,CLADOCERA,Mi141,1,,Y,N,N,N,N
MAR,2019,SRS,AH13,MARSH,CHIRON,Mi142,1,,Y,N,N,N,N
MAR,2019,SRS,AH13,NEAR POND,CLADOCERA,Mi143,8,CHANGED FROM CHIRON,Y,N,N,N,N
MAR,2019,SRS,AH13,NEAR POND,STRATI,Mi144,2,,Y,N,N,N,N
MAR,2019,SRS,AH13,NEAR POND,COPEPOD,Mi145,2,,Y,N,N,N,N
MAR,2019,SRS,AH13,POND,COPEPOD,Mi146**,182,**SAME AS Mi146,Y,Y,Y,Y,N
MAR,2019,SRS,AH13,POND,COPEPOD,Mi147**,,**SAME AS Mi146,Y,Y,Y,Y,N
MAR,2019,SRS,AH13,POND,CLADOCERA,Mi148,84,,Y,Y,Y,Y,N
MAR,2019,SRS,AH13,POND,EPHEME,Mi149,18,,Y,N,N,N,N
MAR,2019,SRS,AH13,POND,LITMON,Mi150,2,,Y,N,N,N,N
MAR,2019,SRS,AH13,POND,ROUND WORM,Mi151,3,,Y,N,N,N,N
MAR,2019,SRS,AH13,POND,OSTRACOD,Mi152**,395,**SAME AS Mi152,Y,Y,Y,Y,N
MAR,2019,SRS,AH13,POND,OSTRACOD,Mi153**,,**SAME AS Mi152,Y,Y,Y,Y,N
MAR,2019,SRS,AH13,POND,OSTRACOD,Mi154**,,**SAME AS Mi152,Y,Y,Y,Y,N
MAR,2019,SRS,AH13,POND,CHIRON,Mi155,3,,Y,N,N,N,N
MAR,2019,SRS,AH13,POND,BLUE MITE,Mi156,7,,Y,N,N,N,N
MAR,2019,SRS,CATB,POND,EPHEME,Mi157,2,,Y,N,N,N,N
MAR,2019,SRS,CATB,POND,CHIRON,Mi158,1,,Y,N,N,N,N
MAR,2019,SRS,CATB,POND,BLUE MITE,Mi159,3,,Y,N,N,N,N
MAR,2019,SRS,CATB,POND,CLADOCERA,Mi160,1,,Y,N,N,N,N
MAR,2019,SRS,CATB,POND,CHAOBO,Mi161,1,,Y,N,N,N,N
MAR,2019,SRS,LJB,POND,COPEPOD,Mi162,205,,Y,Y,Y,Y,N
MAR,2019,SRS,LJB,POND,BLUE MITE,Mi163,3,,Y,N,N,N,N
MAR,2019,SRS,LJB,POND,CLADOCERA,Mi164,92,,Y,Y,Y,Y,N
MAR,2019,SRS,LJB,POND,EPHEME,Mi165,10,,Y,Y,Y,Y,N
MAR,2019,SRS,LJB,POND,OSTRACOD,Mi166**,91,**SAME AS Mi166,Y,Y,Y,Y,N
MAR,2019,SRS,LJB,POND,OSTRACOD,Mi167**,,**SAME AS Mi166,Y,Y,Y,Y,N
MAR,2019,SRS,LJB,POND,AMPHIPOD,Mi168,1,,Y,N,N,N,N
MAR,2019,SRS,LJB,POND,CHIRON,Mi169,1,,Y,N,N,N,N
MAR,2019,SRS,LJB,MARSH,PALPAL,Mi170,1,,Y,Y,Y,Y,N
MAR,2019,SRS,LJB,MARSH,CLADOCERA,Mi171,3,,Y,N,N,N,N
MAR,2019,SRS,LJB,MARSH,MOLLUSC,Mi172,1,,Y,N,N,N,N
MAR,2019,SRS,AH11,MARSH,COENAG,Mi173,1,,Y,Y,Y,Y,N
MAR,2019,SRS,AH11,MARSH,AMPHIPOD,Mi174,1,,Y,N,N,N,N
MAR,2019,SRS,AH11,MARSH,CHIRON,Mi175,6,,Y,N,N,N,N
MAR,2019,SRS,AH11,MARSH,COPEPOD,Mi176,1,,Y,N,N,N,N
MAR,2019,SRS,AH11,MARSH,CLADOCERA,Mi177,1,,Y,N,N,N,N
MAR,2019,SRS,AH11,MARSH,OSTRACOD,Mi178,2,,Y,N,N,N,N
MAR,2019,SRS,AH11,POND,FLATWORM,Mi179,1,,Y,N,N,N,N
MAR,2019,SRS,AH11,POND,CLADOCERA,Mi180,2,,Y,N,N,N,N
MAR,2019,SRS,AH11,POND,AMPHIPOD,Mi181,1,,Y,N,N,N,N
MAR,2019,SRS,AH11,POND,CHIRON,Mi182,1,,Y,N,N,N,N
MAR,2019,SRS,AH11,POND,APHPAC,Mi183,2,,Y,N,N,N,N
MAR,2019,SRS,AH11,POND,PLASCA,Mi184,2,,Y,N,N,N,N
MAR,2019,SRS,AH11,POND,EPHEME,Mi185,2,,Y,N,N,N,N
DEC,2018,TSL,AH9,MARSH,BLUE MITE,Mi186,16,,Y,N,N,N,N
DEC,2018,TSL,AH9,MARSH,BROWN MITE,Mi187,3,,Y,N,N,N,N
DEC,2018,TSL,AH9,MARSH,ORANGE MITE,Mi188,3,,Y,N,N,N,N
DEC,2018,TSL,AH9,MARSH,COPEPOD,Mi189,15,,Y,N,N,N,N
DEC,2018,TSL,AH9,MARSH,CHIRON,Mi190,8,,Y,N,N,N,N
DEC,2018,TSL,AH9,MARSH,CLADOCERA,Mi191,13,,Y,N,N,N,N
DEC,2018,TSL,AH9,MARSH,OSTRACOD,Mi192,6,,Y,N,N,N,N
DEC,2018,TSL,AH9,MARSH,AMPHIPOD,Mi193,6,,Y,N,N,N,N
DEC,2018,TSL,AH9,MARSH,COENAG,Mi194,1,,Y,N,N,N,N
DEC,2018,TSL,AH9,MARSH,DIPUP,Mi195,1,,Y,N,N,N,N
DEC,2018,TSL,AHMDB,MARSH,COPEPOD,Mi196,41,,Y,Y,Y,Y,N
DEC,2018,TSL,AHMDB,MARSH,UN ID LARVA,Mi197,1,,Y,N,N,N,N
DEC,2018,TSL,AHMDB,MARSH,AMPHIPOD,Mi198,42,,Y,Y,Y,Y,N
DEC,2018,TSL,AHMDB,MARSH,ODONATA,Mi199,1,,Y,N,N,N,N
DEC,2018,TSL,AHMDB,MARSH,CHIRON,Mi200,25,,Y,N,N,N,N
DEC,2018,TSL,AHMDB,MARSH,OSTRACOD,Mi201**,171,**SAME AS Mi201,Y,Y,Y,Y,N
DEC,2018,TSL,AHMDB,MARSH,OSTRACOD,Mi202**,,**SAME AS Mi201,Y,Y,Y,Y,N
DEC,2018,TSL,AHMDB,MARSH,OSTRACOD,Mi203**,,**SAME AS Mi201,Y,Y,Y,Y,N
DEC,2018,TSL,AHMDB,MARSH,OSTRACOD,Mi204**,,**SAME AS Mi201,Y,Y,Y,Y,N
DEC,2018,TSL,AHMDB,MARSH,OSTRACOD,Mi205**,,**SAME AS Mi201,Y,Y,Y,Y,N
DEC,2018,TSL,AHMDB,MARSH,BROWN MITE,Mi206,1,,N,N,N,N,N
DEC,2018,TSL,AHMDB,MARSH,CLADOCERA,Mi207,63,,Y,Y,Y,Y,N
DEC,2018,TSL,AHMDB,MARSH,BLUE MITE,Mi208,30,,Y,Y,Y,Y,N
DEC,2018,TSL,AHMDB,MARSH,ORANGE MITE,Mi209,1,,Y,N,N,N,N
DEC,2018,TSL,AHMDB,MARSH,CHIRON,Mi210,25,,Y,N,N,N,N
DEC,2018,TSL,AHMDB,MARSH,ROUND WORM,Mi211,1,,Y,N,N,N,N
DEC,2018,TSL,AHMDB,MARSH,CLADOCERA,Mi212**,63,**SAME AS Mi212,Y,Y,Y,Y,N
DEC,2018,TSL,AHMDB,MARSH,CLADOCERA,Mi213**,,**SAME AS Mi212,Y,Y,Y,Y,N
DEC,2018,TSL,AHMDB,MARSH,MOLLUSC,Mi214,1,,Y,N,N,N,N
DEC,2018,TSL,AHMDB,MARSH,EPHEME,Mi215,3,LARVAL,Y,N,N,N,N
DEC,2018,TSL,AH2,MARSH,AMPHIPOD,Mi216,15,,Y,N,N,N,N
DEC,2018,TSL,AH2,MARSH,CLADOCERA,Mi217,3,,Y,N,N,N,N
DEC,2018,TSL,AH2,MARSH,TICK MITE,Mi218,1,,Y,N,N,N,N
DEC,2018,TSL,AH2,MARSH,CHIRON,Mi219,18,,Y,N,N,N,N
DEC,2018,TSL,AH2,MARSH,ORANGE MITE,Mi220,1,,Y,N,N,N,N
DEC,2018,TSL,AH2,MARSH,COLEOA,Mi221,1,,Y,N,N,N,N
DEC,2018,TSL,AH2,MARSH,RED MITE,Mi222,1,,Y,N,N,N,N
DEC,2018,TSL,AH2,MARSH,BLUE MITE,Mi223,24,,Y,N,N,N,N
DEC,2018,TSL,AH2,MARSH,OSTRACOD,Mi224,19,,Y,N,N,N,N
DEC,2018,TSL,AH2,MARSH,COPEPOD,Mi225,26,,Y,N,N,N,N
DEC,2018,TSL,AH5,NEAR POND,CHIRON,Mi226,3,IN CACOON,Y,N,N,N,N
DEC,2018,TSL,AH5,NEAR POND,UN ID BUG,Mi227,1,,Y,N,N,N,N
DEC,2018,TSL,AH5,NEAR POND,BROWN MITE,Mi228,1,,Y,N,N,N,N
DEC,2018,TSL,AH5,NEAR POND,MELTUB,Mi229,1,,Y,N,N,N,N
DEC,2018,TSL,AH5,NEAR POND,SPHAER,Mi230,1,,Y,N,N,N,N
DEC,2018,TSL,AH5,NEAR POND,ORANGE MITE,Mi231,1,,Y,N,N,N,N
DEC,2018,TSL,AH5,NEAR POND,BLUE MITE,Mi232,40,,Y,Y,Y,Y,N
DEC,2018,TSL,AH5,NEAR POND,CHIRON,Mi233,10,,Y,N,N,N,N
DEC,2018,TSL,AH5,NEAR POND,EPHEME,Mi234,2,,Y,N,N,N,N
DEC,2018,TSL,AH5,NEAR POND,LONG ARMED BUG,Mi235,1,,Y,N,N,N,N
DEC,2018,TSL,AH5,NEAR POND,CLADOCERA,Mi236,22,,Y,N,N,N,N
DEC,2018,TSL,AH5,NEAR POND,COPEPOD,Mi237,21,,Y,N,N,N,N
DEC,2018,TSL,AH5,NEAR POND,OSTRACOD,Mi238,12,,Y,N,N,N,N
DEC,2018,TSL,AH5,NEAR POND,AMPHIPOD,Mi239**,28,**SAME AS Mi239,Y,Y,Y,Y,N
DEC,2018,TSL,AH5,NEAR POND,AMPHIPOD,Mi240**,,**SAME AS Mi239,Y,Y,Y,Y,N
DEC,2018,TSL,AH5,NEAR POND,TAPLOU,Mi241,1,,Y,Y,Y,Y,N
DEC,2018,TSL,AH5,POND,CLADOCERA,Mi242,3,,Y,N,N,N,N
DEC,2018,TSL,AH5,POND,CHIRON,Mi243,1,IN CACOON,Y,N,N,N,N
DEC,2018,TSL,AH5,POND,CHIRON,Mi244,6,,Y,N,N,N,N
DEC,2018,TSL,AH5,POND,COPEPOD,Mi245,1,,Y,N,N,N,N
DEC,2018,TSL,AH5,POND,BLUE MITE,Mi246,5,,Y,N,N,N,N
DEC,2018,TSL,AH5,POND,OSTRACOD,Mi247,11,,Y,N,N,N,N
DEC,2018,SRS,CATB,POND,BLUE MITE,Mi248,1,,Y,N,N,N,N
DEC,2018,SRS,CATB,POND,COPEPOD,Mi249**,102,**SAME AS Mi405,Y,Y,Y,Y,N
DEC,2018,SRS,CATB,NEAR POND,COPEPOD,Mi250**,33,**SAME AS Mi400,Y,Y,Y,Y,N
DEC,2018,SRS,AHWG16,NEAR POND,CHIRON,Mi251**,1,**SAME AS Mi421,Y,N,N,N,N
DEC,2018,SRS,AHWG16,POND,OSTRACOD,Mi252,9,**SAME AS Mi433,Y,N,N,N,N
DEC,2018,TSL,AH3,NEAR POND,LONG ARMED BUG,Mi253,1,,Y,N,N,N,N
DEC,2018,TSL,AH3,NEAR POND,COENAG,Mi254,1,,Y,Y,Y,Y,N
DEC,2018,TSL,AH3,NEAR POND,OSTRACOD,Mi255**,101,**SAME AS Mi255,Y,Y,Y,Y,N
DEC,2018,TSL,AH3,NEAR POND,OSTRACOD,Mi256**,,**SAME AS Mi255,Y,Y,Y,Y,N
DEC,2018,TSL,AH3,NEAR POND,OSTRACOD,Mi257**,,**SAME AS Mi255,Y,Y,Y,Y,N
DEC,2018,TSL,AH3,NEAR POND,PACLON,Mi258,2,,Y,Y,Y,Y,N
DEC,2018,TSL,AH3,NEAR POND,EPHEME,Mi259,24,,Y,N,N,N,N
DEC,2018,TSL,AH3,NEAR POND,CLADOCERA,Mi260**,77,**SAME AS Mi260,Y,Y,Y,Y,N
DEC,2018,TSL,AH3,NEAR POND,CLADOCERA,Mi261**,,**SAME AS Mi260,Y,Y,Y,Y,N
DEC,2018,TSL,AH3,NEAR POND,CLADOCERA,Mi262**,,**SAME AS Mi260,Y,Y,Y,Y,N
DEC,2018,TSL,AH3,NEAR POND,BROWN MITE,Mi263,7,,Y,N,N,N,N
DEC,2018,TSL,AH3,NEAR POND,ROUND WORM,Mi264,2,,Y,N,N,N,N
DEC,2018,TSL,AH3,NEAR POND,AMPHIPOD,Mi265,73,,Y,Y,Y,Y,N
DEC,2018,TSL,AH3,NEAR POND,COPEPOD,Mi266**,84,**SAME AS Mi266,Y,Y,Y,Y,N
DEC,2018,TSL,AH3,NEAR POND,COPEPOD,Mi267**,,**SAME AS Mi266,Y,Y,Y,Y,N
DEC,2018,TSL,AH3,NEAR POND,BLUE MITE,Mi268,47,,Y,Y,Y,Y,N
DEC,2018,TSL,AH3,NEAR POND,UN ID BUG EYE,Mi269,1,,Y,N,N,N,N
DEC,2018,TSL,AH3,NEAR POND,ORANGE MITE,Mi270,8,,Y,N,N,N,N
DEC,2018,TSL,AH3,NEAR POND,CHIRON,Mi271,37,,Y,Y,Y,Y,N
DEC,2018,TSL,AH3,NEAR POND,PLASCA,Mi272,3,CHANGED FROM MACDIL,Y,N,N,N,N
DEC,2018,TSL,AH3,NEAR POND,UN ID BUG,Mi273,1,,Y,N,N,N,N
DEC,2018,TSL,AH3,MARSH,ORANGE MITE,Mi274,1,,Y,N,N,N,N
DEC,2018,TSL,AH3,MARSH,CLADOCERA,Mi275,4,,Y,N,N,N,N
DEC,2018,TSL,AH3,MARSH,AMPHIPOD,Mi276,100,,Y,Y,Y,Y,N
DEC,2018,TSL,AH3,MARSH,ROUND WORM,Mi277,7,,Y,N,N,N,N
DEC,2018,TSL,AH3,MARSH,OSTRACOD**,Mi278,150,**SAME AS Mi278,Y,Y,Y,Y,N
DEC,2018,TSL,AH3,MARSH,OSTRACOD**,Mi279,,**SAME AS Mi278,Y,Y,Y,Y,N
DEC,2018,TSL,AH3,MARSH,OSTRACOD**,Mi280,,**SAME AS Mi278,Y,Y,Y,Y,N
DEC,2018,TSL,AH3,MARSH,COPEPOD,Mi281,5,,Y,N,N,N,N
DEC,2018,TSL,AH3,MARSH,ODONATA,Mi282,1,,Y,N,N,N,N
DEC,2018,TSL,AH3,MARSH,CHIRON,Mi283,7,,Y,N,N,N,N
DEC,2018,TSL,AH3,MARSH,BLUE MITE,Mi284,3,,Y,N,N,N,N
DEC,2018,TSL,AH3,MARSH,DIPUP,Mi285,1,,Y,N,N,N,N
DEC,2018,TSL,AH3,MARSH,ARGSPP,Mi286,1,,Y,N,N,N,N
DEC,2018,TSL,AH3,MARSH,MOLLUSC,Mi287,1,,Y,N,N,N,N
DEC,2018,TSL,AH3,MARSH,CORIXI,Mi288,1,,Y,N,N,N,N
DEC,2018,TSL,AH3,MARSH,EPHEME,Mi289,1,LARVAL,Y,N,N,N,N
DEC,2018,TSL,AH5,MARSH,COPEPOD,Mi290,28,,Y,N,N,N,N
DEC,2018,TSL,AH5,MARSH,OSTRACOD**,Mi291,44,**SAME AS Mi291,Y,Y,Y,Y,N
DEC,2018,TSL,AH5,MARSH,OSTRACOD**,Mi292,,**SAME AS Mi291,Y,Y,Y,Y,N
DEC,2018,TSL,AH5,MARSH,OSTRACOD**,Mi293,,**SAME AS Mi291,Y,Y,Y,Y,N
DEC,2018,TSL,AH5,MARSH,OSTRACOD**,Mi294,,**SAME AS Mi291,Y,Y,Y,Y,N
DEC,2018,TSL,AH5,MARSH,CLADOCERA,Mi295,7,,Y,N,N,N,N
DEC,2018,TSL,AH5,MARSH,DIPUP,Mi296,1,,Y,N,N,N,N
DEC,2018,TSL,AH5,MARSH,ORANGE MITE,Mi297,2,CHANGED FROM SQUARE MITE,Y,N,N,N,N
DEC,2018,TSL,AH5,MARSH,PALPAL,Mi298,1,CHANGED FROM SHRIMP,Y,N,N,N,N
DEC,2018,TSL,AH5,MARSH,BLUE MITE,Mi299,8,,Y,N,N,N,N
DEC,2018,TSL,AH5,MARSH,CHIRON,Mi300,9,,Y,N,N,N,N
DEC,2018,TSL,AH5,MARSH,GERRID,Mi301,1,,Y,N,N,N,N
DEC,2018,TSL,AH5,MARSH,EPHEME,Mi302,3,,Y,N,N,N,N
DEC,2018,TSL,AH5,MARSH,BELSPP,Mi303,1,,Y,N,N,N,N
DEC,2018,TSL,AH5,MARSH,AMPHIPOD,Mi304,74,,Y,Y,Y,Y,N
DEC,2018,TSL,AH5,MARSH,ODONATA,Mi305,2,,Y,N,N,N,N
DEC,2018,SRS,BJB,POND,BLUE MITE,Mi306,3,,Y,N,N,N,N
DEC,2018,SRS,BJB,POND,CLADOCERA,Mi307,92,,Y,N,N,N,N
DEC,2018,SRS,BJB,POND,CHIRON,Mi308,2,IN CACOON,Y,N,N,N,N
DEC,2018,SRS,BJB,POND,OSTRACOD,Mi309,91,,Y,Y,Y,Y,N
DEC,2018,SRS,BJB,POND,COPEPOD,Mi310,105,,Y,Y,Y,Y,N
DEC,2018,TSL,AH3,POND,DIPTERA,Mi311,1,,Y,N,N,N,N
DEC,2018,TSL,AH3,POND,ODONATA,Mi312,1,,Y,N,N,N,N
DEC,2018,TSL,AH3,POND,ROUND WORM,Mi313,1,,Y,N,N,N,N
DEC,2018,TSL,AH3,POND,BLUE MITE,Mi314,15,,Y,N,N,N,N
DEC,2018,TSL,AH3,POND,AMPHIPOD,Mi315,8,,Y,N,N,N,N
DEC,2018,TSL,AH3,POND,COPEPOD,Mi316,4,,Y,N,N,N,N
DEC,2018,TSL,AH3,POND,OSTRACOD,Mi317**,144,**SAME AS Mi317,Y,Y,Y,Y,N
DEC,2018,TSL,AH3,POND,OSTRACOD,Mi318**,,**SAME AS Mi317,Y,Y,Y,Y,N
DEC,2018,TSL,AH3,POND,OSTRACOD,Mi319**,,**SAME AS Mi317,Y,Y,Y,Y,N
DEC,2018,TSL,AH3,POND,OSTRACOD,Mi320**,,**SAME AS Mi317,Y,Y,Y,Y,N
DEC,2018,TSL,AH3,POND,OSTRACOD,Mi321**,,**SAME AS Mi317,Y,Y,Y,Y,N
DEC,2018,TSL,AH3,POND,OSTRACOD,Mi322**,,**SAME AS Mi317,Y,Y,Y,Y,N
DEC,2018,TSL,AH3,POND,OSTRACOD,Mi323**,,**SAME AS Mi317,Y,Y,Y,Y,N
DEC,2018,TSL,AH3,POND,OSTRACOD,Mi324**,,**SAME AS Mi317,Y,Y,Y,Y,N
DEC,2018,SRS,AH11,POND,EPHEME,Mi325,1,,Y,N,N,N,N
DEC,2018,SRS,AH11,POND,AMPHIPOD,Mi326,2,,Y,N,N,N,N
DEC,2018,SRS,AH11,POND,OSTRACOD,Mi327,27,,Y,N,N,N,N
DEC,2018,SRS,AH11,POND,COPEPOD,Mi328,4,,Y,N,N,N,N
DEC,2018,SRS,AHWG16,MARSH,COPEPOD,Mi329,57,,Y,Y,Y,Y,N
DEC,2018,SRS,AHWG16,MARSH,EPHEME,Mi330,17,,Y,Y,Y,Y,N
DEC,2018,SRS,AHWG16,MARSH,BLUE MITE,Mi331,23,,Y,N,N,N,N
DEC,2018,SRS,AHWG16,MARSH,DIPTERA,Mi332,1,,Y,Y,Y,Y,N
DEC,2018,SRS,AHWG16,MARSH,CHIRON,Mi333,29,,Y,N,N,N,N
DEC,2018,SRS,AHWG16,MARSH,OSTRACOD,Mi334,18,,Y,N,N,N,N
DEC,2018,SRS,AHWG16,MARSH,ODONATA,Mi335,4,,Y,N,N,N,N
DEC,2018,SRS,AHWG16,MARSH,CLADOCERA,Mi336,12,,Y,N,N,N,N
DEC,2018,SRS,AHWG16,MARSH,AMPHIPOD,Mi337,34,,Y,Y,Y,Y,N
DEC,2018,SRS,CATB,MARSH,AMPHIPOD,Mi338,30,,Y,Y,Y,Y,N
DEC,2018,SRS,CATB,MARSH,ROUND WORM,Mi339,6,CHANGED FROM NEMATODE,Y,N,N,N,N
DEC,2018,SRS,CATB,MARSH,BLUE MITE,Mi340,11,,Y,N,N,N,N
DEC,2018,SRS,CATB,MARSH,OSTRACOD,Mi341,26,,Y,N,N,N,N
DEC,2018,SRS,CATB,MARSH,COPEPOD,Mi342**,44,**SAME AS Mi342,Y,Y,Y,Y,N
DEC,2018,SRS,CATB,MARSH,COPEPOD,Mi343**,,**SAME AS Mi342,Y,Y,Y,Y,N
DEC,2018,SRS,CATB,MARSH,COPEPOD,Mi344**,,**SAME AS Mi342,Y,Y,Y,Y,N
DEC,2018,SRS,CATB,MARSH,HIRO,Mi345,1,,Y,N,N,N,N
DEC,2018,SRS,CATB,MARSH,EPHEME,Mi346,7,LARVAL,Y,N,N,N,N
DEC,2018,SRS,CATB,MARSH,CLADOCERA,Mi347**,18,**SAME AS Mi347,Y,N,N,N,N
DEC,2018,SRS,CATB,MARSH,CLADOCERA,Mi348**,,**SAME AS Mi347,Y,N,N,N,N
DEC,2018,SRS,AH13,MARSH,CHIRON,Mi349,6,,Y,N,N,N,N
DEC,2018,SRS,AH13,MARSH,EPHEME,Mi350,1,LARVAL,Y,N,N,N,N
DEC,2018,SRS,AH13,MARSH,AMPHIPOD,Mi351,1,,Y,N,N,N,N
DEC,2018,SRS,AH13,MARSH,BLUE MITE,Mi352,2,,Y,N,N,N,N
DEC,2018,SRS,AH13,MARSH,CLADOCERA,Mi353,1,,Y,N,N,N,N
DEC,2018,SRS,AH13,MARSH,OSTRACOD,Mi354,3,,Y,N,N,N,N
DEC,2018,SRS,AH13,MARSH,COPEPOD,Mi355,3,,Y,N,N,N,N
DEC,2018,SRS,BJB,MARSH,COPEPOD,Mi356,4,,Y,N,N,N,N
DEC,2018,SRS,BJB,MARSH,CHIRON,Mi357,16,,Y,N,N,N,N
DEC,2018,SRS,BJB,MARSH,OSTRACOD,Mi358,4,,Y,N,N,N,N
DEC,2018,SRS,BJB,MARSH,BLUE MITE,Mi359,1,,Y,N,N,N,N
DEC,2018,SRS,BJB,MARSH,COENAG,Mi360,1,CHANGED FROM EPHEME,Y,N,N,N,N
DEC,2018,SRS,BJB,MARSH,AMPHIPOD,Mi361,30,,Y,Y,Y,Y,N
DEC,2018,SRS,BJB,MARSH,CLADOCERA,Mi362,4,,Y,N,N,N,N
DEC,2018,SRS,AH11,MARSH,CLADOCERA,Mi363,4,,Y,N,N,N,N
DEC,2018,SRS,AH11,MARSH,AMPHIPOD,Mi364,20,,Y,Y,Y,Y,N
DEC,2018,SRS,AH11,MARSH,EPHEME,Mi365,4,,Y,N,N,N,N
DEC,2018,SRS,AH11,MARSH,CHIRON,Mi366,11,,Y,N,N,N,N
DEC,2018,SRS,AH11,MARSH,OSTRACOD,Mi367,11,,Y,N,N,N,N
DEC,2018,SRS,AH11,MARSH,COPEPOD,Mi368,21,,Y,N,N,N,N
DEC,2018,SRS,AH11,MARSH,BLUE MITE,Mi369,3,,Y,N,N,N,N
DEC,2018,SRS,AHWG16,NEAR POND,OSTRACOD,Mi370**,123,**SAME AS Mi370,Y,Y,Y,Y,N
DEC,2018,SRS,AHWG16,NEAR POND,OSTRACOD,Mi371**,,**SAME AS Mi370,Y,Y,Y,Y,N
DEC,2018,SRS,AHWG16,NEAR POND,OSTRACOD,Mi372**,,**SAME AS Mi370,Y,Y,Y,Y,N
DEC,2018,SRS,AH13,POND,SNAIL,Mi373,1,,Y,N,N,N,N
DEC,2018,SRS,AH13,POND,CHIRON,Mi374,5,,Y,N,N,N,N
DEC,2018,SRS,AH13,POND,BLUE MITE,Mi375,18,,Y,N,N,N,N
DEC,2018,SRS,AH13,POND,OSTRACOD,Mi376,10,,Y,N,N,N,N
DEC,2018,SRS,AH13,POND,EPHEME,Mi377,1,LARVAL,Y,N,N,N,N
DEC,2018,SRS,AH13,POND,CLADOCERA,Mi378,7,,Y,N,N,N,N
DEC,2018,SRS,AH13,POND,COPEPOD,Mi379**,32,**SAME AS Mi379,Y,Y,Y,Y,N
DEC,2018,SRS,AH13,POND,COPEPOD,Mi380**,,**SAME AS Mi379,Y,Y,Y,Y,N
DEC,2018,TSL,AH9,POND,EPHEME,Mi381,1,,Y,N,N,N,N
DEC,2018,TSL,AH9,POND,OSTRACOD,Mi382**,206,**SAME AS Mi382,Y,Y,Y,Y,N
DEC,2018,TSL,AH9,POND,OSTRACOD,Mi383**,,**SAME AS Mi382,Y,Y,Y,Y,N
DEC,2018,TSL,AH9,POND,OSTRACOD,Mi384**,,**SAME AS Mi382,Y,Y,Y,Y,N
DEC,2018,TSL,AH9,POND,OSTRACOD,Mi385**,,**SAME AS Mi382,Y,Y,Y,Y,N
DEC,2018,TSL,AH9,POND,AMPHIPOD,Mi386,13,,Y,N,N,N,N
DEC,2018,TSL,AH9,POND,CLADOCERA,Mi387,1,,Y,N,N,N,N
DEC,2018,TSL,AH9,POND,COPEPOD,Mi388,34,,Y,Y,Y,Y,N
DEC,2018,TSL,AH9,POND,BLUE MITE,Mi389**,115,**SAME AS Mi389,Y,Y,Y,Y,N
DEC,2018,TSL,AH9,POND,BLUE MITE,Mi390**,,**SAME AS Mi389,Y,Y,Y,Y,N
DEC,2018,TSL,AH9,POND,BLUE MITE,Mi391**,,**SAME AS Mi389,Y,Y,Y,Y,N
DEC,2018,SRS,AH11,NEAR POND,DIPUP,Mi392,1,,Y,N,N,N,N
DEC,2018,SRS,AH11,NEAR POND,BLUE MITE,Mi393,7,,Y,N,N,N,N
DEC,2018,SRS,AH11,NEAR POND,NAIAD,Mi394,2,,Y,N,N,N,N
DEC,2018,SRS,AH11,NEAR POND,CHIRON,Mi395,15,,Y,N,N,N,N
DEC,2018,SRS,AH11,NEAR POND,COPEPOD,Mi396,7,,Y,N,N,N,N
DEC,2018,SRS,AH11,NEAR POND,OLIGOCHAETE,Mi397,0,,Y,N,N,N,N
DEC,2018,SRS,CATB,NEAR POND,OSTRACOD,Mi398**,9,**SAME AS Mi398,Y,N,N,N,N
DEC,2018,SRS,CATB,NEAR POND,OSTRACOD,Mi399**,,**SAME AS Mi398,Y,N,N,N,N
DEC,2018,SRS,CATB,NEAR POND,COPEPOD,Mi400,33,,Y,Y,Y,Y,N
DEC,2018,SRS,CATB,NEAR POND,CHIRON,Mi401,1,,Y,N,N,N,N
DEC,2018,SRS,CATB,NEAR POND,NEMATODE,Mi402,1,,Y,N,N,N,N
DEC,2018,SRS,CATB,NEAR POND,EPHEME,Mi403,1,,Y,N,N,N,N
DEC,2018,SRS,CATB,NEAR POND,BLUE MITE,Mi404,3,,Y,N,N,N,N
DEC,2018,SRS,CATB,POND,COPEPOD,Mi405**,33,**SAME AS Mi405,Y,Y,Y,Y,N
DEC,2018,SRS,CATB,POND,COPEPOD,Mi406**,,**SAME AS Mi405,Y,Y,Y,Y,N
DEC,2018,SRS,CATB,POND,COPEPOD,Mi407**,,**SAME AS Mi405,Y,Y,Y,Y,N
DEC,2018,SRS,AH11,NEAR POND,EPHEME,Mi408,3,LARVAL,Y,N,N,N,N
DEC,2018,SRS,AH11,NEAR POND,ROUND WORM,Mi409,1,,Y,N,N,N,N
DEC,2018,SRS,AH11,NEAR POND,AMPHIPOD,Mi410,17,,Y,Y,Y,Y,N
DEC,2018,SRS,AH11,NEAR POND,CLADOCERA,Mi411,7,,Y,N,N,N,N
DEC,2018,SRS,AH11,NEAR POND,OSTRACOD,Mi412,4,,Y,N,N,N,N
DEC,2018,SRS,CATB,NEAR POND,AMPHIPOD,Mi413,2,,Y,N,N,N,N
DEC,2018,SRS,CATB,POND,COPEPOD,Mi414**,102,**SAME AS Mi414,Y,Y,Y,Y,N
DEC,2018,SRS,CATB,POND,COPEPOD,Mi415**,,**SAME AS Mi414,Y,Y,Y,Y,N
DEC,2018,SRS,CATB,POND,AMPHIPOD,Mi416,1,,Y,N,N,N,N
DEC,2018,SRS,CATB,POND,OSTRACOD,Mi417,5,,Y,N,N,N,N
DEC,2018,SRS,CATB,POND,CLADOCERA,Mi418,2,,Y,N,N,N,N
DEC,2018,SRS,AHWG16,NEAR POND,BLUE MITE,Mi419,11,,Y,N,N,N,N
DEC,2018,SRS,AHWG16,NEAR POND,FLATWORM,Mi420,1,,Y,N,N,N,N
DEC,2018,SRS,AHWG16,NEAR POND,CHIRON,Mi421,34,,Y,N,N,N,N
DEC,2018,SRS,AHWG16,NEAR POND,EPHEME,Mi422,2,LARGE,Y,Y,Y,Y,N
DEC,2018,SRS,AHWG16,NEAR POND,AMPHIPOD,Mi423,13,,Y,N,N,N,N
DEC,2018,SRS,AHWG16,NEAR POND,EPHEME,Mi424,4,LARVAL,Y,N,N,N,N
DEC,2018,SRS,AHWG16,NEAR POND,ROUND WORM,Mi425,2,,Y,N,N,N,N
DEC,2018,SRS,AHWG16,NEAR POND,COPEPOD,Mi426,11,,Y,N,N,N,N
DEC,2018,SRS,AHWG16,NEAR POND,OSTRACOD,Mi427**,123,**SAME AS Mi427,Y,Y,Y,Y,N
DEC,2018,SRS,AHWG16,NEAR POND,OSTRACOD,Mi428**,,**SAME AS Mi427,Y,Y,Y,Y,N
DEC,2018,SRS,AHWG16,POND,`,Mi429,1,LARGE,Y,N,N,N,N
DEC,2018,SRS,AHWG16,POND,COPEPOD,Mi430,13,,Y,N,N,N,N
DEC,2018,SRS,AHWG16,POND,CHIRON,Mi431,2,,Y,N,N,N,N
DEC,2018,SRS,AHWG16,POND,CLADOCERA,Mi432,2,,Y,N,N,N,N
DEC,2018,SRS,AHWG16,POND,OSTRACOD,Mi433,18,,Y,N,N,N,N
DEC,2018,SRS,AHWG16,POND,PALPAL,Mi434,1,CHANGED FROM TAPLOU,Y,N,N,N,N
DEC,2018,SRS,AHWG16,POND,BLUE MITE,Mi435,17,,Y,N,N,N,N
DEC,2018,SRS,AHWG16,POND,AMPHIPOD,Mi436,5,,Y,N,N,N,N
DEC,2018,SRS,AH13,NEAR POND,EPHEME,Mi437,1,LARGE,Y,N,N,N,N
DEC,2018,SRS,AH13,NEAR POND,RED MITE,Mi438,1,,Y,N,N,N,N
DEC,2018,SRS,AH13,NEAR POND,TICK MITE,Mi439,2,,Y,N,N,N,N
DEC,2018,SRS,AH13,NEAR POND,DIPTERA,Mi440,1,,Y,N,N,N,N
DEC,2018,SRS,AH13,NEAR POND,AMPHIPOD,Mi441,4,,Y,N,N,N,N
DEC,2018,SRS,AH13,NEAR POND,CLADOCERA,Mi442,5,,Y,N,N,N,N
DEC,2018,SRS,AH13,NEAR POND,CHIRON,Mi443,8,,Y,N,N,N,N
DEC,2018,SRS,AH13,NEAR POND,BLUE MITE,Mi444,18,,Y,N,N,N,N
DEC,2018,SRS,AH13,NEAR POND,EPHEME,Mi445,1,LARVAL,Y,N,N,N,N
DEC,2018,SRS,AH13,NEAR POND,OSTRACOD,Mi446,12,,Y,N,N,N,N
DEC,2018,SRS,AH13,NEAR POND,COPEPOD,Mi447,23,,Y,N,N,N,N
DEC,2018,TSL,AHMDB,NEAR POND,CHIRON,Mi448,9,,Y,N,N,N,N
DEC,2018,TSL,AHMDB,NEAR POND,OSTRACOD,Mi449**,58,**SAME AS Mi449,Y,Y,Y,Y,N
DEC,2018,TSL,AHMDB,NEAR POND,OSTRACOD,Mi450**,,**SAME AS Mi449,Y,Y,Y,Y,N
DEC,2018,TSL,AHMDB,NEAR POND,EPHEME,Mi451,4,,Y,N,N,N,N
DEC,2018,TSL,AHMDB,NEAR POND,COENAG,Mi452,1,,Y,N,N,N,N
DEC,2018,TSL,AHMDB,NEAR POND,BLUE MITE,Mi453**,36,**SAME AS Mi553,Y,Y,Y,Y,N
DEC,2018,TSL,AHMDB,NEAR POND,BLUE MITE,Mi454**,,**SAME AS Mi553,Y,Y,Y,Y,N
DEC,2018,TSL,AHMDB,NEAR POND,ROUND WORM,Mi455,1,,Y,N,N,N,N
DEC,2018,TSL,AHMDB,NEAR POND,AMPHIPOD,Mi456**,79,**SAME AS Mi456,Y,Y,Y,Y,N
DEC,2018,TSL,AHMDB,NEAR POND,AMPHIPOD,Mi457**,,**SAME AS Mi456,Y,Y,Y,Y,N
DEC,2018,TSL,AHMDB,NEAR POND,CLADOCERA,Mi458**,51,**SAME AS Mi458,Y,Y,Y,Y,N
DEC,2018,TSL,AHMDB,NEAR POND,CLADOCERA,Mi459**,,**SAME AS Mi458,Y,Y,Y,Y,N
DEC,2018,TSL,AHMDB,NEAR POND,HAISPP,Mi460,1,,Y,N,N,N,N
DEC,2018,TSL,AHMDB,NEAR POND,GERRID,Mi461,1,,Y,N,N,N,N
DEC,2018,TSL,AHMDB,NEAR POND,PALPAL,Mi462,1,,Y,N,N,N,N
DEC,2018,TSL,AHMDB,NEAR POND,CHIRON,Mi463,9,,Y,N,N,N,N
DEC,2018,TSL,AHMDB,NEAR POND,COPEPOD,Mi464**,128,,Y,Y,Y,Y,N
DEC,2018,TSL,AHMDB,NEAR POND,COPEPOD,Mi465**,,,Y,Y,Y,Y,N
DEC,2018,TSL,AH2,NEAR POND,ORANGE MITE,Mi466,1,,Y,N,N,N,N
DEC,2018,TSL,AH2,NEAR POND,BROWN MITE,Mi467,1,,Y,N,N,N,N
DEC,2018,TSL,AH2,NEAR POND,BLUE MITE,Mi468,8,,Y,N,N,N,N
DEC,2018,TSL,AH2,NEAR POND,LONG ARMED BUG,Mi469,1,,Y,N,N,N,N
DEC,2018,TSL,AH2,NEAR POND,OSTRACOD,Mi470,27,,Y,N,N,N,N
DEC,2018,TSL,AH2,NEAR POND,COPEPOD,Mi471,58,,Y,Y,Y,Y,N
DEC,2018,TSL,AH2,NEAR POND,PLASCA,Mi472,1,CHANGED FROM MACDIL,Y,N,N,N,N
DEC,2018,TSL,AH2,NEAR POND,CLADOCERA,Mi473,15,,Y,N,N,N,N
DEC,2018,TSL,AH2,NEAR POND,HAISPP,Mi474,1,,Y,N,N,N,N
DEC,2018,TSL,AH2,NEAR POND,MELTUB,Mi475,1,,Y,N,N,N,N
DEC,2018,TSL,AH2,NEAR POND,AMPHIPOD,Mi476,23,,Y,N,N,N,N
DEC,2018,TSL,AH2,NEAR POND,EPHEME,Mi477,1,LARVAL,Y,N,N,N,N
DEC,2018,TSL,AH2,POND,ROUND WORM,Mi478,1,,Y,N,N,N,N
DEC,2018,TSL,AH2,POND,EPHEME,Mi479,2,,Y,N,N,N,N
DEC,2018,TSL,AH2,POND,MELTUB,Mi480,1,,Y,N,N,N,N
DEC,2018,TSL,AH2,POND,AMPHIPOD,Mi481,4,,Y,N,N,N,N
DEC,2018,TSL,AH2,POND,BLUE MITE,Mi482,13,,Y,N,N,N,N
DEC,2018,TSL,AH2,POND,HAISPP,Mi483,2,,Y,N,N,N,N
DEC,2018,TSL,AH2,POND,YELLOW MITE,Mi484,15,,Y,N,N,N,N
DEC,2018,TSL,AH2,POND,OSTRACOD,Mi485,34,,Y,Y,Y,Y,N
DEC,2018,TSL,AH2,POND,COPEPOD,Mi486,122,,Y,Y,Y,Y,N
DEC,2018,TSL,AH2,POND,CLADOCERA,Mi487,10,,Y,N,N,N,N
