Date,Year,Slough,Site,Habitat,Species,ID,Freezer?,Tube Weight,Total Mass,Comments,Processed,-80 Freezer,Freeze Drier,Dried,Crushed,Isotope,Decarb,Entered By,Checked By
12/12/2018,2018,TSL,AHMDB,MARSH,Algae Ball,AB09,N,,,TT1,Y,Y,Y,Y,Y,N,N,SS,
11/16/2018,2018,SRS,AH11,CATB,Algae Ball,AB01,N,,,AB 02 MISSING,Y,Y,Y,Y,Y,N,N,SS,
4/26/2019,2019,TSL,AH3,MARSH,Algae Ball,AB03,N,,,,Y,Y,Y,Y,Y,N,N,SS,
4/26/2019,2019,TSL,AHMDB,POND,ALGAE BALL,AB04,N,,,DISCARDED,Y,Y,Y,Y,Y,N,N,SS,
12/10/2018,2018,TSL,AH5,POND,Algae Ball,AB05,N,,,,Y,Y,Y,Y,Y,N,N,SS,
11/19/2018,2018,SRS,AH13,POND,Algae Ball,AB06,N,,,AB 07 MISSING,Y,Y,Y,Y,Y,N,N,SS,
12/10/2018,2018,TSL,AH5,POND,Algae Ball,AB08,N,,,,Y,Y,Y,Y,Y,N,N,SS,
12/12/2018,2018,TSL,AHMDB,NEAR POND,Algae Ball,AB10,N,,,TT1,Y,Y,Y,Y,Y,N,N,SS,
12/12/2018,2018,TSL,AHMDB,NEAR POND,Algae Ball,AB11,N,,,TT2,Y,Y,Y,Y,Y,N,N,SS,
12/12/2018,2018,TSL,AHMDB,POND,Algae Ball,AB12,N,,,TT3,Y,Y,Y,Y,Y,N,N,SS,
12/12/2018,2018,TSL,AHMDB,POND,Algae Ball,AB13,N,,,TT2,Y,Y,Y,Y,Y,N,N,SS,
12/12/2018,2018,TSL,AHMDB,POND,Algae Ball,AB14,N,,,,Y,Y,Y,Y,Y,N,N,SS,
12/13/2018,2018,SRS,AH13,POND-T1,Algae Ball,AB15,N,,,,Y,Y,Y,Y,Y,N,N,SS,
12/13/2018,2018,SRS,AHWG16,POND-T2,Algae Ball,AB16,Y,,,,Y,N,N,N,N,N,N,SS,
12/13/2018,2018,SRS,AHWG16,MARSH-T3,Algae Ball,AB17,Y,,,,Y,N,N,N,N,N,N,,
12/13/2018,2018,SRS,AHWG16,NEAR POND-T1,Algae Ball,AB18,Y,,,,Y,N,N,N,N,N,N,,
12/13/2018,2018,SRS,AHWG16,NEAR POND-T2,Algae Ball,AB19,Y,,,,Y,N,N,N,N,N,N,,
2018,2018,SRS,BJB,POND-T2,Algae Ball,AB20,Y,,,,Y,N,N,N,N,N,N,,
2019,2019,SRS,AH13,POND-T1,Algae Ball,AB21,Y,,,,Y,N,N,N,N,N,N,,
2019,2019,SRS,AH13,POND-T2,Algae Ball,AB22,Y,,,IN LARGE TUBE,Y,N,N,N,N,N,N,,
2019,2019,SRS,AH13,POND-T3,Algae Ball,AB23,Y,,,,Y,N,N,N,N,N,N,,
3/13/2019,2019,SRS,AH11,POND-T1,Algae Ball,AB24,Y,,,,Y,N,N,N,N,N,N,,
3/13/2019,2019,SRS,AH11,POND-MT,Algae Ball,AB25,Y,,,,Y,N,N,N,N,N,N,,
3/18/2019,2019,SRS,LJB,POND-T1,Algae Ball,AB26,,,,,,,,,,,,,
3/18/2019,2019,SRS,LJB,POND-T2,Algae Ball,AB27,,,,,,,,,,,,,
3/18/2019,2019,SRS,LJB,POND-T3,Algae Ball,AB28,,,,,,,,,,,,,
12/11/2018,2018,TSL,AHMDB,NEAR POND,FLOC,F01,,6.588,11.16,,Y,Y,Y,Y,Y,N,N,SS,VG
12/11/2018,2018,TSL,AHMDB,POND,FLOC,F02,,6.403,11.332,,Y,Y,Y,Y,Y,N,N,SS,VG
12/11/2018,2018,TSL,AHMDB,MARSH,FLOC,F03,,6.773,10.873,,Y,Y,Y,Y,Y,N,N,SS,VG
12/7/2018,2018,TSL,AH2,POND,FLOC,F04,,6.609,9.825,,Y,Y,Y,Y,Y,N,N,SS,VG
12/7/2018,2018,TSL,AH2,NEAR POND,FLOC,F05,,6.755,10.274,,Y,Y,Y,Y,Y,N,N,SS,VG
12/7/2018,2018,TSL,AH2,MARSH,FLOC,F06,,6.688,10.086,,Y,Y,Y,Y,Y,N,N,SS,VG
12/10/2018,2018,TSL,AH3,POND,FLOC,F07,,6.416,10.598,,Y,Y,Y,Y,Y,N,N,SS,VG
12/10/2018,2018,TSL,AH3,MARSH,FLOC,F08,,6.673,9.411,,Y,Y,Y,Y,Y,N,N,SS,VG
12/10/2018,2018,TSL,AH3,NEAR POND,FLOC,F09,,6.725,10.056,,Y,Y,Y,Y,Y,N,N,SS,VG
12/13/2018,2018,SRS,AHWG16,SAWGRASS MARSH,FLOC,F10,,6.608,10.248,,Y,Y,Y,Y,Y,N,N,SS,VG
12/13/2018,2018,SRS,AHWG16,POND,FLOC,F11,,6.679,10.757,,Y,Y,Y,Y,Y,N,N,SS,VG
12/13/2018,2018,SRS,AHWG16,MARSH,FLOC,F12,,6.821,10.904,,Y,Y,Y,Y,Y,N,N,SS,VG
10/26/2018,2018,SRS,LJB,NEAR POND,FLOC,F13,,6.585,10.804,,Y,Y,Y,Y,Y,N,N,SS,VG
10/26/2018,2018,SRS,LJB,MARSH,FLOC,F14,,6.639,11.192,,Y,Y,Y,Y,Y,N,N,SS,VG
10/26/2018,2018,SRS,LJB,POND,FLOC,F15,,6.659,10.306,,Y,Y,Y,Y,Y,N,N,SS,VG
11/9/2018,2018,SRS,CATPONDB,NEAR POND,FLOC,F16,,6.816,10.462,,Y,Y,Y,Y,Y,N,N,SS,VG
11/9/2018,2018,SRS,CATPONDB,POND,FLOC,F17,,6.606,10.155,,Y,Y,Y,Y,Y,N,N,SS,VG
11/9/2018,2018,SRS,CATPONDB,MARSH,FLOC,F18,,6.753,8.815,,Y,Y,Y,Y,Y,N,N,SS,VG
11/9/2018,2018,SRS,BJB,POND TRAIL,FLOC,F19,,6.418,7.678,,Y,Y,Y,Y,Y,N,N,SS,VG
11/9/2018,2018,SRS,BJB,POND,FLOC,F20,,6.419,10.29,,Y,Y,Y,Y,Y,N,N,SS,VG
11/9/2018,2018,SRS,BJB,NEAR POND,FLOC,F21,,6.822,10.624,,Y,Y,Y,Y,Y,N,N,SS,VG
12/10/2018,2018,TSL,AH5,NEAR POND,FLOC,F22,,6.574,9.194,,Y,Y,Y,Y,Y,N,N,SS,VG
12/10/2018,2018,TSL,AH5,POND,FLOC,F23,,6.806,9.552,,Y,Y,Y,Y,Y,N,N,SS,VG
12/10/2018,2018,TSL,AH5,MARSH,FLOC,F24,,6.42,9.873,,Y,Y,Y,Y,Y,N,N,SS,VG
12/3/2018,2018,TSL,AH9,MARSH,FLOC,F25,,6.768,10.723,,Y,Y,Y,Y,Y,N,N,SS,VG
12/3/2018,2018,TSL,AH9,NEAR POND,FLOC,F26,,6.77,9.532,,Y,Y,Y,Y,Y,N,N,SS,VG
12/3/2018,2018,TSL,AH9,POND,FLOC,F27,,6.76,10.791,,Y,Y,Y,Y,Y,N,N,SS,VG
11/16/2018,2018,SRS,AH13,MARSH,FLOC,F28,,6.56,9.607,,Y,Y,Y,Y,Y,N,N,SS,VG
11/16/2018,2018,SRS,AH13,POND,FLOC,F29,,6.735,8.912,,Y,Y,Y,Y,Y,N,N,SS,VG
11/16/2018,2018,SRS,AH13,NEAR POND,FLOC,F30,,6.771,10.264,,Y,Y,Y,Y,Y,N,N,SS,VG
11/16/2018,2018,SRS,AH11,POND,FLOC,F31,,6.847,9.6,,Y,Y,Y,Y,Y,N,N,SS,VG
11/16/2018,2018,SRS,AH11,NEAR POND,FLOC,F32,,6.788,8.789,,Y,Y,Y,Y,Y,N,N,SS,VG
11/16/2018,2018,SRS,AH11,MARSH,FLOC,F33,,6.549,8.625,,Y,Y,Y,Y,Y,N,N,SS,VG
11/15/2018,2018,SRS,CATPONDB,MARSH,FLOC,F34,,,,,Y,Y,Y,Y,Y,N,N,SS,VG
12/13/2018,2018,SRS,AHWG16,NEAR POND,FLOC,F35,,,,,Y,Y,Y,Y,Y,N,N,SS,VG
3/18/2019,2019,SRS,LJB,MARSH,FLOC,F36,Y,,,,Y,Y,Y,Y,Y,N,N,SS,
3/15/2019,2019,SRS,AH13,MARSH,FLOC,F37,Y,,,,Y,Y,Y,Y,Y,N,N,SS,
4/29/2019,2019,TSL,AH2,MARSH,FLOC,F38,Y,,,,Y,Y,Y,Y,Y,N,N,SS,
3/15/2019,2019,SRS,CATPONDB,MARSH,FLOC,F39,Y,,,,Y,Y,Y,Y,Y,N,N,SS,
4/29/2019,2019,TSL,AH5,MARSH,FLOC,F40,Y,,,,Y,Y,Y,Y,Y,N,N,SS,
4/26/2019,2019,TSL,AH3,MARSH,FLOC,F41,Y,,,,Y,Y,Y,Y,Y,N,N,SS,
4/30/2019,2019,TSL,AHMDB,POND,FLOC,F42,N,,,,Y,Y,Y,Y,Y,N,N,SS,
4/30/2019,2019,TSL,AH3,MARSH,FLOC,F43,N,,,,Y,Y,Y,Y,Y,N,N,SS,
4/30/2019,2019,TSL,AHMDB,MARSH,FLOC,F44,N,,,,Y,Y,Y,Y,Y,N,N,SS,
4/30/2019,2019,TSL,AH2,POND,FLOC,F45,N,,,,Y,Y,Y,Y,Y,N,N,SS,
4/30/2019,2019,TSL,AH3,POND,FLOC,F46,N,,,,Y,Y,Y,Y,Y,N,N,SS,
3/14/2019,2019,SRS,AHWG16,MARSH,FLOC,F47,Y,,,,Y,Y,Y,Y,Y,N,N,SS,
3/15/2019,2019,SRS,AH13,POND,FLOC,F48,N,,,,Y,Y,Y,Y,Y,N,N,SS,
3/15/2019,2019,SRS,CATB,POND,FLOC,F49,Y,,,,Y,Y,Y,Y,Y,N,N,SS,
3/15/2019,2019,SRS,AH13,NEAR POND,FLOC,F50,Y,,,,Y,Y,Y,Y,Y,N,N,SS,
3/15/2019,2019,SRS,CATB,NEAR POND,FLOC,F51,Y,,,,Y,Y,Y,Y,Y,N,N,SS,
3/15/2019,2019,SRS,CATB,POND,FLOC,F52,Y,,,,Y,Y,Y,Y,Y,N,N,SS,
4/30/2019,2019,TSL,AH2,MARSH,FLOC,F53,Y,,,,Y,Y,Y,Y,Y,N,N,SS,
4/30/2019,2019,TSL,AH9,POND,FLOC,F54,N,,,,Y,Y,Y,Y,Y,N,N,SS,
3/18/2019,2019,SRS,LJB,NEAR POND,FLOC,F55,N,,,,Y,Y,Y,Y,Y,N,N,SS,
3/13/2019,2019,SRS,AH11,MARSH,FLOC,F56,Y,,,,Y,Y,Y,Y,Y,N,N,SS,
3/18/2019,2019,SRS,LJB,MARSH,FLOC,F57,Y,,,,Y,Y,Y,Y,Y,N,N,SS,
3/13/2019,2019,SRS,AH11,NEAR POND,FLOC,F58,Y,,,,Y,Y,Y,Y,Y,N,N,SS,
3/18/2019,2019,SRS,LJB,POND,FLOC,F59,Y,,,,Y,Y,Y,Y,Y,N,N,SS,
3/13/2019,2019,SRS,AH11,POND,FLOC,F60,Y,,,,Y,Y,Y,Y,Y,N,N,SS,
3/14/2019,2019,SRS,AHWG16,NEAR POND,FLOC,F61,Y,,,,Y,Y,Y,Y,Y,N,N,SS,
10/26/2018,2018,SRS,LJB,POND,TYPHA C,P01,Y,6.387,9.916,,Y,Y,Y,Y,Y,N,N,SS,VG
10/26/2018,2018,SRS,LJB,POND,PONCOR,P02,Y,6.749,11.749,,Y,Y,Y,Y,Y,N,N,SS,VG
10/26/2018,2018,SRS,LJB,POND,ELECEL J,P03,Y,6.61,9.81,,Y,Y,Y,Y,Y,N,N,SS,VG
10/26/2018,2018,SRS,LJB,POND,CLAJAM,P04,Y,6.686,10.578,,Y,Y,Y,Y,Y,N,N,SS,VG
10/26/2018,2018,SRS,LJB,NEAR POND,ELECEL,P05,Y,6.421,8.862,,Y,Y,Y,Y,Y,N,N,SS,VG
10/26/2018,2018,SRS,LJB,MARSH,ELECEL U,P06,Y,6.426,8.905,,Y,Y,Y,Y,Y,N,N,SS,VG
10/26/2018,2018,SRS,LJB,MARSH,SAWGRASS,P07,Y,6.657,10.43,,Y,Y,Y,Y,Y,N,N,SS,VG
12/13/2018,2018,SRS,AHWG16,SAWGRASS MARSH,CLAJAM,P08,Y,6.393,8.833,,Y,Y,Y,Y,Y,N,N,SS,VG
12/13/2018,2018,SRS,AHWG16,MARSH,CLAJAM,P09,Y,6.782,11.01,,Y,Y,Y,Y,Y,N,N,SS,VG
12/13/2018,2018,SRS,AHWG16,MARSH,ELECEL,P10,Y,6.626,8.401,,Y,Y,Y,Y,Y,N,N,SS,VG
12/7/2018,2018,TSL,AH2,POND,PONCOR,P100,Y,5.137,11.024,,Y,Y,Y,Y,Y,N,N,SS,VG
12/7/2018,2018,TSL,AH2,POND,PELVIR,P101,Y,5.143,14.612,,Y,Y,Y,Y,Y,N,N,SS,VG
12/7/2018,2018,TSL,AH2,POND,SAGLAN,P102,N,5.136,12.304,,Y,Y,Y,Y,Y,N,N,SS,VG
12/7/2018,2018,TSL,AH2,E-MARSH,ELECEL,P103,N,5.29,8.242,,Y,Y,Y,Y,Y,N,N,SS,VG
12/7/2018,2018,TSL,AH2,E-MARSH,CLAJAM,P104,Y,5.133,10.783,,Y,Y,Y,Y,Y,N,N,SS,VG
12/7/2018,2018,TSL,AH2,POND,PANHEM,P105,N,5.268,7.422,,Y,Y,Y,Y,Y,N,N,SS,VG
11/16/2018,2018,SRS,AH11,POND,CLAJAM,P106,Y,5.336,9.571,,Y,Y,Y,Y,Y,N,N,SS,VG
11/16/2018,2018,SRS,AH11,POND,PONCOR,P107,Y,5.125,9.632,,Y,Y,Y,Y,Y,N,N,SS,VG
11/16/2018,2018,SRS,AH11,POND,NUPADV,P108,Y,5.218,13.126,,Y,Y,Y,Y,Y,N,N,SS,VG
11/16/2018,2018,SRS,AH11,NEAR POND,CLAJAM,P109,Y,5.076,10.198,,Y,Y,Y,Y,Y,N,N,SS,VG
12/13/2018,2018,SRS,AHWG16,SAWGRASS MARSH,ELECEL,P11,N,6.751,7.726,,Y,Y,Y,Y,Y,N,N,SS,VG
11/16/2018,2018,SRS,AH11,E-MARSH,ELECEL,P110,N,5.148,6.12,,Y,Y,Y,Y,Y,N,N,SS,VG
11/16/2018,2018,SRS,AH11,E-MARSH,CLAJAM,P111,Y,5.124,8.814,,Y,Y,Y,Y,Y,N,N,SS,VG
11/15/2018,2018,SRS,CATPONDB,POND,TYPSPP,P112,Y,5.436,12.65,,Y,Y,Y,Y,Y,N,N,SS,VG
11/15/2018,2018,SRS,CATPONDB,POND,ELECEL,P113,Y,5.284,8.76,,Y,Y,Y,Y,Y,N,N,SS,VG
11/15/2018,2018,SRS,CATPONDB,NEAR POND,SAGLAN,P114,Y,5.494,9.915,,Y,Y,Y,Y,Y,N,N,SS,VG
11/15/2018,2018,SRS,CATPONDB,NEAR POND,TYPSPP,P115,Y,5.365,12.1,,Y,Y,Y,Y,Y,N,N,SS,VG
11/15/2018,2018,SRS,CATPONDB,NEAR POND,PANHEM,P116,N,5.319,9.107,,Y,Y,Y,Y,Y,N,N,SS,VG
11/15/2018,2018,SRS,CATPONDB,NEAR POND,ELECEL,P117,Y,5.123,8.609,,Y,Y,Y,Y,Y,N,N,SS,VG
11/15/2018,2018,SRS,CATPONDB,E-MARSH,PANHEM,P118,N,5.153,8.406,,Y,Y,Y,Y,Y,N,N,SS,VG
11/15/2018,2018,SRS,CATPONDB,E-MARSH,ELECEL,P119,N,5.347,8.383,,Y,Y,Y,Y,Y,N,N,SS,VG
12/13/2018,2018,SRS,AHWG16,MARSH,PANHEM,P12,Y,6.672,8.215,,Y,Y,Y,Y,Y,N,N,SS,VG
11/16/2018,2018,SRS,AH11,MARSH,UTRFOL,P120,Y,5.204,17.383,,Y,Y,Y,Y,Y,N,N,SS,
11/16/2018,2018,SRS,AH11,MARSH,UTRPUR,P121,Y,5.144,19.286,,Y,Y,Y,Y,Y,N,N,SS,
12/11/2018,2018,TSL,AH3,MARSH,UTRFOL,P122,Y,10.269,-,,Y,Y,Y,Y,Y,N,N,SS,
11/15/2018,2018,SRS,CATPONDB,NEAR POND,UTRPUR,P123,Y,10.189,-,,Y,Y,Y,Y,Y,N,N,SS,
11/15/2018,2018,SRS,CATPONDB,NEAR POND,UTRFOL,P124,Y,10.152,-,,Y,Y,Y,Y,Y,N,N,SS,
12/10/2018,2018,TSL,AH5,POND,UTRFOL,P125,Y,5.202,19.396,,Y,Y,Y,Y,Y,N,N,SS,
12/10/2018,2018,TSL,AH5,MARSH,UTRFOL,P126,Y,5.197,19.575,,Y,Y,Y,Y,Y,N,N,SS,
12/7/2018,2018,TSL,AH2,MARSH,UTRFOL,P127,Y,10.266,-,,Y,Y,Y,Y,Y,N,N,SS,
12/7/2018,2018,TSL,AH2,NEAR POND,UTRFOL,P128,Y,10.265,-,,Y,Y,Y,Y,Y,N,N,SS,
12/13/2018,2018,TSL,AHWG16,MARSH,UTRFOL,P129,Y,10.329,-,,Y,Y,Y,Y,Y,N,N,SS,
12/13/2018,2018,SRS,AHWG16,MARSH,BACCAR,P13,N,6.753,11.372,,Y,Y,Y,Y,Y,N,N,SS,VG
12/13/2018,2018,TSL,AHWG16,POND,UTRFOL,P130,Y,10.411,-,,Y,Y,Y,Y,Y,N,N,SS,
12/13/2018,2018,TSL,AHWG16,MARSH,UTRPUR,P131,Y,10.149,-,,Y,Y,Y,Y,Y,N,N,SS,
12/13/2018,2018,TSL,AHWG16,POND,UTRPUR,P132,Y,10.053,-,,Y,Y,Y,Y,Y,N,N,SS,
10/26/2018,2018,SRS,LJB,POND,UTRPUR,P133,Y,10.393,-,,Y,Y,Y,Y,Y,N,N,SS,
10/26/2018,2018,SRS,LJB,NEAR POND,UTRPUR,P134,Y,10.174,-,,Y,Y,Y,Y,Y,N,N,SS,
10/26/2018,2018,SRS,LJB,NEAR POND,UTRFOL,P135,Y,10.413,-,,Y,Y,Y,Y,Y,N,N,SS,
12/12/2018,2018,TSL,AHMBD,POND,UTRFOL,P136,Y,10.192,-,,Y,Y,Y,Y,Y,N,N,SS,
12/12/2018,2018,TSL,AHMBD,MARSH,UTRPUR,P137,Y,10.221,-,,Y,Y,Y,Y,Y,N,N,SS,
12/12/2018,2018,TSL,AHMBD,MARSH,UTRFOL,P138,Y,10.204,-,,Y,Y,Y,Y,Y,N,N,SS,
11/19/2018,2018,SRS,AH13,MARSH,UTRPUR,P139,Y,10.235,-,,Y,Y,Y,Y,Y,N,N,SS,
12/13/2018,2018,SRS,AHWG16,MARSH,ELEELO,P14,N,6.567,8.131,,Y,Y,Y,Y,Y,N,N,SS,VG
11/19/2018,2018,SRS,AH13,MARSH,UTRFOL,P140,Y,5.134,16.947,,Y,Y,Y,Y,Y,N,N,SS,
11/19/2018,2018,SRS,AH13,POND,UTRFOL,P141,Y,5.151,20.222,,Y,Y,Y,Y,Y,N,N,SS,
11/19/2018,2018,SRS,AH13,MARSH,PASGEM,P142,Y,5.207,8.013,,Y,Y,Y,Y,Y,N,N,SS,
3/15/2019,2019,SRS,AH13,MARSH,ELECEL,P143,N,,,,Y,Y,Y,Y,Y,N,N,SS,
3/15/2019,2019,SRS,CATPONDB,MARSH,ELECEL,P144,Y,,,,Y,Y,Y,Y,Y,N,N,SS,
3/15/2019,2019,SRS,AHWG16,MARSH,ELECEL,P145,N,,,,Y,Y,Y,Y,Y,N,N,SS,
4/29/2019,2019,TSL,AH9,MARSH,ELECEL,P146,Y,,,,Y,Y,Y,Y,Y,N,N,SS,
4/29/2019,2019,TSL,AH2,MARSH,ELECEL,P147,Y,,,,Y,Y,Y,Y,Y,N,N,SS,
4/26/2019,2019,TSL,AH3,MARSH,ELECEL,P148,Y,,,,Y,Y,Y,Y,Y,N,N,SS,
4/29/2019,2019,TSL,AH2,MARSH,UTRFOL,P149,Y,,,,Y,Y,Y,Y,Y,N,N,SS,
12/13/2018,2018,SRS,AHWG16,MARSH,NYMAQU,P15,Y,6.688,17.801,,Y,Y,Y,Y,Y,N,N,SS,VG
3/15/2019,2019,SRS,AH13,MARSH,UTRFOL,P150,Y,,,,Y,Y,Y,Y,Y,N,N,SS,
4/26/2019,2019,TSL,AHMDB,MARSH,UTRFOL,P151,Y,,,,Y,Y,Y,Y,Y,N,N,SS,
3/15/2019,2019,SRS,CATB,MARSH,UTRFOL,P152,Y,,,,Y,Y,Y,Y,Y,N,N,SS,
4/26/2019,2019,TSL,AH3,MARSH,UTRFOL,P153,Y,,,,Y,Y,Y,Y,Y,N,N,SS,
3/18/2019,2019,SRS,LJB,MARSH,UTRFOL,P154,Y,,,,Y,Y,Y,Y,Y,N,N,SS,
4/26/2019,2019,TSL,AHMDB,NEAR POND,PONCOR,P155,Y,,,,Y,Y,Y,Y,Y,N,N,SS,
4/29/2019,2019,TSL,AH9,NEAR POND,PONCOR,P156,Y,,,,Y,Y,Y,Y,Y,N,N,SS,
4/29/2019,2019,TSL,AH5,NEAR POND,PONCOR,P157,Y,,,,Y,Y,Y,Y,Y,N,N,SS,
3/15/2019,2019,SRS,AH WG16,NEAR POND,PONCOR,P158,Y,,,,Y,Y,Y,Y,Y,N,N,SS,
3/15/2019,2019,SRS,AH WG16,POND,PONCOR,P159,Y,,,,Y,Y,Y,Y,Y,N,N,SS,
12/13/2018,2018,SRS,AHWG16,MARSH,RYNTRA,P16,Y,6.354,10.171,,Y,Y,Y,Y,Y,N,N,SS,VG
3/15/2019,2019,SRS,AH13,POND,PONCOR,P160,Y,,,,Y,Y,Y,Y,Y,N,N,SS,
3/13/2019,2019,SRS,AH11,NEAR POND,SAGLAN,P161,N,,,,Y,Y,Y,Y,Y,N,N,SS,
3/18/2019,2019,SRS,LJB,NEAR POND,SAGLAN,P162,Y,,,,Y,Y,Y,Y,Y,N,N,SS,
3/15/2019,2019,SRS,CATB,MARSH,SAGLAN,P163,Y,,,,Y,Y,Y,Y,Y,N,N,SS,
4/29/2019,2019,TSL,AH9,MARSH,SAGLAN,P164,Y,,,,Y,Y,Y,Y,Y,N,N,SS,
4/29/2019,2019,TSL,AH5,MARSH,SAGLAN,P165,Y,,,,Y,Y,Y,Y,Y,N,N,SS,
4/26/2019,2019,TSL,AH3,MARSH,SAGLAN,P166,Y,,,,Y,Y,Y,Y,Y,N,N,SS,
3/13/2019,2019,SRS,AH11,MARSH,CLAJAM,P167,Y,,,,Y,Y,Y,Y,Y,N,N,SS,
3/15/2019,2019,SRS,AH13,POND,CLAJAM,P168,Y,,,,Y,Y,Y,Y,Y,N,N,SS,
3/15/2019,2019,SRS,AH WG16,POND,CLAJAM,P169,Y,,,,Y,Y,Y,Y,Y,N,N,SS,
12/13/2018,2018,SRS,AHWG16,POND,CLAJAM,P17,Y,6.657,9.126,,Y,Y,Y,Y,Y,N,N,SS,VG
4/29/2019,2019,TSL,AH2,NEAR POND,CLAJAM,P170,Y,,,,Y,Y,Y,Y,Y,N,N,SS,
4/29/2019,2019,TSL,AH9,MARSH,CLAJAM,P171,Y,,,,Y,Y,Y,Y,Y,N,N,SS,
4/29/2019,2019,TSL,AH2,MARSH,CLAJAM,P172,Y,,,,Y,Y,Y,Y,Y,N,N,SS,
4/29/2019,2019,TSL,AH5,NEAR POND,PASGEM,P173,Y,,,,Y,Y,Y,Y,Y,N,N,SS,
4/29/2019,2019,TSL,AH5,MARSH,PASGEM,P174,Y,,,,Y,Y,Y,Y,Y,N,N,SS,
3/15/2019,2019,SRS,AH13,MARSH,PASGEM,P175,Y,,,,Y,Y,Y,Y,Y,N,N,SS,
3/18/2019,2019,SRS,CATB,MARSH,PASGEM,P176,Y,,,,Y,Y,Y,Y,Y,N,N,SS,
3/18/2019,2019,SRS,LJB,MARSH,PASGEM,P177,Y,,,,Y,Y,Y,Y,Y,N,N,SS,
4/26/2019,2019,TSL,AH3,MARSH,PASGEM,P178,Y,,,,Y,Y,Y,Y,Y,N,N,SS,
3/15/2019,2019,SRS,AHWG16,NEAR POND,CLAJAM,P179,Y,,,,Y,Y,Y,Y,Y,N,N,SS,
12/13/2018,2018,SRS,AHWG16,POND,PONCOR,P18,Y,6.439,9.175,,Y,Y,Y,Y,Y,N,N,SS,VG
3/18/2019,2019,SRS,LJB,NEAR POND,ELECEL,P180,Y,,,,Y,Y,Y,Y,Y,N,N,SS,
3/13/2019,2019,SRS,AH11,POND,NUPADV,P181,Y,,,,Y,Y,Y,Y,Y,N,N,SS,
3/18/2019,2019,SRS,LJB,POND,TYPSPP,P182,Y,,,,Y,Y,Y,Y,Y,N,N,SS,
3/13/2019,2019,SRS,AH11,NEAR POND,PONCOR,P183,N,,,,Y,Y,Y,Y,Y,N,N,SS,
3/18/2019,2019,SRS,LJB,MARSH,NYMAQU,P184,Y,,,,Y,Y,Y,Y,Y,N,N,SS,
3/18/2019,2019,SRS,LJB,POND,UTRPUR,P185,Y,,,,Y,Y,Y,Y,Y,N,N,SS,
3/18/2019,2019,SRS,LJB,POND,PONCOR,P186,Y,,,,Y,Y,Y,Y,Y,N,N,SS,
3/18/2019,2019,SRS,LJB,MARSH,ELECEL,P187,Y,,,,Y,Y,Y,Y,Y,N,N,SS,
3/18/2019,2019,SRS,LJB,POND,NYMODO,P188,Y,,,,Y,Y,Y,Y,Y,N,N,SS,
3/13/2019,2019,SRS,AH11,MARSH,ELECEL,P189,N,,,,Y,Y,Y,Y,Y,N,N,SS,
12/13/2018,2018,SRS,AHWG16,POND,PANHEM,P19,N,6.576,7.889,,Y,Y,Y,Y,Y,N,N,SS,VG
3/15/2019,2019,SRS,CATB,POND,MICSKA,P190,Y,,,,Y,Y,Y,Y,Y,N,N,SS,
3/18/2019,2019,SRS,LJB,MARSH,NYMODO,P191,Y,,,,Y,Y,Y,Y,Y,N,N,SS,
3/18/2019,2019,SRS,LJB,POND,ELECEL,P192,Y,,,,Y,Y,Y,Y,Y,N,N,SS,
3/15/2019,2019,SRS,CATB,POND,LEECHEX,P193,N,,,,Y,Y,Y,Y,Y,N,N,SS,
3/15/2019,2019,SRS,AH13,NEAR POND,SAGLAN,P194,Y,,,,Y,Y,Y,Y,Y,N,N,SS,
3/15/2019,2019,SRS,CATB,MARSH,BACCAR,P195,N,,,,Y,Y,Y,Y,Y,N,N,SS,
3/18/2019,2019,SRS,LJB,NEAR POND,CLAJAM,P196,Y,,,,Y,Y,Y,Y,Y,N,N,SS,
4/29/2019,2019,TSL,AH5,MARSH,UTRPUR,P197,N,,,,Y,Y,Y,Y,Y,N,N,SS,
3/15/2019,2019,SRS,LVG16,MARSH,NYMAQU,P198,N,,,,Y,Y,Y,Y,Y,N,N,SS,
3/15/2019,2019,SRS,CATB,NEAR POND,SAGLAN,P199,N,,,,Y,Y,Y,Y,Y,N,N,SS,
12/13/2018,2018,SRS,AHWG16,POND,RYNTRA,P20,N,6.626,9.165,,Y,Y,Y,Y,Y,N,N,SS,VG
3/15/2019,2019,SRS,CATB,POND,CLAJAM,P200,Y,,,,Y,Y,Y,Y,Y,N,N,SS,
3/15/2019,2019,SRS,CATB,MARSH,NYMAQU,P201,N,,,,Y,Y,Y,Y,Y,N,N,SS,
3/15/2019,2019,SRS,AH13,MARSH,NYMAQU,P202,N,,,,Y,Y,Y,Y,Y,N,N,SS,
3/15/2019,2019,SRS,WG16,POND,NUPADV,P203,Y,,,,Y,Y,Y,Y,Y,N,N,SS,
3/15/2019,2019,SRS,CATB,NEAR POND,PANSPP,P204,Y,,,,Y,Y,Y,Y,Y,N,N,SS,
4/30/2019,2019,TSL,AH03,POND,SAGLAN,P205,Y,,,,Y,Y,Y,Y,Y,N,N,SS,
4/30/2019,2019,TSL,AH03,POND,PELVIR,P206,Y,,,,Y,Y,Y,Y,Y,N,N,SS,
4/29/2019,2019,TSL,AH05,NEAR POND,PELVIR,P207,N,,,,Y,Y,Y,Y,Y,N,N,SS,
3/15/2019,2019,SRS,CATB,NEAR POND,TYPSPP,P208,Y,,,,Y,Y,Y,Y,Y,N,N,SS,
4/30/2019,2019,TSL,AH03,POND,PANSPP,P209,N,,,,Y,Y,Y,Y,Y,N,N,SS,
12/13/2018,2018,SRS,AHWG16,POND,NUPADV,P21,Y,6.551,15.717,,Y,Y,Y,Y,Y,N,N,SS,VG
3/18/2019,2019,SRS,LJB,MARSH,UTRPUR,P210,Y,,,,Y,Y,Y,Y,Y,N,N,SS,
3/13/2019,2019,SRS,AH11,MARSH,UTRPUR,P211,Y,,,,Y,Y,Y,Y,Y,N,N,SS,
3/13/2019,2019,SRS,AH11,MARSH,UTRFOL,P212,Y,,,,Y,Y,Y,Y,Y,N,N,SS,
3/15/2019,2019,SRS,AH13,POND,UTRPUR,P213,Y,,,,Y,Y,Y,Y,Y,N,N,SS,
3/15/2019,2019,SRS,AH13,POND,UTRFOL,P214,Y,,,,Y,Y,Y,Y,Y,N,N,SS,
4/29/2019,2019,TSL,AH5,MARSH,UTRFOL,P215,Y,,,,Y,Y,Y,Y,Y,N,N,SS,
3/18/2019,2019,SRS,LJB,POND,UTRFOL,P216,Y,,,,Y,Y,Y,Y,Y,N,N,SS,
3/15/2019,2019,SRS,CATB,MARSH,UTRPUR,P217,Y,,,,Y,Y,Y,Y,Y,N,N,SS,
3/15/2019,2019,SRS,AH13,MARSH,ELEELO,P218,N,,,,Y,Y,Y,Y,Y,N,N,SS,
3/15/2019,2019,SRS,WG16,MARSH,ELEELO,P219,Y,,,,Y,Y,Y,Y,Y,N,N,SS,
12/13/2018,2018,SRS,AHWG16,NEAR POND,HEMLAT,P22,Y,6.595,12.783,,Y,Y,Y,Y,Y,N,N,SS,VG
3/15/2019,2019,SRS,AH13,NEAR POND,PANHEM,P220,Y,,,,Y,Y,Y,Y,Y,N,N,SS,
3/15/2019,2019,SRS,AH13,POND,PANHEM,P221,N,,,,Y,Y,Y,Y,Y,N,N,SS,
3/15/2019,2019,SRS,WG16,POND,TYPHA/TYSPP,P222,Y,,,,Y,Y,Y,Y,Y,N,N,SS,
3/15/2019,2019,SRS,CATB,POND,TYPHA,P223,Y,,,,Y,Y,Y,Y,Y,N,N,SS,
3/15/2019,2019,SRS,AH13,POND,NUPADV,P224,Y,,,,Y,Y,Y,Y,Y,N,N,SS,
3/15/2019,2019,SRS,AH13,MARSH,PANHEM,P225,N,,,,Y,Y,Y,Y,Y,N,N,SS,
3/15/2019,2019,SRS,WG16,NEAR POND,PANHEM,P226,Y,,,,Y,Y,Y,Y,Y,N,N,SS,
3/15/2019,2019,SRS,CATB,MARSH,PANHEM,P227,Y,,,Little sample left,Y,Y,Y,Y,Y,N,N,SS,
3/15/2019,2019,SRS,CATB,POND,PANHEM,P228,Y,,,,Y,Y,Y,Y,Y,N,N,SS,
3/15/2019,2019,SRS,WG16,MARSH,PANHEM,P229,N,,,,Y,Y,Y,Y,Y,N,N,SS,
12/13/2018,2018,SRS,AHWG16,NEAR POND,ELECEL,P23,Y,6.67,7.812,,Y,Y,Y,Y,Y,N,N,SS,VG
3/15/2019,2019,SRS,WG16,NEAR POND,HYMLAT,P230,Y,,,,Y,Y,Y,Y,Y,N,N,SS,
3/15/2019,2019,SRS,AH13,NEAR POND,ELECEL,P231,N,,,,Y,Y,Y,Y,Y,N,N,SS,
3/15/2019,2019,SRS,WG16,NEAR POND,ELECEL,P232,N,,,,Y,Y,Y,Y,Y,N,N,SS,
3/15/2019,2019,SRS,AH13,POND,PASGEM,P233,N,,,,Y,Y,Y,Y,Y,N,N,SS,
3/15/2019,2019,SRS,WG16,MARSH,PASGEM,P234,N,,,,Y,Y,Y,Y,Y,N,N,SS,
3/13/2019,2019,SRS,AH11,NEAR POND,CLAJAM,P235,Y,,,,Y,Y,Y,Y,Y,N,N,SS,
3/15/2019,2019,SRS,CATB,POND,SAGLAN,P236,Y,,,,Y,Y,Y,Y,Y,N,N,SS,
3/13/2019,2019,SRS,AH11,POND,CLAJAM,P237,Y,,,,Y,Y,Y,Y,Y,N,N,SS,
3/15/2019,2019,SRS,AH13,NEAR POND,SAGLAN,P238,Y,,,,Y,Y,Y,Y,Y,N,N,SS,
3/15/2019,2019,SRS,CATB,POND,ELECEL,P239,Y,,,,Y,Y,Y,Y,Y,N,N,SS,
12/13/2018,2018,SRS,AHWG16,NEAR POND,SAGLAN,P24,Y,6.43,12.165,,Y,Y,Y,Y,Y,N,N,SS,VG
3/15/2019,2019,SRS,AH13,POND,ELECEL,P240,N,,,,Y,Y,Y,Y,Y,N,N,SS,
3/15/2019,2019,SRS,AH13,POND,SAGLAN,P241,Y,,,,Y,Y,Y,Y,Y,N,N,SS,
12/13/2018,2018,SRS,AHWG16,NEAR POND,PANHEM,P25,N,6.593,7.763,,Y,Y,Y,Y,Y,N,N,SS,VG
12/13/2018,2018,SRS,AHWG16,NEAR POND,PONCOR,P26,Y,6.576,9.463,,Y,Y,Y,Y,Y,N,N,SS,VG
12/13/2018,2018,SRS,AHWG16,NEAR POND,CLAJAM,P27,Y,6.621,8.345,,Y,Y,Y,Y,Y,N,N,SS,VG
12/13/2018,2018,SRS,AHWG16,NEAR POND,POLHYD,P28,N,6.613,7.963,,Y,Y,Y,Y,Y,N,N,SS,VG
11/19/2018,2018,SRS,AH13,NEAR POND,PANHEM,P29,N,5.418,6.886,,Y,Y,Y,Y,Y,N,N,SS,VG
11/19/2018,2018,SRS,AH13,NEAR POND,SAGLAN,P30,N,5.428,7.87,,Y,Y,Y,Y,Y,N,N,SS,VG
11/19/2018,2018,SRS,AH13,NEAR POND,PONCOR,P31,Y,5.397,6.979,,Y,Y,Y,Y,Y,N,N,SS,VG
11/19/2018,2018,SRS,AH13,POND,PASGEM,P32,N,5.418,6.71,,Y,Y,Y,Y,Y,N,N,SS,VG
11/19/2018,2018,SRS,AH13,POND,SAGLAN,P33, Y,5.467,8.817,,Y,Y,Y,Y,Y,N,N,SS,VG
11/19/2018,2018,SRS,AH13,POND,ELECEL,P34,N,5.404,6.62,,Y,Y,Y,Y,Y,N,N,SS,VG
11/19/2018,2018,SRS,AH13,POND,CLAJAM,P35,Y,5.246,9.518,,Y,Y,Y,Y,Y,N,N,SS,VG
11/19/2018,2018,SRS,AH13,POND,NUPADV,P36,Y,5.405,12.055,,Y,Y,Y,Y,Y,N,N,SS,VG
11/19/2018,2018,SRS,AH13,POND,PONCOR,P37,Y,5.455,7.631,,Y,Y,Y,Y,Y,N,N,SS,VG
11/19/2018,2018,SRS,AH13,POND,PANHEM,P38,N,5.568,7.667,,Y,Y,Y,Y,Y,N,N,SS,VG
11/19/2018,2018,SRS,AH13,MARSH,PANHEM,P39,N,5.572,6.308,,Y,Y,Y,Y,Y,N,N,SS,VG
11/19/2018,2018,SRS,AH13,MARSH,ELECEL,P40,N,,,,Y,Y,Y,Y,Y,N,N,SS,VG
11/19/2018,2018,SRS,AH13,MARSH,NYMAQU,P41,Y,5.453,11.595,,Y,Y,Y,Y,Y,N,N,SS,VG
12/13/2018,2018,TSL,AH9,MARSH,SAGLAN,P42,N,5.468,11.287,,Y,Y,Y,Y,Y,N,N,SS,VG
12/13/2018,2018,TSL,AH9,MARSH,PANHEM,P43,N,5.459,8.679,,Y,Y,Y,Y,Y,N,N,SS,VG
12/13/2018,2018,TSL,AH9,MARSH,ELECEL,P44,N,5.455,9.05,,Y,Y,Y,Y,Y,N,N,SS,VG
12/13/2018,2018,TSL,AH9,MARSH,BACCAR,P45,Y,5.429,11.188,,Y,Y,Y,Y,Y,N,N,SS,VG
12/13/2018,2018,TSL,AH9,MARSH,CLAJAM,P46,Y,5.402,8.918,,Y,Y,Y,Y,Y,N,N,SS,VG
12/13/2018,2018,TSL,AH9,POND,SAGLAN,P47,Y,5.525,12.467,,Y,Y,Y,Y,Y,N,N,SS,VG
12/13/2018,2018,TSL,AH9,POND,LUDREP,P48,N,5.412,10.823,,Y,Y,Y,Y,Y,N,N,SS,VG
12/13/2018,2018,TSL,AH9,POND,PANHEM,P49,N,5.423,9.357,,Y,Y,Y,Y,Y,N,N,SS,VG
12/13/2018,2018,TSL,AH9,POND,PONCOR,P50,N,5.22,9.722,,Y,Y,Y,Y,Y,N,N,SS,VG
12/13/2018,2018,TSL,AH9,POND,PELVIR,P51,Y,5.385,13.193,,Y,Y,Y,Y,Y,N,N,SS,VG
12/13/2018,2018,TSL,AH9,NEAR POND,SAGLAN,P52,Y,5.441,11.226,,Y,Y,Y,Y,Y,N,N,SS,VG
12/13/2018,2018,TSL,AH9,NEAR POND,BACCAR,P53,N,5.441,9.008,,Y,Y,Y,Y,Y,N,N,SS,VG
12/13/2018,2018,TSL,AH9,NEAR POND,PANHEM,P54,N,5.403,8.779,,Y,Y,Y,Y,Y,N,N,SS,VG
12/13/2018,2018,TSL,AH9,NEAR POND,ELECEL,P55,N,5.427,8.403,,Y,Y,Y,Y,Y,N,N,SS,VG
12/13/2018,2018,TSL,AH9,NEAR POND,LUDREP,P56,N,5.528,9.943,,Y,Y,Y,Y,Y,N,N,SS,VG
12/13/2018,2018,TSL,AH9,NEAR POND,PELVIR,P57,Y,5.559,12.587,,Y,Y,Y,Y,Y,N,N,SS,VG
12/13/2018,2018,TSL,AH9,NEAR POND,PONCOR,P58,Y,5.486,10.494,,Y,Y,Y,Y,Y,N,N,SS,VG
12/12/2018,2018,TSL,AHMBD,MARSH,SAGLAN,P59,Y,5.41,11.373,,Y,Y,Y,Y,Y,N,N,SS,VG
12/12/2018,2018,TSL,AHMBD,MARSH,POTILL,P60,Y,5.459,11.448,,Y,Y,Y,Y,Y,N,N,SS,VG
12/12/2018,2018,TSL,AHMBD,MARSH,ELECEL,P61,N,5.462,9.788,,Y,Y,Y,Y,Y,N,N,SS,VG
12/12/2018,2018,TSL,AHMBD,NEAR POND,PONCOR,P62,Y,5.176,9.464,,Y,Y,Y,Y,Y,N,N,SS,VG
12/12/2018,2018,TSL,AHMBD,NEAR POND,PELVIR,P63,Y,5.446,10.12,,Y,Y,Y,Y,Y,N,N,SS,VG
12/12/2018,2018,TSL,AHMBD,NEAR POND,ELECEL,P64,Y,5.461,7.991,,Y,Y,Y,Y,Y,N,N,SS,VG
12/12/2018,2018,TSL,AHMBD,NEAR POND,SAGLAN,P65,N,5.413,8.937,,Y,Y,Y,Y,Y,N,N,SS,VG
12/12/2018,2018,TSL,AHMBD,POND,PELVIR,P66,Y,5.586,10.719,,Y,Y,Y,Y,Y,N,N,SS,VG
12/12/2018,2018,TSL,AHMBD,POND,POTILL,P67,Y,5.272,9.394,,Y,Y,Y,Y,Y,N,N,SS,VG
12/12/2018,2018,TSL,AHMBD,POND,PONCOR,P68,Y,5.454,10.131,,Y,Y,Y,Y,Y,N,N,SS,VG
12/12/2018,2018,TSL,AHMBD,POND,ELECEL,P69,Y,5.451,8.408,,Y,Y,Y,Y,Y,N,N,SS,VG
12/11/2018,2018,TSL,AH3,POND,SAGLAN,P70,Y,5.56,12.269,,Y,Y,Y,Y,Y,N,N,SS,VG
12/11/2018,2018,TSL,AH3,POND,HEMLAT,P71,N,5.261,10.18,,Y,Y,Y,Y,Y,N,N,SS,VG
12/11/2018,2018,TSL,AH3,POND,PONCOR,P72,N,5.393,8.874,,Y,Y,Y,Y,Y,N,N,SS,VG
12/11/2018,2018,TSL,AH3,NEAR POND,SAGLAN,P73,Y,5.439,11.674,,Y,Y,Y,Y,Y,N,N,SS,VG
12/11/2018,2018,TSL,AH3,NEAR POND,PANHEM,P74,N,5.457,7.411,,Y,Y,Y,Y,Y,N,N,SS,VG
12/11/2018,2018,TSL,AH3,NEAR POND,PONCOR,P75,N,5.198,8.17,,Y,Y,Y,Y,Y,N,N,SS,VG
12/11/2018,2018,TSL,AH3,NEAR POND,PELVIR,P76,Y,5.405,9.9,,Y,Y,Y,Y,Y,N,N,SS,VG
12/11/2018,2018,TSL,AH3,NEAR POND,ELECEL,P77,N,5.244,7.067,,Y,Y,Y,Y,Y,N,N,SS,VG
12/11/2018,2018,TSL,AH3,NEAR POND,HEMLAT,P78,Y,5.257,11.296,,Y,Y,Y,Y,Y,N,N,SS,VG
12/11/2018,2018,TSL,AH3,MARSH,BACCAR,P79,Y,5.412,17.469,,Y,Y,Y,Y,Y,N,N,SS,VG
12/11/2018,2018,TSL,AH3,MARSH,PANHEM,P80,N,5.445,8.335,,Y,Y,Y,Y,Y,N,N,SS,VG
12/11/2018,2018,TSL,AH3,MARSH,SAGLAN,P81,N,5.451,9.547,,Y,Y,Y,Y,Y,N,N,SS,VG
12/11/2018,2018,TSL,AH3,MARSH,ELECEL,P82,N,5.403,8.519,,Y,Y,Y,Y,Y,N,N,SS,VG
12/11/2018,2018,TSL,AH3,MARSH,RYNTRA,P83,N,5.209,9.558,,Y,Y,Y,Y,Y,N,N,SS,VG
12/11/2018,2018,TSL,AH3,POND,PELVIR,P84,N,5.446,11.648,,Y,Y,Y,Y,Y,N,N,SS,VG
12/10/2018,2018,TSL,AH5,MARSH,PANHEM,P85,N,5.155,8.137,,Y,Y,Y,Y,Y,N,N,SS,VG
12/10/2018,2018,TSL,AH5,MARSH,SAGLAN,P86,N,5.212,10.616,,Y,Y,Y,Y,Y,N,N,SS,VG
12/10/2018,2018,TSL,AH5,MARSH,RYNTRA,P87,N,5.259,10.475,,Y,Y,Y,Y,Y,N,N,SS,VG
12/10/2018,2018,TSL,AH5,MARSH,NYMAQU,P88,Y,5.103,16.858,,Y,Y,Y,Y,Y,N,N,SS,VG
12/10/2018,2018,TSL,AH5,MARSH,ELECEL,P89,N,5.148,9.145,,Y,Y,Y,Y,Y,N,N,SS,VG
12/10/2018,2018,TSL,AH5,NEAR POND,PELVIR,P90,Y,5.136,13.161,,Y,Y,Y,Y,Y,N,N,SS,VG
12/10/2018,2018,TSL,AH5,NEAR POND,SAGLAN,P91,Y,5.146,13.327,,Y,Y,Y,Y,Y,N,N,SS,VG
12/10/2018,2018,TSL,AH5,NEAR POND,PONCOR,P92,Y,5.109,12.009,,Y,Y,Y,Y,Y,N,N,SS,VG
12/10/2018,2018,TSL,AH5,POND,ELECEL,P93,N,5.22,7.041,,Y,Y,Y,Y,Y,N,N,SS,VG
12/10/2018,2018,TSL,AH5,POND,PONCOR,P94,Y,5.338,12.732,,Y,Y,Y,Y,Y,N,N,SS,VG
12/10/2018,2018,TSL,AH5,POND,SAGLAN,P95,N,5.141,9.557,,Y,Y,Y,Y,Y,N,N,SS,VG
12/7/2018,2018,TSL,AH2,NEAR POND,PELVIR,P96,Y,5.256,14.659,,Y,Y,Y,Y,Y,N,N,SS,VG
12/7/2018,2018,TSL,AH2,NEAR POND,SAGLAN,P97,Y,5.455,11.012,,Y,Y,Y,Y,Y,N,N,SS,VG
12/7/2018,2018,TSL,AH2,NEAR POND,PONCOR,P98,Y,5.137,12.26,,Y,Y,Y,Y,Y,N,N,SS,VG
12/7/2018,2018,TSL,AH2,NEAR POND,ELECEL,P99,N,5.09,7.956,,Y,Y,Y,Y,Y,N,N,SS,VG
3/15/2019,2019,SRS,AH WG16,MARSH,Peri Mat,Pr01,Y,,,,Y,Y,Y,Y,Y,N,N,SS,
3/15/2019,2019,SRS,AH13,MARSH,Peri Mat,Pr02,Y,,,,Y,Y,Y,Y,Y,N,N,SS,
3/13/2019,2019,SRS,AH11,MARSH,Peri Mat,Pr03,Y,,,,Y,Y,Y,Y,Y,N,N,SS,
4/29/2019,2019,TSL,AH5,MARSH,Peri Mat,Pr04,Y,,,,Y,Y,Y,Y,Y,N,N,SS,
4/30/2019,2019,TSL,AH3,MARSH,Peri Mat,Pr05,Y,,,,Y,Y,Y,Y,Y,N,N,SS,
4/29/2019,2019,TSL,AH2,MARSH,Peri Mat,Pr06,Y,,,,Y,Y,Y,Y,Y,N,N,SS,
11/18/2018,2018,SRS,AH13,MARSH,Peri Mat,Pr07,Y,,,,Y,Y,Y,Y,Y,N,N,SS,
11/18/2018,2018,SRS,BJB,POND,Peri Sweaters,Pr08,Y,,,,Y,Y,Y,Y,Y,N,N,SS,
12/12/2018,2018,TSL,AHMDB,MARSH,Peri Mat,Pr09,Y,,,,Y,Y,Y,Y,Y,N,N,SS,
12/13/2018,2018,SRS,AHWG16,SAWGRASS MARSH,Peri Mat,Pr10,Y,,,,Y,Y,Y,Y,Y,N,N,SS,
12/10/2018,2018,TSL,AH5,MARSH,Peri Sweaters,Pr11,Y,,,,Y,Y,Y,Y,Y,N,N,SS,
12/7/2018,2018,TSL,AH2,NEAR POND,Peri Mat,Pr12,Y,,,,Y,Y,Y,Y,Y,N,N,SS,
11/15/2018,2018,SRS,CATPONDB,MARSH,Peri Sweaters,Pr13,Y,,,,Y,Y,Y,Y,Y,N,N,SS,
11/15/2018,2018,SRS,CATPONDB,NEAR POND,Peri Sweaters,Pr14,Y,,,,Y,Y,Y,Y,Y,N,N,SS,
11/19/2018,2018,SRS,AH13,POND,Peri Sweaters,Pr15,Y,,,,Y,Y,Y,Y,Y,N,N,SS,
11/16/2018,2018,SRS,AH11,MARSH,Peri Mat,Pr16,Y,,,,Y,Y,Y,Y,Y,N,N,SS,
12/7/2018,2018,TSL,AH2,MARSH,Peri Sweaters,Pr17,Y,,,,Y,Y,Y,Y,Y,N,N,SS,
12/7/2018,2018,TSL,AH2,MARSH,Peri Mat,Pr18,Y,,,,Y,Y,Y,Y,Y,N,N,SS,
11/19/2018,2018,SRS,AH13,MARSH,Peri Sweaters,Pr19,Y,,,,Y,Y,Y,Y,Y,N,N,SS,
12/11/2018,2018,TSL,AH3,MARSH,Peri Sweaters,Pr20,Y,,,,Y,Y,Y,Y,Y,Y,Y,SS,
10/26/2018,2018,SRS,BJB,MARSH,Floaters,Pr21,Y,,,,Y,Y,Y,Y,Y,Y,Y,SS,
12/10/2018,2018,TSL,AH5,MARSH,Peri Mat,Pr22,Y,,,,Y,Y,Y,Y,Y,Y,Y,SS,
11/15/2018,2018,SRS,CATPONDB,MARSH,Peri Mat,Pr23,Y,,,,Y,Y,Y,Y,Y,Y,Y,SS,
12/12/2018,2018,TSL,AHMDB,MARSH,Peri Sweaters,Pr24,Y,,,,Y,Y,Y,Y,Y,Y,Y,SS,
12/3/2018,2018,TSL,AH9,MARSH,Peri Sweaters,Pr25,Y,,,,Y,Y,Y,Y,Y,Y,Y,SS,
12/3/2018,2018,SRS,AHWG16,MARSH,Peri Mat,Pr26,Y,,,,Y,Y,Y,Y,Y,Y,Y,SS,
10/26/2018,2018,SRS,BJB,MARSH,Peri Sweaters,Pr27,Y,,,,Y,Y,Y,Y,Y,Y,Y,SS,
4/30/2019,2019,TSL,AHMDB,MARSH,Peri Sweaters,Pr28,Y,,,,Y,Y,Y,Y,Y,Y,Y,SS,
4/30/2019,2019,TSL,AHMDB,MARSH,Peri Mat,Pr29,Y,,,,Y,Y,Y,Y,Y,Y,N (NO SAMPLE LEFT),SS,
4/29/2019,2019,TSL,AH5,MARSH,Peri Sweaters,Pr30,Y,,,,Y,Y,Y,Y,Y,N,N,SS,
3/18/2019,2019,SRS,LJB,MARSH,Peri,Pr31,Y,,,,Y,Y,Y,Y,Y,N,N,SS,
