Ont_Class,HabDate,TrophP
0,Pond1,2.516819572
A_cal,Eleocharis1,2
A_cal,Pond2,2.578762307
A_cal,Pond2,3.258465148
A_cal,Pond2,2.5
A_cal,Pond2,3
A_cal,Pond2,1.2
A_cal,Pond2,2
A_cal,Pond2,2.5
A_cal,Pond2,2.5
A_cal,Pond2,2.832298178
A_cal,Pond2,2.5
A_cal,Pond2,2.5
A_cal,Pond2,3.37
A_cal,Pond2,3.5
A_cal,Pond2,3.5
A_cal,Pond2,3
A_cal,Pond2,3.002063197
A_cal,Pond2,2.5
A_cal,Pond2,2.983154813
A_nat1,Cladium1,1.309379219
A_nat1,Cladium1,2.011929739
A_nat1,Cladium1,2.5
A_nat1,Cladium1,2.619060696
A_nat1,Cladium1,1.200025999
A_nat1,Cladium1,2.5
A_nat1,Cladium1,2.505494505
A_nat1,Eleocharis1,2.83851933
A_nat1,Eleocharis1,2.162799654
A_nat1,Eleocharis1,2.093476656
A_nat1,Eleocharis1,2.5
A_nat1,Eleocharis1,2.551176471
A_nat1,Eleocharis1,1.303009799
A_nat1,Eleocharis1,2.367647059
A_nat1,Eleocharis1,2.975762668
A_nat1,Eleocharis1,2.903895654
A_nat1,Eleocharis1,3.5
A_nat1,Eleocharis1,2.53814543
A_nat1,Eleocharis1,2.325768755
A_nat1,Eleocharis1,2.072320237
A_nat1,Eleocharis1,2.541540728
A_nat1,Eleocharis1,2
A_nat1,Eleocharis1,1.529810132
A_nat1,Eleocharis1,2.464741076
A_nat1,Eleocharis1,2.792549338
A_nat1,Eleocharis1,2.500150105
A_nat1,Eleocharis1,3.474051375
A_nat1,Eleocharis1,2.739104181
A_nat1,Eleocharis1,2.460343187
A_nat1,Eleocharis1,2.389746525
A_nat1,Eleocharis1,2.857142857
A_nat1,Eleocharis1,2.532847639
A_nat1,Eleocharis1,2.221311704
A_nat1,Eleocharis2,3
A_nat1,Eleocharis2,1.615384615
A_nat1,Eleocharis2,2.015738499
A_nat1,Eleocharis2,3
A_nat1,Eleocharis2,2.5
A_nat1,Eleocharis2,2.5
A_nat1,Eleocharis2,2
A_nat1,Eleocharis2,3.166666667
A_nat1,Eleocharis2,2.5
A_nat1,Eleocharis2,1.395901268
A_nat1,Eleocharis2,2.485751281
A_nat1,Eleocharis2,2.507216908
A_nat1,Eleocharis2,2.529588097
A_nat1,Eleocharis2,2.55528601
A_nat1,Eleocharis2,2.857142857
A_nat1,Eleocharis2,1.999999633
A_nat1,Eleocharis2,2.166652504
A_nat1,Eleocharis2,2.5
A_nat1,Eleocharis2,2.5
A_nat1,Eleocharis2,1.2
A_nat1,Eleocharis2,2.5
A_nat1,Eleocharis2,2.5
A_nat1,Eleocharis2,3.303735067
A_nat1,Eleocharis2,3.21565706
A_nat1,Eleocharis2,3.446945286
A_nat1,Eleocharis2,2.992506081
A_nat1,Eleocharis2,3
A_nat1,Pond1,2.401675326
A_nat1,Pond1,2.028301887
A_nat1,Pond1,1.074634977
A_nat1,Pond1,2
A_nat1,Pond1,2.354297826
A_nat1,Pond1,2.5
A_nat1,Pond1,1
A_nat1,Pond1,2.180508553
A_nat1,Pond1,1.599146777
A_nat1,Pond1,2.008010985
A_nat1,Pond1,2.807526967
A_nat1,Pond1,2.50470879
A_nat1,Pond1,1.977319228
A_nat1,Pond1,2
A_nat1,Pond1,2.693097947
A_nat1,Pond1,2.870145242
A_nat1,Pond1,2
A_nat1,Pond1,2.229456692
A_nat1,Pond1,2.510730918
A_nat1,Pond1,2.124545455
A_nat1,Pond1,1.198511165
A_nat1,Pond1,2.5
A_nat1,Pond2,1
A_nat1,Pond2,2.5
A_nat1,Pond2,2.5
A_nat1,Pond2,2.5
A_nat1,Pond2,2.5
A_nat1,Pond2,3
A_nat1,Pond2,1.284705209
A_nat1,Pond2,2.339286684
A_nat1,Pond2,2.5
A_nat1,Pond2,2.5
A_nat1,Pond2,1.2
A_nat1,Pond2,2.990782958
A_nat1,Pond2,3
A_nat1,Pond2,3.37
A_nat1,Pond2,1.293902309
A_nat1,Pond2,2.617560924
A_nat1,Pond2,2.309086889
A_nat1,Pond2,3
A_nat1,Pond2,3.5
A_nat1,Pond2,3
A_nat1,Pond2,1
A_nat1,Pond2,2.058780462
A_nat1,Pond2,3
A_nat1,Pond2,2.513677832
A_nat1,Pond2,2.5
A_nat1,Pond2,2
A_nat1,Pond2,1.352829201
A_nat1,Pond2,2
A_nat1,Pond2,3
A_nat1,Pond2,2.5
A_nat1,Pond2,2.5
A_nat1,Pond2,2.46877435
A_nat1,Pond2,2.530785251
A_nat1,Pond2,2.5
A_nat1,Pond2,1.93754884
A_nat1,Pond2,2.5
A_nat1,Pond2,2.5
A_nat1,Pond2,2.5
A_nat1,Pond2,2.5
A_nat1,Pond2,3
A_nat1,Pond2,2
A_nat1,Pond2,2.5
A_nat1,Pond2,2.5
A_nat2,Cladium1,2.879101175
A_nat2,Cladium1,3
A_nat2,Eleocharis1,2.090909091
A_nat2,Eleocharis1,2.777575256
A_nat2,Eleocharis1,2.230769408
A_nat2,Eleocharis1,2.335276968
A_nat2,Pond1,2.527522961
A_nat2,Pond1,2.52247191
A_nat2,Pond1,3
A_nat2,Pond1,2.5
A_nat2,Pond1,3
A_nat2,Pond1,2.180451128
A_nat2,Pond1,2.184063606
A_nat2,Pond1,1
A_nat2,Pond1,3
A_nat2,Pond1,2.5
A_nat2,Pond1,2.5
A_nat2,Pond1,2.5
A_nat2,Pond1,3.109567969
A_nat2,Pond1,3.021028047
A_nat2,Pond2,2.5
A_nat2,Pond2,2.5
A_nat2,Pond2,2
A_nat2,Pond2,1.2
A_nat2,Pond2,2.62607826
A_nat2,Pond2,1
A_nat2,Pond2,2.5
A_nat2,Pond2,2.416129032
A_nat2,Pond2,2.5
A_nat2,Pond2,2.5
A_nat2,Pond2,3
A_nat2,Pond2,2
A_nat2,Pond2,2
A_nat2,Pond2,2.5
A_nat2,Pond2,2.5
A_nat2,Pond2,1.2
A_nat2,Pond2,2.5
A_nat2,Pond2,3
A_nat2,Pond2,3.37
A_nat2,Pond2,3.5
A_nat2,Pond2,3.467741935
A_nat2,Pond2,3
A_nat2,Pond2,3
A_nat2,Pond2,3.5
A_nat2,Pond2,3
A_nat2,Pond2,1
A_nat2,Pond2,2.5
A_nat2,Pond2,3
A_nat2,Pond2,3
A_nat2,Pond2,2.5
A_nat2,Pond2,2
A_nat2,Pond2,2.5
A_nat2,Pond2,2
A_nat2,Pond2,1.306878307
A_nat2,Pond2,2.5
A_nat2,Pond2,2.5
A_nat2,Pond2,3
A_nat2,Pond2,1.953623188
A_nat2,Pond2,2.210144928
A_nat2,Pond2,1
A_nat2,Pond2,2.5
A_nat2,Pond2,2.5
A_nat2,Pond2,2.5
A_nat2,Pond2,2.5
A_nat2,Pond2,3
A_nat2,Pond2,2
A_nat3,Eleocharis1,3
A_nat3,Pond1,1.053153153
A_nat3,Pond1,2.552631579
A_nat3,Pond1,2.5
A_nat3,Pond1,2.471153846
A_nat3,Pond1,3
A_nat3,Pond1,3
A_nat3,Pond1,1.174418605
A_nat3,Pond1,3.5
A_nat3,Pond1,2.844990548
A_nat3,Pond2,3
A_nat3,Pond2,3.5
A_nat3,Pond2,3
A_nat3,Pond2,1.240853975
A_nat3,Pond2,2.487394958
A_nat3,Pond2,3.353535354
A_nat3,Pond2,3
A_nat3,Pond2,2.5
A_nat3,Pond2,2
A_nat3,Pond2,2.5
A_nat3,Pond2,2
A_nat3,Pond2,2.995149555
A_nat3,Pond2,2.5
A_nat3,Pond2,2.5
A_nat3,Pond2,2
A_nat3,Pond2,1.2
A_nat3,Pond2,2.747443088
A_nat3,Pond2,1.664870216
A_nat3,Pond2,2.5
A_nat4,Pond1,2.999334221
A_nat4,Pond1,3
A_nat4,Pond1,2.5
A_nat4,Pond1,2.072847682
A_nat4,Pond1,2.5
A_nat4,Pond1,2.672476237
A_nat4,Pond1,2.474236639
A_nat4,Pond1,3.07120019
A_nat4,Pond2,2.5
A_nat4,Pond2,2.5
A_nat4,Pond2,2.5
A_nat4,Pond2,2.5
A_nat4,Pond2,3.5
A_xen,Eleocharis2,2.5
A_xen,Eleocharis2,3
B_bel1,Eleocharis2,2.5
B_bel1,Eleocharis2,3
B_bel1,Eleocharis2,3.37
B_bel1,Pond1,3.5
B_bel1,Pond1,3.5
B_bel1,Pond2,3
B_bel1,Pond2,3
B_bel1,Pond2,3.5
B_bel1,Pond2,3
B_bel1,Pond2,1
B_bel1,Pond2,2.5
B_bel1,Pond2,3
B_bel2,Eleocharis2,3
B_bel2,Eleocharis2,2.5
B_bel2,Eleocharis2,2
B_bel2,Eleocharis2,2.5
B_bel2,Eleocharis2,2
B_bel2,Eleocharis2,3
B_bel2,Pond1,2
B_bel2,Pond1,3
B_bel2,Pond1,2.5
B_bel2,Pond1,1.2
B_bel2,Pond1,2
B_bel2,Pond1,1.2
B_bel2,Pond1,2.5
B_bel2,Pond1,2.5
B_bel2,Pond1,2.5
B_bel2,Pond1,2.5
B_bel2,Pond1,3
B_bel2,Pond1,2.5
B_bel2,Pond1,2
B_bel2,Pond1,2.5
B_bel2,Pond1,2
B_bel2,Pond1,2.5
B_bel2,Pond1,2.5
B_bel2,Pond1,3
B_bel2,Pond1,3.37
B_bel2,Pond2,3.5
B_bel2,Pond2,3.5
B_bel2,Pond2,3
B_bel2,Pond2,3
B_bel2,Pond2,3.5
B_bel2,Pond2,3
B_bel2,Pond2,1
B_bel2,Pond2,2.5
B_bel2,Pond2,1
B_bel2,Pond2,3
B_bel2,Pond2,2.5
B_bel2,Pond2,2
B_bel2,Pond2,2.5
B_bel2,Pond2,2
B_bel2,Pond2,3
B_bel2,Pond2,2.5
B_bel2,Pond2,2.5
B_bel2,Pond2,2.5
B_bel2,Pond2,1.2
B_bel2,Pond2,2.5
B_bel2,Pond2,1
B_bel2,Pond2,2.5
C_bat,Pond1,1.433594342
C_bat,Pond1,2.501357942
C_bat,Pond1,2.238478838
C_bat,Pond1,2.796052524
C_bat,Pond1,2.033104474
C_bat,Pond1,2.325575038
C_bat,Pond1,3.5
C_bat,Pond1,2.664364232
C_bat,Pond1,2.569707302
C_bat,Pond1,2.932942092
C_bat,Pond1,1.107163408
C_bat,Pond1,2.313093749
C_bat,Pond1,1.790318564
C_bat,Pond1,3.443243218
C_bat,Pond1,2.493247379
C_bat,Pond1,2.639324286
C_bat,Pond1,2.4662558
C_bat,Pond2,2
C_bat,Pond2,2.500371519
C_bat,Pond2,2.002817507
C_bat,Pond2,3.361178468
C_bat,Pond2,2.5
C_bat,Pond2,2.521270807
C_bat,Pond2,2
C_bat,Pond2,1.2
C_bat,Pond2,2.5
C_bat,Pond2,1.245294784
C_bat,Pond2,3.287453788
C_bat,Pond2,3.318605553
C_bat,Pond2,2.505261419
C_bat,Pond2,2.887844546
C_bim,Eleocharis1,2.077608142
C_bim,Pond1,2.562111801
C_bim,Pond1,2.903494176
C_bim,Pond2,1.839344262
C_uro1,Pond1,2.506993007
C_uro1,Pond1,3
C_uro1,Pond1,3.331761811
C_uro1,Pond1,3
C_uro1,Pond1,3.371169916
C_uro1,Pond1,3.429112834
C_uro2,Pond1,3
C_uro2,Pond1,3.480320151
C_uro2,Pond1,3
C_uro2,Pond1,1.2
C_uro2,Pond1,2.922195207
C_uro2,Pond1,2.666666667
C_uro2,Pond1,2.654116416
C_uro2,Pond1,3.0004995
C_uro2,Pond1,3.026185135
C_uro2,Pond1,2.564987913
C_var,Cladium2,2.000998004
C_var,Eleocharis1,1.32855968
C_var,Eleocharis1,2.5
C_var,Eleocharis1,1
C_var,Eleocharis1,2.417407987
C_var,Eleocharis1,2.525785647
C_var,Eleocharis1,2.5
C_var,Eleocharis1,2.5
C_var,Eleocharis1,2.924528871
C_var,Eleocharis1,2.340423631
C_var,Eleocharis1,2
C_var,Eleocharis1,2.514378707
C_var,Eleocharis1,2.500004196
C_var,Eleocharis1,1.184332261
C_var,Eleocharis1,2.485629926
C_var,Eleocharis1,1.2
C_var,Eleocharis1,3.369987822
C_var,Eleocharis1,3.5
C_var,Eleocharis1,3.471242586
C_var,Eleocharis1,3
C_var,Eleocharis1,2.765384383
C_var,Eleocharis1,3.394056314
C_var,Eleocharis1,3
C_var,Eleocharis1,1.080392086
C_var,Eleocharis1,2.472046458
C_var,Eleocharis1,2.959221494
C_var,Eleocharis2,3
C_var,Eleocharis2,2.498989675
C_var,Eleocharis2,2.398791355
C_var,Eleocharis2,2.5
C_var,Eleocharis2,2
E_eve,Cladium1,2.706896552
E_eve,Cladium1,3
E_eve,Cladium2,2.081695398
E_eve,Cladium2,2
E_eve,Cladium2,2.5
E_eve,Cladium2,2.8125
E_eve,Cladium2,1.918986178
E_eve,Eleocharis1,2.35811907
E_eve,Eleocharis1,2.843752051
E_eve,Eleocharis1,2.5
E_eve,Eleocharis1,3.206666667
E_eve,Eleocharis1,2.404761905
E_eve,Eleocharis1,2.884695291
E_eve,Eleocharis1,2.770363124
E_eve,Eleocharis1,2.78923155
E_eve,Eleocharis1,2.663114382
E_eve,Eleocharis1,2.360496614
E_eve,Eleocharis1,2.57487317
E_eve,Eleocharis1,2.429393599
E_eve,Eleocharis1,2.553675549
E_eve,Eleocharis1,2.203283907
E_eve,Eleocharis1,2.875826064
E_eve,Eleocharis1,2.588138386
E_eve,Eleocharis1,2.034886966
E_eve,Eleocharis1,2.724823834
E_eve,Eleocharis1,2.556478057
E_eve,Eleocharis1,1.715171862
E_eve,Eleocharis1,2.460741873
E_eve,Eleocharis1,1.78077204
E_eve,Eleocharis2,3.171247859
E_eve,Eleocharis2,2.511764706
E_eve,Eleocharis2,3.338704214
E_eve,Eleocharis2,2.596824625
E_eve,Eleocharis2,2.246112367
E_eve,Eleocharis2,2.513967719
E_eve,Eleocharis2,3.5
E_eve,Eleocharis2,2.329997713
E_eve,Eleocharis2,2.42640115
E_eve,Eleocharis2,2.960674157
E_eve,Eleocharis2,2.493590862
E_eve,Eleocharis2,1
E_eve,Eleocharis2,2.442256507
E_eve,Eleocharis2,2.882280809
E_eve,Eleocharis2,2.958215133
E_eve,Eleocharis2,3.034731935
E_eve,Eleocharis2,3.229541735
E_eve,Eleocharis2,1.935678795
E_eve,Eleocharis2,2.740060393
E_eve,Eleocharis2,2.72314794
E_eve,Eleocharis2,2.935299222
E_eve,Eleocharis2,1.238528931
E_eve,Eleocharis2,2.477580653
E_eve,Eleocharis2,2.60937404
E_eve,Pond1,2.98
E_eve,Pond1,1
E_eve,Pond1,2.12037037
E_eve,Pond1,2.333333333
E_eve,Pond1,2.0625
E_eve,Pond1,2.5
E_eve,Pond1,2.409090909
E_eve,Pond1,2.5
E_eve,Pond1,2.052631579
E_eve,Pond1,1.526315789
E_eve,Pond1,2.826111111
E_eve,Pond1,2.222727273
E_eve,Pond2,2
E_eve,Pond2,2.415862149
E_eve,Pond2,2.5
E_eve,Pond2,2.538461538
E_eve,Pond2,2.500003333
E_eve,Pond2,2.75
E_fus,Eleocharis1,2.087819621
E_fus,Eleocharis1,2.723334376
E_fus,Pond1,2.5
E_fus,Pond1,2.047025537
E_fus,Pond1,2.139867447
E_fus,Pond1,2.571264663
E_fus,Pond1,2.544171721
E_glo,Eleocharis1,2.888888971
E_glo,Eleocharis1,2.6
E_glo,Eleocharis1,1
E_glo,Eleocharis1,2.274
E_glo,Eleocharis1,3.051611397
E_glo,Eleocharis1,2.641471144
E_glo,Eleocharis1,1.662932294
E_glo,Eleocharis1,2.711402184
E_glo,Eleocharis1,2.563343109
E_glo,Eleocharis1,2.606174699
E_glo,Eleocharis1,1.727488663
E_glo,Eleocharis1,2.309978617
E_glo,Eleocharis1,2.559724935
E_glo,Eleocharis1,2.816618911
E_glo,Eleocharis1,2.706752797
E_glo,Eleocharis1,2.107651813
E_glo,Eleocharis1,2.199683409
E_glo,Eleocharis1,2.405460086
E_glo,Eleocharis1,2.642436079
E_glo,Eleocharis1,2.956098292
E_glo,Eleocharis1,2.393828752
E_glo,Eleocharis1,2.611008931
E_glo,Eleocharis1,1.907571597
E_glo,Eleocharis1,2.939281684
E_glo,Eleocharis1,2.892627082
E_glo,Eleocharis1,2.737106508
E_glo,Eleocharis1,2.778397726
E_glo,Eleocharis1,2.346703903
E_glo,Eleocharis1,3.110778875
E_glo,Eleocharis1,2.559510723
E_glo,Eleocharis1,1.477478784
E_glo,Eleocharis1,2.061453906
E_glo,Eleocharis1,2.565496895
E_glo,Eleocharis1,2.707317073
E_glo,Eleocharis2,2.887150471
E_glo,Eleocharis2,2.560460993
E_glo,Eleocharis2,2.964691886
E_glo,Eleocharis2,2
E_glo,Eleocharis2,1.845799603
E_glo,Eleocharis2,2.695478875
E_glo,Eleocharis2,2.361299789
E_glo,Eleocharis2,2.397461465
E_glo,Eleocharis2,2.448219178
E_glo,Eleocharis2,2.879551886
E_glo,Eleocharis2,1
E_glo,Eleocharis2,2.403769291
E_glo,Eleocharis2,2.488264192
E_glo,Eleocharis2,2.514186187
E_glo,Eleocharis2,2.5
E_glo,Eleocharis2,2.630444464
E_glo,Eleocharis2,1.2
E_glo,Eleocharis2,2.286611508
E_glo,Eleocharis2,2.289035541
E_glo,Eleocharis2,2.687458102
E_glo,Eleocharis2,2.459053542
E_glo,Eleocharis2,2.583488781
E_suc1,Pond1,1.857549544
E_suc1,Pond1,3.129645172
E_suc2,Pond1,1.279796019
E_suc2,Pond1,2.482733649
E_suc2,Pond1,2.753372625
E_suc2,Pond1,2.683215376
E_suc2,Pond1,2.638334476
E_suc2,Pond1,2.36265957
E_suc2,Pond1,2.733708022
E_suc3,Pond1,2.183135987
E_suc3,Pond1,2.226682735
E_suc3,Pond1,2.484176646
E_suc3,Pond1,1.415307925
E_suc3,Pond1,2.353613808
E_suc3,Pond1,2.116750303
E_suc3,Pond1,2.598141948
E_suc3,Pond1,3.044305431
F_chr1,Cladium1,2.517471109
F_chr1,Cladium1,1.868860108
F_chr1,Cladium1,2.82103664
F_chr1,Cladium1,2.402153067
F_chr1,Cladium1,2.5
F_chr1,Cladium1,2.471654402
F_chr1,Cladium1,2.098415671
F_chr1,Cladium1,2.287085785
F_chr1,Cladium1,2.459742351
F_chr1,Cladium1,2.5
F_chr1,Cladium1,2.637379875
F_chr1,Cladium1,1.356955067
F_chr1,Cladium1,2.5
F_chr1,Cladium1,2.590901653
F_chr1,Cladium1,3.160374901
F_chr1,Cladium1,1.195985279
F_chr1,Cladium1,2.950423693
F_chr1,Cladium1,2.491857143
F_chr1,Cladium1,2.962595819
F_chr1,Cladium1,1.425792766
F_chr1,Cladium1,2.684673504
F_chr1,Cladium1,2.525899586
F_chr1,Cladium1,2.508016057
F_chr1,Cladium1,2.871807967
F_chr1,Cladium1,3.406816379
F_chr1,Cladium1,2.020732916
F_chr1,Cladium1,2.489795918
F_chr1,Cladium1,2.605968834
F_chr1,Cladium1,2.311200695
F_chr1,Cladium1,2.923387724
F_chr1,Cladium1,3.347471944
F_chr1,Cladium1,2.497292724
F_chr1,Cladium1,2.155157433
F_chr1,Cladium1,3.25518744
F_chr1,Cladium1,2.889468765
F_chr1,Cladium1,2.335871818
F_chr1,Cladium1,2.572376154
F_chr1,Cladium1,2.5
F_chr1,Cladium1,2.699772868
F_chr1,Cladium1,2.409127249
F_chr1,Cladium1,2.5
F_chr1,Cladium1,2.008675971
F_chr1,Cladium1,2.269727969
F_chr1,Cladium1,2.894141856
F_chr1,Cladium1,3.478008036
F_chr1,Cladium1,2.2740485
F_chr1,Cladium1,2.332286261
F_chr1,Cladium2,2.6875
F_chr1,Cladium2,2.687500005
F_chr1,Cladium2,2.031662633
F_chr1,Cladium2,2.5
F_chr1,Cladium2,2.532071722
F_chr1,Cladium2,2.078693152
F_chr1,Cladium2,3
F_chr1,Cladium2,2.732294556
F_chr1,Cladium2,2.511004844
F_chr1,Cladium2,2.450646298
F_chr1,Cladium2,3.14138364
F_chr1,Cladium2,2.651377083
F_chr1,Cladium2,2.638032557
F_chr1,Cladium2,2.43685634
F_chr1,Cladium2,2.40391357
F_chr1,Cladium2,3.222397875
F_chr1,Cladium2,2.865114665
F_chr1,Cladium2,2.902701108
F_chr1,Cladium2,2.947956731
F_chr1,Cladium2,2.591622752
F_chr1,Cladium2,3.25425382
F_chr1,Cladium2,2.730747922
F_chr1,Cladium2,1.460859217
F_chr1,Cladium2,2.33937508
F_chr1,Cladium2,2.880219994
F_chr1,Cladium2,2.431328366
F_chr1,Cladium2,2.200331558
F_chr1,Cladium2,2.051763367
F_chr1,Cladium2,1.44302569
F_chr1,Cladium2,2.375646775
F_chr1,Cladium2,2.512051613
F_chr1,Cladium2,2.797400654
F_chr1,Cladium2,2.355786528
F_chr1,Cladium2,2.536181868
F_chr1,Cladium2,2.031464632
F_chr1,Cladium2,2.661352782
F_chr1,Cladium2,1.681704574
F_chr1,Cladium2,2.060926009
F_chr1,Cladium2,2.327926801
F_chr1,Cladium2,2.809544542
F_chr1,Cladium2,2.838733585
F_chr1,Cladium2,2.49138768
F_chr1,Cladium2,2.394784326
F_chr1,Cladium2,2.835905504
F_chr1,Cladium2,1.622821032
F_chr1,Cladium2,2.775739872
F_chr1,Cladium2,3
F_chr1,Cladium2,2.637626518
F_chr1,Cladium2,1.502737026
F_chr1,Cladium2,2.738122108
F_chr1,Cladium2,2.47831919
F_chr1,Cladium2,3.076944475
F_chr1,Cladium2,2.062193303
F_chr1,Cladium2,2.145025492
F_chr1,Cladium2,2.674508647
F_chr1,Cladium2,2.840957321
F_chr1,Cladium2,1.206485157
F_chr1,Cladium2,2.281606386
F_chr1,Cladium2,2.5
F_chr1,Cladium2,2.82350494
F_chr1,Eleocharis1,2.851066647
F_chr1,Eleocharis1,2.234745213
F_chr1,Eleocharis1,2.860035285
F_chr1,Eleocharis1,2.457897925
F_chr1,Eleocharis1,2.28945964
F_chr1,Eleocharis1,2.39038687
F_chr1,Eleocharis1,2.207494322
F_chr1,Eleocharis1,2.364305177
F_chr1,Eleocharis1,1.394114881
F_chr1,Eleocharis1,2.533731801
F_chr1,Eleocharis1,1.575534668
F_chr1,Eleocharis1,3.301443299
F_chr1,Eleocharis1,2.529650865
F_chr1,Eleocharis1,2.589605735
F_chr1,Eleocharis1,3.5
F_chr1,Eleocharis1,3.333667335
F_chr1,Eleocharis1,2.732341557
F_chr1,Eleocharis1,2.648626145
F_chr1,Eleocharis1,2.03408327
F_chr1,Eleocharis1,2.759395293
F_chr1,Eleocharis1,1
F_chr1,Eleocharis1,2.412224434
F_chr1,Eleocharis1,2.447312811
F_chr1,Eleocharis1,2.948772113
F_chr1,Eleocharis1,2.492830088
F_chr1,Eleocharis1,2.835423864
F_chr1,Eleocharis1,1.914904415
F_chr1,Eleocharis1,2.830724936
F_chr1,Eleocharis1,1.558093494
F_chr1,Eleocharis1,2.540620224
F_chr1,Eleocharis1,2.463099254
F_chr1,Eleocharis1,2.283997389
F_chr1,Eleocharis1,2.370881309
F_chr1,Eleocharis1,2.432889964
F_chr1,Eleocharis1,1.51759307
F_chr1,Eleocharis1,2.289084791
F_chr1,Eleocharis1,2.158665938
F_chr1,Eleocharis1,2.462545387
F_chr1,Eleocharis1,3.197793454
F_chr1,Eleocharis1,2.681827402
F_chr1,Eleocharis1,2.865838747
F_chr1,Eleocharis1,2.831409359
F_chr1,Eleocharis1,2.996606527
F_chr1,Eleocharis1,3.114078025
F_chr1,Eleocharis1,2.017296698
F_chr1,Eleocharis1,3.356704298
F_chr1,Eleocharis1,3.192913386
F_chr1,Eleocharis1,2.47831623
F_chr1,Eleocharis1,2.078203762
F_chr1,Eleocharis2,2.086929967
F_chr1,Eleocharis2,2.33587506
F_chr1,Eleocharis2,2.5
F_chr1,Eleocharis2,1.573770711
F_chr1,Eleocharis2,3.301264873
F_chr1,Eleocharis2,2.137449301
F_chr1,Eleocharis2,2.654980066
F_chr1,Eleocharis2,2.677507555
F_chr1,Eleocharis2,3.144120735
F_chr1,Eleocharis2,2.5
F_chr1,Eleocharis2,2.755471914
F_chr1,Eleocharis2,3.311065118
F_chr1,Eleocharis2,2.466814606
F_chr1,Eleocharis2,2.111217464
F_chr1,Eleocharis2,3.068797408
F_chr1,Eleocharis2,1.207726445
F_chr1,Eleocharis2,2.808545798
F_chr1,Eleocharis2,2.500000811
F_chr1,Eleocharis2,2.783766458
F_chr1,Eleocharis2,2.5
F_chr1,Eleocharis2,2.575131527
F_chr1,Eleocharis2,3.013295758
F_chr1,Eleocharis2,2.931346668
F_chr1,Eleocharis2,2.09179935
F_chr1,Eleocharis2,2.349646504
F_chr1,Eleocharis2,2.608715006
F_chr1,Eleocharis2,2.653178402
F_chr1,Eleocharis2,2.207718184
F_chr1,Eleocharis2,3.055199267
F_chr1,Eleocharis2,2.387936932
F_chr1,Eleocharis2,2.412338148
F_chr1,Eleocharis2,2.559123556
F_chr1,Eleocharis2,2.814535516
F_chr1,Eleocharis2,2.054164219
F_chr1,Eleocharis2,2.080762662
F_chr1,Eleocharis2,1.90526047
F_chr1,Eleocharis2,2.330053772
F_chr1,Eleocharis2,2.553104586
F_chr1,Eleocharis2,2.537038929
F_chr1,Eleocharis2,3
F_chr1,Eleocharis2,2.497350993
F_chr1,Eleocharis2,3.170201685
F_chr1,Eleocharis2,3.061286184
F_chr1,Eleocharis2,3.152268369
F_chr1,Eleocharis2,3.042787198
F_chr1,Eleocharis2,1.806451613
F_chr1,Eleocharis2,2.085602014
F_chr1,Eleocharis2,2.440524977
F_chr1,Eleocharis2,3.295665592
F_chr1,Eleocharis2,3.351419051
F_chr1,Pond1,2.5
F_chr1,Pond1,2.753721245
F_chr1,Pond1,2.5
F_chr1,Pond1,1.862068966
F_chr1,Pond1,2
F_chr1,Pond1,2.400943396
F_chr1,Pond1,2.568181818
F_chr1,Pond1,2.672479457
F_chr1,Pond1,2.5
F_chr1,Pond1,1.2
F_chr1,Pond1,2.110385562
F_chr1,Pond1,1
F_chr1,Pond1,3.37
F_chr1,Pond1,3.033776711
F_chr1,Pond1,3.5
F_chr1,Pond1,2.900325663
F_chr1,Pond2,2.43933282
F_chr1,Pond2,2.250739891
F_chr1,Pond2,2.885324669
F_chr1,Pond2,3
F_chr1,Pond2,2.98050258
F_chr1,Pond2,2.832549971
F_chr1,Pond2,2.545454198
F_chr1,Pond2,2.974683532
F_chr2,Cladium1,2.330024176
F_chr2,Cladium1,1.938814532
F_chr2,Cladium1,2.5
F_chr2,Cladium1,2.038697146
F_chr2,Cladium1,2.979311956
F_chr2,Cladium1,2.760538879
F_chr2,Cladium1,2.717700665
F_chr2,Cladium1,2.453038029
F_chr2,Cladium1,2.899107586
F_chr2,Cladium1,1.901402686
F_chr2,Cladium1,2.553809729
F_chr2,Cladium1,2.5
F_chr2,Cladium1,2.970645904
F_chr2,Cladium1,2.595591169
F_chr2,Cladium1,2.385433715
F_chr2,Cladium2,2.50261233
F_chr2,Cladium2,2.419244934
F_chr2,Cladium2,2.454048647
F_chr2,Cladium2,2
F_chr2,Cladium2,3.202007892
F_chr2,Cladium2,2.529337091
F_chr2,Cladium2,3
F_chr2,Cladium2,2.658789679
F_chr2,Cladium2,1.841506416
F_chr2,Cladium2,2.813247745
F_chr2,Cladium2,2.449054979
F_chr2,Cladium2,2.666006185
F_chr2,Cladium2,2.917613802
F_chr2,Cladium2,2.537379603
F_chr2,Cladium2,2.5
F_chr2,Cladium2,2.397030083
F_chr2,Eleocharis1,2.84187421
F_chr2,Eleocharis1,2.5
F_chr2,Eleocharis1,2.636334698
F_chr2,Eleocharis1,2.733102422
F_chr2,Eleocharis1,3.170995847
F_chr2,Eleocharis1,2.547124252
F_chr2,Eleocharis1,2.656173407
F_chr2,Eleocharis1,2.579361331
F_chr2,Eleocharis1,2.5
F_chr2,Eleocharis1,2.978405753
F_chr2,Eleocharis1,1.433104406
F_chr2,Eleocharis1,2.192227461
F_chr2,Eleocharis1,1.570189688
F_chr2,Eleocharis1,2.038334918
F_chr2,Eleocharis1,2.534072376
F_chr2,Eleocharis1,2.568552241
F_chr2,Eleocharis1,1.2
F_chr2,Eleocharis1,2.490039406
F_chr2,Eleocharis1,2.969646435
F_chr2,Eleocharis1,3.37
F_chr2,Eleocharis1,3.17219572
F_chr2,Eleocharis1,3.478655685
F_chr2,Eleocharis1,2.009529008
F_chr2,Eleocharis2,2.5
F_chr2,Eleocharis2,2.731293646
F_chr2,Eleocharis2,3
F_chr2,Eleocharis2,2.887835623
F_chr2,Eleocharis2,2.307692308
F_chr2,Eleocharis2,2.067726679
F_chr2,Eleocharis2,2.56
F_chr2,Eleocharis2,2.629296887
F_chr2,Eleocharis2,2.501992032
F_chr2,Eleocharis2,1.681536001
F_chr2,Eleocharis2,2.841953879
F_chr2,Eleocharis2,2.515509192
F_chr2,Eleocharis2,2.496784063
F_chr2,Eleocharis2,2.333333333
F_chr2,Eleocharis2,2.874917385
F_chr2,Eleocharis2,3.048981696
F_chr2,Eleocharis2,2.925918015
F_chr2,Eleocharis2,1.066666667
F_chr2,Pond1,3.112745098
F_chr2,Pond1,3.19963616
F_chr2,Pond1,2.948785306
F_chr2,Pond1,2.488660583
F_chr2,Pond1,2.862594581
F_con1,Cladium1,1
F_con1,Cladium1,2.684842884
F_con1,Cladium1,2.675509419
F_con1,Cladium1,2.760001829
F_con1,Cladium1,2.5
F_con1,Cladium1,2.338624339
F_con1,Cladium1,2.34700802
F_con1,Cladium1,2.111381015
F_con1,Cladium1,3.32360006
F_con1,Cladium1,2.514276414
F_con1,Cladium1,2.469344141
F_con1,Cladium2,2.609987049
F_con1,Cladium2,2.310403885
F_con1,Cladium2,3.225239617
F_con1,Cladium2,2.516302023
F_con1,Cladium2,2.142862823
F_con1,Cladium2,2.810178511
F_con1,Cladium2,3.369890438
F_con1,Cladium2,2.963702929
F_con1,Cladium2,3.352401633
F_con1,Cladium2,2.091902427
F_con1,Cladium2,2.181146978
F_con1,Cladium2,2.5
F_con1,Cladium2,2.591003617
F_con1,Cladium2,2.236538909
F_con1,Cladium2,2.467734623
F_con1,Cladium2,2.90420586
F_con1,Cladium2,2.933773747
F_con1,Cladium2,2.739785533
F_con1,Cladium2,2.882484444
F_con1,Cladium2,2.265667389
F_con1,Cladium2,2.699988
F_con1,Cladium2,3.042832156
F_con1,Cladium2,2.830818966
F_con1,Eleocharis1,1.199905258
F_con1,Eleocharis1,2.271238339
F_con1,Eleocharis1,2.696308773
F_con1,Eleocharis1,2.975855617
F_con1,Eleocharis1,2.582952291
F_con1,Eleocharis1,2.027700831
F_con1,Eleocharis1,2.475528664
F_con1,Eleocharis1,2.022364904
F_con1,Eleocharis1,2.985619655
F_con1,Eleocharis1,2.520064205
F_con1,Eleocharis1,2.348438392
F_con1,Eleocharis1,2.086589061
F_con1,Eleocharis1,1.412096774
F_con1,Eleocharis1,2.531773871
F_con1,Eleocharis1,1.740769363
F_con1,Eleocharis1,2.591502007
F_con1,Eleocharis1,2.5
F_con1,Eleocharis1,2.612615823
F_con1,Eleocharis1,2.009564891
F_con1,Eleocharis1,2.92251462
F_con1,Eleocharis1,2.271583016
F_con1,Eleocharis1,2.20849351
F_con1,Eleocharis1,2.52217082
F_con1,Eleocharis1,2.550798258
F_con1,Eleocharis1,1.763914788
F_con1,Eleocharis1,2.366855874
F_con1,Eleocharis1,2.843821783
F_con1,Eleocharis2,3.1067494
F_con1,Eleocharis2,1.936621738
F_con1,Eleocharis2,2.5
F_con1,Eleocharis2,2.227842979
F_con1,Eleocharis2,2.923133777
F_con1,Eleocharis2,2.889413346
F_con1,Eleocharis2,2.571826064
F_con1,Eleocharis2,2.184625493
F_con1,Eleocharis2,2
F_con1,Eleocharis2,2.766178754
F_con1,Eleocharis2,2.056873982
F_con1,Eleocharis2,1.628737596
F_con1,Eleocharis2,2.071681879
F_con1,Eleocharis2,1.071251297
F_con1,Eleocharis2,2.645541275
F_con1,Eleocharis2,2.937354651
F_con1,Eleocharis2,2.528936743
F_con1,Pond1,2.662420382
F_con1,Pond1,2.239037257
F_con1,Pond1,1.942538593
F_con1,Pond1,3.208054966
F_con2,Cladium1,1.324254215
F_con2,Cladium1,2.74608131
F_con2,Cladium2,3.4999885
F_con2,Cladium2,3.37
F_con2,Cladium2,3.065651385
F_con2,Cladium2,2.783815789
F_con2,Cladium2,2.262560106
F_con2,Cladium2,2
F_con2,Cladium2,2.609430864
F_con2,Cladium2,2.5
F_con2,Cladium2,1.976150125
F_con2,Cladium2,2.49328144
F_con2,Eleocharis1,2.260166741
F_con2,Eleocharis1,3.239984741
F_con2,Eleocharis2,2.5
F_con2,Eleocharis2,3.388792475
F_con2,Eleocharis2,2.60587562
F_con2,Eleocharis2,2.049180408
F_con2,Eleocharis2,2.506861132
F_con2,Eleocharis2,2.979046305
F_con2,Eleocharis2,1.283889283
F_con2,Eleocharis2,2.447018432
F_con2,Eleocharis2,2.963269054
F_con2,Eleocharis2,2.724881876
F_con2,Eleocharis2,1
F_con2,Eleocharis2,2.410372137
F_con2,Eleocharis2,2.600310485
F_con2,Eleocharis2,2.210423602
F_con2,Eleocharis2,3.468031278
F_con2,Eleocharis2,3
F_con2,Eleocharis2,2.345766307
F_con2,Eleocharis2,2
F_con2,Eleocharis2,1.871925466
F_con2,Eleocharis2,2.995497273
F_con2,Eleocharis2,2.586996522
F_con2,Eleocharis2,3.355298004
F_con2,Eleocharis2,2.51028542
F_con2,Eleocharis2,3.5
F_con2,Eleocharis2,2.77166016
F_con2,Eleocharis2,3
G_hol1,Cladium1,1.600371234
G_hol1,Cladium1,2.472900337
G_hol1,Cladium1,3.339563697
G_hol1,Cladium1,2.892202869
G_hol1,Cladium1,1.201546715
G_hol1,Cladium1,2.057333394
G_hol1,Cladium1,2.75610856
G_hol1,Cladium1,2.577152778
G_hol1,Cladium1,3
G_hol1,Cladium1,2.77973385
G_hol1,Cladium1,2.5
G_hol1,Cladium1,2.057317004
G_hol1,Cladium1,1.47147817
G_hol1,Cladium1,2.202488391
G_hol1,Cladium1,2.063177699
G_hol1,Cladium1,2.136257832
G_hol1,Cladium1,2.446371091
G_hol1,Cladium1,2.519986215
G_hol1,Cladium1,2.194235612
G_hol1,Cladium1,2.646963846
G_hol1,Cladium1,1.893972592
G_hol1,Cladium1,2.362888886
G_hol1,Cladium1,2.405174758
G_hol1,Cladium1,3
G_hol1,Cladium1,1.630474155
G_hol1,Cladium1,2.529150027
G_hol1,Cladium2,2.546797399
G_hol1,Cladium2,2.790697772
G_hol1,Cladium2,2.594633176
G_hol1,Cladium2,2
G_hol1,Cladium2,1.768075575
G_hol1,Cladium2,3.090338844
G_hol1,Cladium2,2.672163855
G_hol1,Cladium2,3.136852366
G_hol1,Cladium2,2.270276732
G_hol1,Cladium2,2.382507466
G_hol1,Cladium2,2.8983266
G_hol1,Cladium2,2.930431964
G_hol1,Cladium2,2.779191644
G_hol1,Cladium2,2.386792174
G_hol1,Cladium2,2.28832451
G_hol1,Cladium2,2.189287042
G_hol1,Cladium2,2.214901812
G_hol1,Cladium2,2.172927613
G_hol1,Eleocharis1,2.499978622
G_hol1,Eleocharis1,2.679513641
G_hol1,Eleocharis1,2.686341093
G_hol1,Eleocharis1,2.897165981
G_hol1,Eleocharis1,1.970672454
G_hol1,Eleocharis1,2.386325893
G_hol1,Eleocharis1,2.038218724
G_hol1,Eleocharis1,2.510950721
G_hol1,Eleocharis1,2.584556718
G_hol1,Eleocharis1,2.911478671
G_hol1,Eleocharis1,1.927811258
G_hol1,Eleocharis1,2.756553562
G_hol1,Eleocharis1,2.645654707
G_hol1,Eleocharis1,3
G_hol1,Eleocharis1,1.2
G_hol1,Eleocharis1,2.237798462
G_hol1,Eleocharis1,2.857039656
G_hol1,Eleocharis1,2.682988197
G_hol1,Eleocharis1,3.171890304
G_hol1,Eleocharis1,3.359593918
G_hol1,Eleocharis1,2.281123369
G_hol1,Eleocharis1,3.018336037
G_hol1,Eleocharis1,3.160398947
G_hol1,Eleocharis1,3.29028754
G_hol1,Eleocharis1,2.695734834
G_hol1,Eleocharis2,2
G_hol1,Eleocharis2,1.596551724
G_hol1,Eleocharis2,3.000023693
G_hol1,Eleocharis2,1.001539235
G_hol1,Eleocharis2,2.500273336
G_hol1,Eleocharis2,2.521237147
G_hol1,Eleocharis2,2.449486589
G_hol1,Eleocharis2,2.500058476
G_hol1,Eleocharis2,2.667931753
G_hol1,Eleocharis2,2.36916695
G_hol1,Eleocharis2,2.000068343
G_hol1,Eleocharis2,2.24868836
G_hol1,Eleocharis2,2.500029596
G_hol1,Eleocharis2,1.28468682
G_hol1,Eleocharis2,2.467519734
G_hol1,Eleocharis2,2.953498539
G_hol1,Eleocharis2,3.055920016
G_hol1,Eleocharis2,2.336840771
G_hol1,Eleocharis2,3.21675759
G_hol1,Eleocharis2,2.41919985
G_hol1,Eleocharis2,2.967532516
G_hol1,Eleocharis2,3.499731026
G_hol1,Eleocharis2,2.91622578
G_hol1,Pond1,1.624819126
G_hol1,Pond1,2.534268265
G_hol1,Pond1,3
G_hol1,Pond1,2.5
G_hol1,Pond1,1.752220888
G_hol1,Pond1,2.737934088
G_hol1,Pond1,2.17
G_hol1,Pond1,2.086523902
G_hol1,Pond1,2.5
G_hol1,Pond1,2.376158767
G_hol1,Pond1,2.547715966
G_hol1,Pond1,3.249009735
G_hol1,Pond1,3.024370524
G_hol1,Pond1,3.114288889
G_hol1,Pond1,3.5
G_hol1,Pond1,2.922208149
G_hol1,Pond1,2.401487698
G_hol1,Pond1,2.260635359
G_hol1,Pond1,2.237122558
G_hol1,Pond1,2.582155675
G_hol1,Pond1,1.896676538
G_hol1,Pond1,2.679839034
G_hol1,Pond1,1.2
G_hol1,Pond1,2.5
G_hol1,Pond1,1
G_hol1,Pond2,2
G_hol1,Pond2,2.694844199
G_hol1,Pond2,2.499631043
G_hol1,Pond2,1.2
G_hol1,Pond2,2.5
G_hol1,Pond2,2.937336891
G_hol1,Pond2,3.37
G_hol1,Pond2,3.498868252
G_hol1,Pond2,2.564935167
G_hol1,Pond2,2.775206791
G_hol1,Pond2,2.754876644
G_hol1,Pond2,1.752143449
G_hol1,Pond2,3
G_hol1,Pond2,1.002251906
G_hol1,Pond2,2.501809635
G_hol1,Pond2,3
G_hol1,Pond2,2.845659569
G_hol1,Pond2,2.5
G_hol1,Pond2,2.000382243
G_hol1,Pond2,2.499343036
G_hol1,Pond2,2.553840491
G_hol1,Pond2,3
G_hol1,Pond2,2.500428096
G_hol1,Pond2,2.500983643
G_hol1,Pond2,2.001106872
G_hol2,Cladium1,2.597717283
G_hol2,Cladium1,2
G_hol2,Cladium1,3
G_hol2,Cladium1,2.695398718
G_hol2,Cladium1,2.637332503
G_hol2,Cladium1,2.237164537
G_hol2,Cladium1,1.395901595
G_hol2,Cladium1,2.5
G_hol2,Cladium1,1.453457001
G_hol2,Cladium1,2.5
G_hol2,Cladium1,2.528012228
G_hol2,Cladium1,2.36976335
G_hol2,Cladium1,2.337549731
G_hol2,Cladium1,2.959703435
G_hol2,Cladium1,2.007477333
G_hol2,Cladium1,2.013140198
G_hol2,Cladium1,2.395657984
G_hol2,Cladium1,2.420712898
G_hol2,Cladium1,1.2
G_hol2,Cladium1,2.601739331
G_hol2,Cladium1,2.528197087
G_hol2,Cladium1,2.985522007
G_hol2,Cladium1,3.368324557
G_hol2,Cladium1,3.5
G_hol2,Cladium1,2.880541911
G_hol2,Cladium2,2.796222656
G_hol2,Cladium2,3.408325087
G_hol2,Cladium2,3.165617537
G_hol2,Cladium2,2.422425641
G_hol2,Cladium2,2.608136035
G_hol2,Cladium2,2.209621969
G_hol2,Cladium2,2.491803041
G_hol2,Cladium2,1.894238622
G_hol2,Cladium2,2.080103327
G_hol2,Cladium2,2.789682906
G_hol2,Cladium2,2.28971937
G_hol2,Cladium2,3
G_hol2,Cladium2,2.627306733
G_hol2,Cladium2,2.483579022
G_hol2,Cladium2,3
G_hol2,Cladium2,2.5
G_hol2,Cladium2,2.457192785
G_hol2,Cladium2,2.157820635
G_hol2,Cladium2,2.520979135
G_hol2,Cladium2,1.988187493
G_hol2,Cladium2,2.558089723
G_hol2,Cladium2,2.654603758
G_hol2,Cladium2,2.5
G_hol2,Cladium2,2.478764213
G_hol2,Cladium2,2.5
G_hol2,Eleocharis1,2.844125096
G_hol2,Eleocharis1,2.659654152
G_hol2,Eleocharis1,1.245710945
G_hol2,Eleocharis1,2.685963883
G_hol2,Eleocharis1,2.266725759
G_hol2,Eleocharis1,2.836884066
G_hol2,Eleocharis1,3.068114772
G_hol2,Eleocharis1,2.461422366
G_hol2,Eleocharis1,2.930489166
G_hol2,Eleocharis1,3.038806881
G_hol2,Eleocharis1,3.34349214
G_hol2,Eleocharis1,2.92088569
G_hol2,Eleocharis1,1.19950473
G_hol2,Eleocharis1,2.548505693
G_hol2,Eleocharis1,2.504227904
G_hol2,Eleocharis1,3.000002748
G_hol2,Eleocharis1,1.861320227
G_hol2,Eleocharis1,2.509065136
G_hol2,Eleocharis1,2.5
G_hol2,Eleocharis1,2.216798593
G_hol2,Eleocharis1,2.834901411
G_hol2,Eleocharis1,2.334526648
G_hol2,Eleocharis1,2.495613877
G_hol2,Eleocharis1,2.000008491
G_hol2,Eleocharis1,2.5
G_hol2,Eleocharis1,2.406109906
G_hol2,Eleocharis2,1.166490312
G_hol2,Eleocharis2,2.257419258
G_hol2,Eleocharis2,2.848332754
G_hol2,Eleocharis2,3.121789425
G_hol2,Eleocharis2,3.123512738
G_hol2,Eleocharis2,3.11837135
G_hol2,Eleocharis2,2.275701276
G_hol2,Eleocharis2,2.277927289
G_hol2,Eleocharis2,3.5
G_hol2,Eleocharis2,2.873220091
G_hol2,Eleocharis2,1.089521823
G_hol2,Eleocharis2,2.600338629
G_hol2,Eleocharis2,2.976417397
G_hol2,Eleocharis2,2.97640794
G_hol2,Eleocharis2,3.046926876
G_hol2,Eleocharis2,2.270249084
G_hol2,Eleocharis2,2.83106235
G_hol2,Eleocharis2,2.064590418
G_hol2,Eleocharis2,3.5
G_hol2,Eleocharis2,2
G_hol2,Eleocharis2,2.114875787
G_hol2,Eleocharis2,2
G_hol2,Eleocharis2,1.272472656
G_hol2,Eleocharis2,2.202540534
G_hol2,Eleocharis2,1.240101284
G_hol2,Pond1,2.323182376
G_hol2,Pond1,2.46539422
G_hol2,Pond1,2.60167611
G_hol2,Pond1,2.912841159
G_hol2,Pond1,2.629749357
G_hol2,Pond1,2.422893449
G_hol2,Pond1,2.269348845
G_hol2,Pond1,2.307718755
G_hol2,Pond1,2.748436235
G_hol2,Pond1,3.463400798
G_hol2,Pond1,3.038681385
G_hol2,Pond1,1
G_hol2,Pond1,2.244311484
G_hol2,Pond1,2
G_hol2,Pond1,2
G_hol2,Pond1,2.5
G_hol2,Pond1,2.102272056
G_hol2,Pond1,2.55845492
G_hol2,Pond1,2.424302425
G_hol2,Pond1,2.93670118
G_hol2,Pond1,2.779097978
G_hol2,Pond1,1.884901378
G_hol2,Pond1,2
G_hol2,Pond1,2.949534879
G_hol2,Pond1,2.713980331
G_hol2,Pond2,2.511532388
G_hol2,Pond2,2.999366616
G_hol2,Pond2,2.5
G_hol2,Pond2,2.173677126
G_hol2,Pond2,2.499357964
G_hol2,Pond2,2.244186047
G_hol2,Pond2,3.009909165
G_hol2,Pond2,2.500472615
G_hol2,Pond2,2.500209956
G_hol2,Pond2,2.106804829
G_hol2,Pond2,2.351252609
G_hol2,Pond2,2.823293227
G_hol2,Pond2,1.488372093
G_hol2,Pond2,2.71244186
G_hol2,Pond2,2.816509036
G_hol2,Pond2,2.205735689
G_hol2,Pond2,1
G_hol2,Pond2,2.922281308
G_hol2,Pond2,2.448317809
G_hol2,Pond2,2.025130138
G_hol2,Pond2,1.487829825
G_hol2,Pond2,2.5
G_hol2,Pond2,2.474157626
G_hol2,Pond2,2.603982199
H_for1,Cladium1,2.915938866
H_for1,Cladium1,2.344977826
H_for1,Cladium1,2.765321753
H_for1,Cladium1,2.722765788
H_for1,Cladium1,1.811995383
H_for1,Cladium1,2
H_for1,Cladium1,2.863988814
H_for1,Cladium1,3
H_for1,Cladium1,3.011210968
H_for1,Cladium1,2.12609347
H_for1,Cladium1,2.942546219
H_for1,Cladium2,2.247027811
H_for1,Cladium2,2.757031238
H_for1,Cladium2,3.286623878
H_for1,Cladium2,2.122119257
H_for1,Cladium2,2.418119575
H_for1,Cladium2,1.712676514
H_for1,Cladium2,2.820223076
H_for1,Cladium2,1.227669927
H_for1,Cladium2,2.254620766
H_for1,Cladium2,2.741485358
H_for1,Cladium2,2.157585949
H_for1,Cladium2,2.306175431
H_for1,Cladium2,2.619148996
H_for1,Cladium2,2.264199144
H_for1,Cladium2,2.794634398
H_for1,Cladium2,2.50037472
H_for1,Cladium2,2.5
H_for1,Cladium2,1.641201941
H_for1,Cladium2,2.709130612
H_for1,Eleocharis1,2.911123953
H_for1,Eleocharis1,2.902347208
H_for1,Eleocharis1,2.77000231
H_for1,Eleocharis1,2.888850012
H_for1,Eleocharis1,2.747310297
H_for1,Eleocharis1,2.837735849
H_for1,Eleocharis1,2.386608989
H_for1,Eleocharis1,2.510312605
H_for1,Eleocharis1,1.275009706
H_for1,Eleocharis1,2.380847953
H_for1,Eleocharis1,2.61722488
H_for1,Eleocharis1,3.044834813
H_for1,Eleocharis1,1.716736402
H_for1,Eleocharis1,2.119536128
H_for1,Eleocharis1,1.866654637
H_for1,Eleocharis1,2.596723844
H_for1,Eleocharis1,3.291168795
H_for1,Eleocharis1,3.066876112
H_for1,Eleocharis1,2.42362956
H_for1,Eleocharis1,2.288425926
H_for1,Eleocharis1,2.647336977
H_for1,Eleocharis1,2.999954384
H_for1,Eleocharis1,2.506410256
H_for1,Eleocharis1,2.025683553
H_for1,Eleocharis1,2.578869537
H_for1,Eleocharis2,2.5
H_for1,Eleocharis2,2.500122652
H_for1,Eleocharis2,2.753253656
H_for1,Eleocharis2,2
H_for1,Eleocharis2,2.000306478
H_for1,Eleocharis2,2.460591209
H_for1,Eleocharis2,2.500150756
H_for1,Eleocharis2,1.034281195
H_for1,Eleocharis2,2.474835377
H_for1,Eleocharis2,2.428015653
H_for1,Eleocharis2,3.326309815
H_for1,Eleocharis2,3.374322659
H_for1,Eleocharis2,3.325343211
H_for1,Eleocharis2,2.082888807
H_for1,Eleocharis2,2.999877348
H_for1,Eleocharis2,3.403143772
H_for1,Eleocharis2,3
H_for1,Eleocharis2,1.13764976
H_for1,Eleocharis2,2.452225302
H_for1,Eleocharis2,2.999877363
H_for1,Eleocharis2,3
H_for1,Eleocharis2,2.027555584
H_for1,Eleocharis2,2.025205929
H_for1,Eleocharis2,2.499938674
H_for1,Eleocharis2,2
H_for1,Pond1,2.53029997
H_for1,Pond1,2.489820101
H_for1,Pond1,2.753823809
H_for1,Pond1,2.729184277
H_for1,Pond1,3.292810029
H_for1,Pond1,2.854183931
H_for1,Pond1,1.169354306
H_for1,Pond1,2.500460405
H_for1,Pond2,1.205188119
H_for1,Pond2,2.500057914
H_for1,Pond2,1.001171324
H_for1,Pond2,2.500133009
H_for1,Pond2,2.498478112
H_for2,Cladium1,2
H_for2,Cladium1,1.795279714
H_for2,Cladium1,2.765827771
H_for2,Cladium1,1.63321167
H_for2,Cladium1,2.429087857
H_for2,Cladium1,2.471622659
H_for2,Cladium1,2.604712538
H_for2,Cladium1,2.290967691
H_for2,Cladium1,2.690634084
H_for2,Cladium1,2.509728559
H_for2,Cladium1,2.498778255
H_for2,Cladium1,2.50005644
H_for2,Cladium1,2.499542563
H_for2,Cladium1,1.789671509
H_for2,Cladium1,2.01684289
H_for2,Cladium1,3
H_for2,Cladium1,2.951656626
H_for2,Cladium1,1.676238715
H_for2,Cladium1,2.841529611
H_for2,Cladium1,2.679316078
H_for2,Cladium1,2.875523103
H_for2,Cladium1,2.963998808
H_for2,Cladium1,2.85439726
H_for2,Cladium1,1.971021288
H_for2,Cladium1,2.682072183
H_for2,Cladium2,2.050999167
H_for2,Cladium2,2.5987698
H_for2,Cladium2,1.305784986
H_for2,Cladium2,2.126353873
H_for2,Cladium2,2.539700709
H_for2,Cladium2,2.463291663
H_for2,Cladium2,2.5
H_for2,Cladium2,3.084558674
H_for2,Cladium2,2.5
H_for2,Cladium2,2.373983302
H_for2,Cladium2,2.781101461
H_for2,Cladium2,2.702649545
H_for2,Cladium2,1.79518779
H_for2,Cladium2,2.373019086
H_for2,Cladium2,3.073747298
H_for2,Cladium2,3.37
H_for2,Cladium2,2.278578562
H_for2,Cladium2,2.79064852
H_for2,Cladium2,2.999896816
H_for2,Cladium2,2.567155678
H_for2,Cladium2,2.953456621
H_for2,Cladium2,2.873068702
H_for2,Cladium2,1.128799844
H_for2,Cladium2,2.429533137
H_for2,Cladium2,2.865020937
H_for2,Eleocharis1,2.725801791
H_for2,Eleocharis1,3.044418052
H_for2,Eleocharis1,2.992272157
H_for2,Eleocharis1,2.902948728
H_for2,Eleocharis1,2.935617826
H_for2,Eleocharis1,2.024616598
H_for2,Eleocharis1,2.719270346
H_for2,Eleocharis1,1.319296575
H_for2,Eleocharis1,2.504754358
H_for2,Eleocharis1,2.306875144
H_for2,Eleocharis1,2.577795786
H_for2,Eleocharis1,2.797710535
H_for2,Eleocharis1,2.280623118
H_for2,Eleocharis1,2.521923266
H_for2,Eleocharis1,2.546781346
H_for2,Eleocharis1,2.504935032
H_for2,Eleocharis1,2.601251756
H_for2,Eleocharis1,2.66202946
H_for2,Eleocharis1,2.166689881
H_for2,Eleocharis1,1.401438849
H_for2,Eleocharis1,2.535581646
H_for2,Eleocharis1,2.192825326
H_for2,Eleocharis1,2.525583549
H_for2,Eleocharis1,2.455717285
H_for2,Eleocharis1,2
H_for2,Eleocharis2,3.496360023
H_for2,Eleocharis2,3.226192312
H_for2,Eleocharis2,2.597500146
H_for2,Eleocharis2,2.979779313
H_for2,Eleocharis2,2.5
H_for2,Eleocharis2,2.865207259
H_for2,Eleocharis2,1.040441374
H_for2,Eleocharis2,2.5
H_for2,Eleocharis2,2.935284031
H_for2,Eleocharis2,2.96076635
H_for2,Eleocharis2,2.757828613
H_for2,Eleocharis2,2
H_for2,Eleocharis2,2.573180549
H_for2,Eleocharis2,2.055404683
H_for2,Eleocharis2,2.884824579
H_for2,Eleocharis2,2.705794247
H_for2,Eleocharis2,2.247476329
H_for2,Eleocharis2,2.040441374
H_for2,Eleocharis2,1.37879871
H_for2,Eleocharis2,2.520220687
H_for2,Eleocharis2,1
H_for2,Eleocharis2,2.447080304
H_for2,Eleocharis2,2.500048884
H_for2,Pond1,2.61620474
H_for2,Pond1,1.969824708
H_for2,Pond1,2.219752097
H_for2,Pond1,2.645889552
H_for2,Pond1,2.630264577
H_for2,Pond1,2.854402203
H_for2,Pond2,3
H_for2,Pond2,2
H_for2,Pond2,2.410959237
H_for2,Pond2,2.5
H_for2,Pond2,2.581545673
H_for2,Pond2,1.49621437
H_for2,Pond2,2.5
H_for2,Pond2,2.99988284
H_for2,Pond2,3.37
J_flo1,Cladium1,3.445312533
J_flo1,Cladium1,2.946075907
J_flo1,Cladium1,1.055257371
J_flo1,Cladium1,2.646833802
J_flo1,Cladium2,2.991081151
J_flo1,Cladium2,2.99114792
J_flo1,Cladium2,2.585509016
J_flo1,Cladium2,2.017837699
J_flo1,Cladium2,2.5
J_flo1,Cladium2,2
J_flo1,Eleocharis1,2.417404621
J_flo1,Eleocharis1,2.062424589
J_flo1,Eleocharis1,2.508533884
J_flo1,Eleocharis1,2.458555946
J_flo1,Eleocharis1,3.086303462
J_flo1,Eleocharis1,3.423438114
J_flo1,Eleocharis1,2.321336761
J_flo1,Eleocharis1,2.02049379
J_flo1,Eleocharis1,1.370019504
J_flo1,Eleocharis1,2.532511993
J_flo1,Eleocharis1,1.238064827
J_flo1,Eleocharis1,2.484111637
J_flo1,Eleocharis1,2.540051646
J_flo1,Eleocharis1,2.591575958
J_flo1,Eleocharis1,2.507806024
J_flo1,Eleocharis1,2.850725732
J_flo1,Eleocharis1,2.03943173
J_flo1,Eleocharis1,2
J_flo1,Eleocharis1,2.435560754
J_flo1,Eleocharis1,2.499996283
J_flo1,Eleocharis1,1.269157099
J_flo1,Eleocharis1,2.5
J_flo1,Eleocharis1,2.977079108
J_flo1,Eleocharis1,2.029028943
J_flo1,Eleocharis1,3.084900567
J_flo1,Eleocharis2,2.998797543
J_flo1,Eleocharis2,1
J_flo1,Eleocharis2,2.5
J_flo1,Eleocharis2,2.689655429
J_flo1,Eleocharis2,2.999776885
J_flo1,Pond1,3.2398763
J_flo1,Pond1,2.852304507
J_flo1,Pond1,1.003350867
J_flo2,Cladium1,3.04644354
J_flo2,Cladium1,3.142857372
J_flo2,Cladium1,2.60368685
J_flo2,Cladium1,2.5
J_flo2,Cladium1,2.119894493
J_flo2,Cladium1,1.200654307
J_flo2,Cladium1,2.551851873
J_flo2,Cladium1,1.397818716
J_flo2,Cladium1,2.49987276
J_flo2,Cladium1,2.5
J_flo2,Cladium1,2.645161668
J_flo2,Cladium1,2.553695974
J_flo2,Cladium1,2.852135203
J_flo2,Cladium1,2.000254481
J_flo2,Cladium1,2.5
J_flo2,Cladium1,2.527343734
J_flo2,Cladium2,2.509052316
J_flo2,Cladium2,1.307466614
J_flo2,Cladium2,2.491081151
J_flo2,Cladium2,2.97890308
J_flo2,Cladium2,3.366973128
J_flo2,Cladium2,3.499930813
J_flo2,Cladium2,3.383273162
J_flo2,Cladium2,2.99081431
J_flo2,Cladium2,2.911336094
J_flo2,Cladium2,3.27528097
J_flo2,Cladium2,2.974227405
J_flo2,Cladium2,1
J_flo2,Cladium2,2.5
J_flo2,Cladium2,2.998001333
J_flo2,Cladium2,2.95578297
J_flo2,Cladium2,2.575455684
J_flo2,Cladium2,2.1523507
J_flo2,Cladium2,2.455036685
J_flo2,Cladium2,2
J_flo2,Cladium2,3.044159547
J_flo2,Cladium2,2.5
J_flo2,Cladium2,2.476984592
J_flo2,Cladium2,2.000069187
J_flo2,Cladium2,1.231867487
J_flo2,Cladium2,2.618271578
J_flo2,Eleocharis1,2.390430662
J_flo2,Eleocharis1,2.50000386
J_flo2,Eleocharis1,2.5
J_flo2,Eleocharis1,2.460285968
J_flo2,Eleocharis1,2.461546599
J_flo2,Eleocharis1,2.980769231
J_flo2,Eleocharis1,2.033717421
J_flo2,Eleocharis1,2.000001964
J_flo2,Eleocharis1,2.034320557
J_flo2,Eleocharis1,2.500001923
J_flo2,Eleocharis1,1.203576603
J_flo2,Eleocharis1,2.491456223
J_flo2,Eleocharis1,2.952594419
J_flo2,Eleocharis1,3.258143121
J_flo2,Eleocharis1,3.386438022
J_flo2,Eleocharis1,3.452958173
J_flo2,Eleocharis1,2.939866303
J_flo2,Eleocharis1,2.859071055
J_flo2,Eleocharis1,3.405812875
J_flo2,Eleocharis1,3
J_flo2,Eleocharis1,1.008959011
J_flo2,Eleocharis1,2.5
J_flo2,Eleocharis1,2.995520495
J_flo2,Eleocharis1,2.99565301
J_flo2,Eleocharis1,2.490373215
J_flo2,Eleocharis2,2
J_flo2,Eleocharis2,2.499814355
J_flo2,Eleocharis2,2
J_flo2,Eleocharis2,2.999814355
J_flo2,Eleocharis2,2.5
J_flo2,Eleocharis2,2.499324068
J_flo2,Eleocharis2,2.000762768
J_flo2,Eleocharis2,1.20132812
J_flo2,Eleocharis2,2.5
J_flo2,Eleocharis2,1
J_flo2,Eleocharis2,2.5
J_flo2,Eleocharis2,2.5
J_flo2,Eleocharis2,2.500288722
J_flo2,Eleocharis2,2.5
J_flo2,Eleocharis2,3
J_flo2,Eleocharis2,2
J_flo2,Eleocharis2,2.073827217
J_flo2,Eleocharis2,2.500474153
J_flo2,Eleocharis2,2.5
J_flo2,Eleocharis2,1.342080846
J_flo2,Eleocharis2,2.5
J_flo2,Eleocharis2,2.926136429
J_flo2,Eleocharis2,3.315340958
J_flo2,Eleocharis2,3.499814355
J_flo2,Eleocharis2,3.278026169
J_flo2,Eleocharis2,3
J_flo2,Pond1,2.654756107
J_flo2,Pond1,3.07037721
J_flo2,Pond1,3.298886963
J_flo2,Pond1,3.447353052
J_flo2,Pond1,3.395196573
J_flo2,Pond1,3.072875509
J_flo2,Pond1,2.858452671
J_flo2,Pond1,3.186062325
J_flo2,Pond1,2.941553238
J_flo2,Pond1,1.077107507
J_flo2,Pond1,2.508981994
J_flo2,Pond1,2.818495115
J_flo2,Pond1,2.95613519
J_flo2,Pond1,2.500311584
L_goo1,Cladium1,2.639276291
L_goo1,Cladium1,3.359112034
L_goo1,Cladium1,2.629114162
L_goo1,Cladium1,1.618987119
L_goo1,Cladium1,2.203439727
L_goo1,Cladium1,2.916805324
L_goo1,Cladium1,2.672176309
L_goo1,Cladium1,2.526472864
L_goo1,Cladium1,2.402276292
L_goo1,Cladium1,2.529938183
L_goo1,Cladium1,2.714816922
L_goo1,Cladium1,1.747589106
L_goo1,Cladium1,2.755062051
L_goo1,Cladium1,1.357142857
L_goo1,Cladium1,2.12090606
L_goo1,Cladium1,2.543445348
L_goo1,Cladium1,2.5
L_goo1,Cladium1,2.065273095
L_goo1,Cladium1,2.395607663
L_goo1,Cladium1,2.049718574
L_goo1,Cladium1,2.217912553
L_goo1,Cladium1,2.777650999
L_goo1,Cladium2,2.580682342
L_goo1,Cladium2,1.791385407
L_goo1,Cladium2,2.838778811
L_goo1,Cladium2,2.852513932
L_goo1,Cladium2,2.923873325
L_goo1,Cladium2,2.061931834
L_goo1,Cladium2,3.004562044
L_goo1,Cladium2,2.764192614
L_goo1,Cladium2,2.568196401
L_goo1,Cladium2,2.810492228
L_goo1,Cladium2,2.771758326
L_goo1,Cladium2,1.276226732
L_goo1,Cladium2,2.289174166
L_goo1,Cladium2,2.552335456
L_goo1,Cladium2,2.325131279
L_goo1,Cladium2,1.211171949
L_goo1,Cladium2,2.179461615
L_goo1,Cladium2,2.399093499
L_goo1,Cladium2,2.67344012
L_goo1,Cladium2,1.926658091
L_goo1,Cladium2,2.949860125
L_goo1,Eleocharis1,2.550159741
L_goo1,Eleocharis1,2.833450026
L_goo1,Eleocharis1,2.135590414
L_goo1,Eleocharis1,2.556845627
L_goo1,Eleocharis1,2.075647813
L_goo1,Eleocharis1,2.416575456
L_goo1,Eleocharis1,2.048963868
L_goo1,Eleocharis1,2.670450663
L_goo1,Eleocharis1,2.135596364
L_goo1,Eleocharis1,2.5
L_goo1,Eleocharis1,2.360719652
L_goo1,Eleocharis1,2.330994387
L_goo1,Eleocharis1,2.5
L_goo1,Eleocharis1,2.179378498
L_goo1,Eleocharis1,1.555295377
L_goo1,Eleocharis1,2.383878113
L_goo1,Eleocharis1,2.857142857
L_goo1,Eleocharis1,2.884731193
L_goo1,Eleocharis1,2.070867288
L_goo1,Eleocharis1,2.499967598
L_goo1,Eleocharis1,2.894593996
L_goo1,Eleocharis1,2.950639513
L_goo1,Eleocharis1,2.648882017
L_goo1,Eleocharis1,2.955522972
L_goo1,Eleocharis1,2.722004088
L_goo1,Eleocharis1,2.35217601
L_goo1,Eleocharis1,2.872626592
L_goo1,Eleocharis1,2.564192438
L_goo1,Eleocharis1,2.341403343
L_goo1,Eleocharis1,2.160839948
L_goo1,Eleocharis1,2.878246648
L_goo1,Eleocharis1,2.743664856
L_goo1,Eleocharis1,1.13444926
L_goo1,Eleocharis1,2.56046113
L_goo1,Eleocharis1,2.500012751
L_goo1,Eleocharis1,2.429184549
L_goo1,Eleocharis1,2.449415658
L_goo1,Eleocharis1,2.638736088
L_goo1,Eleocharis1,2.132825155
L_goo1,Eleocharis1,2.464930362
L_goo1,Eleocharis1,1.836720363
L_goo1,Eleocharis1,2.534573242
L_goo1,Eleocharis1,1.62285376
L_goo1,Eleocharis1,2.306711331
L_goo1,Eleocharis1,2.389752494
L_goo1,Eleocharis1,2.504415011
L_goo1,Eleocharis1,3.081478466
L_goo1,Eleocharis1,2.99339155
L_goo1,Eleocharis1,1.666268251
L_goo1,Eleocharis1,2.510701518
L_goo1,Eleocharis1,2.608
L_goo1,Eleocharis2,2.77537774
L_goo1,Eleocharis2,2.176038047
L_goo1,Eleocharis2,2.478235187
L_goo1,Eleocharis2,2.824960237
L_goo1,Eleocharis2,2.629743853
L_goo1,Eleocharis2,2.935251023
L_goo1,Eleocharis2,2.797835956
L_goo1,Eleocharis2,1.599389158
L_goo1,Eleocharis2,2.20721031
L_goo1,Eleocharis2,1.463126
L_goo1,Eleocharis2,3.285855466
L_goo1,Eleocharis2,1.945370569
L_goo1,Eleocharis2,2.315401786
L_goo1,Eleocharis2,2.574020017
L_goo1,Eleocharis2,2.208758612
L_goo1,Eleocharis2,1.398069669
L_goo1,Eleocharis2,2.572813986
L_goo1,Eleocharis2,2.416666667
L_goo1,Eleocharis2,2
L_goo1,Eleocharis2,1.346028292
L_goo1,Eleocharis2,2.810025177
L_goo1,Eleocharis2,1.936013307
L_goo1,Eleocharis2,2.478822075
L_goo1,Eleocharis2,2.817817014
L_goo1,Eleocharis2,2.634607625
L_goo1,Eleocharis2,2.416796709
L_goo1,Eleocharis2,2.6576339
L_goo1,Eleocharis2,2.666023166
L_goo1,Eleocharis2,2.279828609
L_goo1,Eleocharis2,2.855282924
L_goo1,Eleocharis2,2.487096167
L_goo1,Eleocharis2,1.59548568
L_goo1,Eleocharis2,2.496549515
L_goo1,Eleocharis2,1.919645048
L_goo1,Eleocharis2,2.635760233
L_goo1,Eleocharis2,2.006216383
L_goo1,Eleocharis2,2.522995649
L_goo1,Eleocharis2,2.806907464
L_goo1,Eleocharis2,2.669863536
L_goo1,Eleocharis2,3.272282761
L_goo1,Eleocharis2,3.019747123
L_goo1,Pond1,3
L_goo1,Pond1,2.999976427
L_goo1,Pond1,3.347211612
L_goo1,Pond1,2.63814695
L_goo1,Pond1,1
L_goo1,Pond1,2.5
L_goo1,Pond1,2.86768067
L_goo1,Pond1,2.999984999
L_goo1,Pond1,2.698807157
L_goo1,Pond1,2
L_goo1,Pond1,3
L_goo1,Pond1,2.658324761
L_goo1,Pond1,3.477860911
L_goo1,Pond1,3.118147448
L_goo1,Pond1,2.968961914
L_goo1,Pond1,2.5
L_goo1,Pond1,2.881124673
L_goo1,Pond1,3
L_goo1,Pond1,1.442151805
L_goo1,Pond1,2.073412698
L_goo1,Pond1,2.928517414
L_goo1,Pond1,2.905959032
L_goo1,Pond1,2.5
L_goo1,Pond1,2.674530536
L_goo1,Pond1,2.34397888
L_goo1,Pond1,2.289710905
L_goo2,Cladium1,2.28712854
L_goo2,Cladium1,2.872929834
L_goo2,Cladium1,1.950689127
L_goo2,Cladium1,2.876884422
L_goo2,Cladium1,2.652171561
L_goo2,Cladium1,2.965704054
L_goo2,Cladium1,3.224989238
L_goo2,Cladium1,3.032860717
L_goo2,Cladium1,1.340917628
L_goo2,Cladium1,2.335769888
L_goo2,Cladium1,2.749378991
L_goo2,Cladium1,2.828113174
L_goo2,Cladium1,1.652855925
L_goo2,Cladium1,2.221401093
L_goo2,Cladium1,2.791391538
L_goo2,Cladium1,2.512132617
L_goo2,Cladium1,2.885823033
L_goo2,Cladium1,2.920529221
L_goo2,Cladium1,2.45619561
L_goo2,Cladium1,2.339806941
L_goo2,Cladium1,2.872017893
L_goo2,Cladium1,2.523037969
L_goo2,Cladium1,1.174157765
L_goo2,Cladium1,2.595712225
L_goo2,Cladium1,2.506749007
L_goo2,Cladium1,2.619149637
L_goo2,Cladium1,1.293864159
L_goo2,Cladium1,2.703195812
L_goo2,Cladium1,2.155761541
L_goo2,Cladium1,2.266812735
L_goo2,Cladium1,2.749177877
L_goo2,Cladium1,2.605664715
L_goo2,Cladium1,2.241371355
L_goo2,Cladium1,2.142972025
L_goo2,Cladium1,2.840280732
L_goo2,Cladium1,3.274282645
L_goo2,Cladium1,2.759734043
L_goo2,Cladium1,3.255339836
L_goo2,Cladium2,2.974146754
L_goo2,Cladium2,2.996302091
L_goo2,Cladium2,2.536268097
L_goo2,Cladium2,2.92786853
L_goo2,Cladium2,2.089517625
L_goo2,Cladium2,2.5
L_goo2,Cladium2,2.766717358
L_goo2,Cladium2,2.6155259
L_goo2,Cladium2,2.417306122
L_goo2,Cladium2,2.374623918
L_goo2,Cladium2,1.901725312
L_goo2,Cladium2,2.013452915
L_goo2,Cladium2,2.294329897
L_goo2,Cladium2,2.895197117
L_goo2,Cladium2,2.909138484
L_goo2,Cladium2,2.485033557
L_goo2,Cladium2,1.555594795
L_goo2,Cladium2,3.03666758
L_goo2,Cladium2,1.020118343
L_goo2,Cladium2,2.432982267
L_goo2,Cladium2,2.505840441
L_goo2,Cladium2,2.589497268
L_goo2,Cladium2,2.459771076
L_goo2,Cladium2,2.453274501
L_goo2,Cladium2,2.126956126
L_goo2,Cladium2,2.02193159
L_goo2,Cladium2,2.426829893
L_goo2,Cladium2,2.874853249
L_goo2,Cladium2,1.7585485
L_goo2,Cladium2,2.472930927
L_goo2,Cladium2,2.06417523
L_goo2,Cladium2,2.967827032
L_goo2,Cladium2,2.874992291
L_goo2,Cladium2,3.285157371
L_goo2,Cladium2,2.833131156
L_goo2,Cladium2,2.244109388
L_goo2,Cladium2,2.602929657
L_goo2,Cladium2,3.019977024
L_goo2,Cladium2,1.673366834
L_goo2,Cladium2,2.493394276
L_goo2,Cladium2,2.725937254
L_goo2,Cladium2,2.767559844
L_goo2,Cladium2,2.411246418
L_goo2,Cladium2,2.006388179
L_goo2,Cladium2,3.094335173
L_goo2,Cladium2,2.590913925
L_goo2,Cladium2,3.298073344
L_goo2,Cladium2,2.753394973
L_goo2,Cladium2,2.677708946
L_goo2,Eleocharis1,2.557380333
L_goo2,Eleocharis1,1.318397568
L_goo2,Eleocharis1,2.508662652
L_goo2,Eleocharis1,1.255116577
L_goo2,Eleocharis1,2.502533814
L_goo2,Eleocharis1,2.500266149
L_goo2,Eleocharis1,2.540464281
L_goo2,Eleocharis1,2.494911381
L_goo2,Eleocharis1,2.691332206
L_goo2,Eleocharis1,2.165948879
L_goo2,Eleocharis1,2.264638633
L_goo2,Eleocharis1,2.500015757
L_goo2,Eleocharis1,2.486296843
L_goo2,Eleocharis1,1.647446052
L_goo2,Eleocharis1,2.95210775
L_goo2,Eleocharis1,2.531320423
L_goo2,Eleocharis1,2.85823399
L_goo2,Eleocharis1,2.100954104
L_goo2,Eleocharis1,2.749192519
L_goo2,Eleocharis1,2.895083123
L_goo2,Eleocharis1,3.280309056
L_goo2,Eleocharis1,2.838533634
L_goo2,Eleocharis1,2.698891057
L_goo2,Eleocharis1,1.38017192
L_goo2,Eleocharis1,2.482179226
L_goo2,Eleocharis1,2.650854182
L_goo2,Eleocharis1,2.72238688
L_goo2,Eleocharis1,2.492664524
L_goo2,Eleocharis1,2.660015476
L_goo2,Eleocharis1,2.611524765
L_goo2,Eleocharis1,2.920431601
L_goo2,Eleocharis1,3.044496732
L_goo2,Eleocharis1,2.939808482
L_goo2,Eleocharis1,2.552163752
L_goo2,Eleocharis1,2.311540362
L_goo2,Eleocharis2,1.251463879
L_goo2,Eleocharis2,2.500006956
L_goo2,Eleocharis2,1.199164023
L_goo2,Eleocharis2,2.506329114
L_goo2,Eleocharis2,2.423368633
L_goo2,Eleocharis2,2.476204161
L_goo2,Eleocharis2,2.422814112
L_goo2,Eleocharis2,2.92377518
L_goo2,Eleocharis2,2.654508091
L_goo2,Eleocharis2,2.704179335
L_goo2,Eleocharis2,2.607714429
L_goo2,Eleocharis2,2.520386921
L_goo2,Eleocharis2,1.203115468
L_goo2,Eleocharis2,2.389755011
L_goo2,Eleocharis2,2.779763131
L_goo2,Eleocharis2,3.196144824
L_goo2,Eleocharis2,2.380233448
L_goo2,Eleocharis2,2.811177365
L_goo2,Eleocharis2,2.943278195
L_goo2,Eleocharis2,3.017194053
L_goo2,Eleocharis2,1.868625147
L_goo2,Eleocharis2,2.611128478
L_goo2,Eleocharis2,1.102372035
L_goo2,Eleocharis2,2.409010077
L_goo2,Eleocharis2,2.654010152
L_goo2,Eleocharis2,2.637866478
L_goo2,Eleocharis2,2.466028401
L_goo2,Eleocharis2,2.257224335
L_goo2,Eleocharis2,1.878184074
L_goo2,Eleocharis2,2.810345464
L_goo2,Eleocharis2,2.695987206
L_goo2,Eleocharis2,2.526831948
L_goo2,Eleocharis2,2.719863309
L_goo2,Eleocharis2,2.193342897
L_goo2,Eleocharis2,2.24988131
L_goo2,Eleocharis2,2.64921954
L_goo2,Eleocharis2,1.564428076
L_goo2,Eleocharis2,2.567659776
L_goo2,Pond1,2.848709899
L_goo2,Pond1,2.885599945
L_goo2,Pond1,1.763803456
L_goo2,Pond1,2.120892752
L_goo2,Pond1,2.701669119
L_goo2,Pond1,2.24903363
L_goo2,Pond1,2.675208481
L_goo2,Pond1,2.545147538
L_goo2,Pond1,2.351457399
L_goo2,Pond1,2
L_goo2,Pond1,1.50242387
L_goo2,Pond1,2.549678138
L_goo2,Pond1,2.348342901
L_goo2,Pond1,2.162931468
L_goo2,Pond1,2.320287119
L_goo2,Pond1,2.889600764
L_goo2,Pond1,2.885558103
L_gul1,Cladium1,3
L_gul1,Cladium1,1.385714286
L_gul1,Cladium2,2
L_gul1,Eleocharis2,1.148141746
L_gul1,Pond1,2.5
L_gul1,Pond1,1.211302211
L_gul1,Pond1,2.656756757
L_gul1,Pond1,2.5
L_gul1,Pond1,2.621052506
L_gul1,Pond1,3
L_gul1,Pond1,2.5
L_gul1,Pond1,2.965838509
L_gul1,Pond1,2.052825553
L_gul1,Pond1,2.5
L_gul1,Pond1,2.5
L_gul1,Pond1,1.486129981
L_gul1,Pond1,2.5
L_gul1,Pond1,2.982316534
L_gul1,Pond1,3.337010582
L_gul1,Pond1,3.222222222
L_gul1,Pond1,2.5
L_gul1,Pond1,3
L_gul1,Pond2,2.909747292
L_gul1,Pond2,3.5
L_gul1,Pond2,3
L_gul1,Pond2,2.5
L_gul1,Pond2,2.5
L_gul1,Pond2,3
L_gul2,Eleocharis2,3
L_gul2,Eleocharis2,2.5
L_gul2,Eleocharis2,2
L_gul2,Pond1,2.5
L_gul2,Pond1,2.042520379
L_gul2,Pond1,3
L_gul2,Pond1,2.5
L_gul2,Pond1,3.155172414
L_gul2,Pond1,2.040241449
L_gul2,Pond1,2.5
L_gul2,Pond1,2.901291513
L_gul2,Pond1,1.191793893
L_gul2,Pond1,2.615559772
L_gul2,Pond1,2.539351852
L_gul2,Pond1,2.5
L_gul2,Pond1,1
L_gul2,Pond1,2.883313886
L_gul2,Pond1,2.344332855
L_gul2,Pond1,2
L_gul2,Pond1,2.5
L_gul2,Pond1,3
L_gul2,Pond1,1.2
L_gul2,Pond1,2.5
L_gul2,Pond1,3
L_gul2,Pond1,2.832112223
L_gul2,Pond1,2.5
L_gul2,Pond2,2.5
L_gul2,Pond2,2.77624297
L_gul2,Pond2,3
L_gul2,Pond2,2.5
L_gul2,Pond2,3
L_gul2,Pond2,2.5
L_gul3,Cladium1,2.5
L_gul3,Eleocharis1,2.535031847
L_gul3,Eleocharis1,2.9
L_gul3,Eleocharis1,2.5
L_gul3,Pond1,2.795141654
L_gul3,Pond1,2
L_gul3,Pond1,2
L_gul3,Pond1,2.715083799
L_gul3,Pond1,3.37
L_gul3,Pond1,1.2
L_gul3,Pond1,2
L_gul3,Pond1,2.5
L_gul3,Pond1,3.37
L_gul3,Pond1,3.5
L_gul3,Pond1,3.5
L_gul3,Pond1,3
L_gul3,Pond1,3.005453757
L_gul3,Pond1,3.5
L_gul3,Pond1,3
L_gul3,Pond1,2.45440806
L_gul3,Pond1,3.37
L_gul3,Pond1,2.930082559
L_gul3,Pond1,2.347623486
L_gul3,Pond1,2.5
L_gul3,Pond1,3
L_gul3,Pond1,3.070228091
L_gul3,Pond1,3.081926283
L_gul3,Pond1,3.395041322
L_gul3,Pond1,3.334745763
L_gul3,Pond1,2.683001107
L_gul3,Pond1,2.982462419
L_gul3,Pond1,2.929133858
L_gul3,Pond1,2
L_gul3,Pond2,1
L_gul3,Pond2,2.658982512
L_gul3,Pond2,3
L_gul3,Pond2,2.589230769
L_gul3,Pond2,2.520979021
L_gul3,Pond2,3.5
L_gul3,Pond2,1.2
L_gul3,Pond2,2
L_gul3,Pond2,1
L_gul3,Pond2,2.629870034
L_gul3,Pond2,2.5
L_gul3,Pond2,2.773195956
L_gul4,Cladium1,1.2
L_gul4,Eleocharis1,2.376712329
L_gul4,Eleocharis2,3.5
L_gul4,Eleocharis2,2.50265252
L_gul4,Pond1,1.2
L_gul4,Pond1,2.987364621
L_gul4,Pond1,3.491266376
L_gul4,Pond1,3
L_gul4,Pond1,2
L_gul4,Pond1,3.37
L_gul4,Pond1,3.5
L_gul4,Pond1,3
L_gul4,Pond1,1.629496403
L_gul4,Pond1,2
L_gul4,Pond1,1.895454545
L_gul4,Pond1,3.315864392
L_gul4,Pond1,1
L_gul4,Pond1,2.680433039
L_gul4,Pond2,3
L_gul4,Pond2,2.780548628
L_gul4,Pond2,2.5
L_gul4,Pond2,3
L_gul4,Pond2,2.963855422
L_gul4,Pond2,2
L_gul4,Pond2,2.985479173
L_gul4,Pond2,3.37
L_gul4,Pond2,2.524390244
L_gul4,Pond2,2.5
L_gul4,Pond2,1.2
L_gul4,Pond2,2
L_gul4,Pond2,3
L_gul4,Pond2,3.5
L_gul4,Pond2,2.5
L_gul4,Pond2,2.147887428
L_mac,Eleocharis1,2.106870229
L_mac,Eleocharis2,2.625
L_mac,Eleocharis2,1.158040913
L_mac,Pond1,2.713377016
L_mac,Pond1,2.750595238
L_mac,Pond1,3.24762963
L_mac,Pond1,2.968691589
L_mac,Pond1,3.086332149
L_mac,Pond1,3.038897893
L_mac,Pond1,3.10074883
L_mac,Pond1,2.512996942
L_mac,Pond1,3.005882353
L_mac,Pond1,2.102815177
L_mac,Pond1,2.605499439
L_mac,Pond1,2.748765771
L_mac,Pond1,3
L_mac,Pond1,2.324717286
L_mac,Pond1,2.426540284
L_mac,Pond1,2.00598389
L_mac,Pond1,2.365539452
L_mac,Pond1,2.5
L_mac,Pond1,2.5
L_mac,Pond1,1.2
L_mac,Pond1,2.5
L_mac,Pond1,2.5
L_mac,Pond1,2.913452493
L_mac,Pond1,2.328144854
L_mac,Pond1,2.290200138
L_mac,Pond1,2.867978533
L_mac,Pond1,2.442528736
L_mac,Pond1,2.961139896
L_mac,Pond1,2.836951673
L_mac,Pond1,3
L_mac,Pond1,2.938356164
L_mac,Pond1,2.5
L_mac,Pond1,2.5
L_mac,Pond1,2.998589201
L_mac,Pond1,2.404761905
L_mac,Pond1,3
L_mac,Pond2,3
L_mac,Pond2,1.942398286
L_mac,Pond2,2.5
L_mar,Cladium1,2.459677419
L_mar,Cladium1,2.794285714
L_mar,Cladium1,1.540170094
L_mar,Cladium1,2.680067622
L_mar,Cladium1,1.138370432
L_mar,Cladium1,2.907947884
L_mar,Cladium1,2.832028514
L_mar,Cladium1,2.779040184
L_mar,Cladium1,2.368841083
L_mar,Cladium1,2.021845986
L_mar,Cladium1,2.093791255
L_mar,Cladium1,2.954472133
L_mar,Cladium1,2.908397951
L_mar,Cladium1,2.511792023
L_mar,Cladium2,2.43255814
L_mar,Eleocharis1,2.04368932
L_mar,Eleocharis1,2.850402145
L_mar,Eleocharis1,3.043529412
L_mar,Eleocharis1,3.5
L_mar,Eleocharis1,2.324120603
L_mar,Eleocharis1,2.557140245
L_mar,Eleocharis1,2.708436617
L_mar,Eleocharis1,2.819730097
L_mar,Eleocharis1,3.00678151
L_mar,Eleocharis1,1.778010781
L_mar,Eleocharis1,2.121306987
L_mar,Eleocharis1,2.720825043
L_mar,Eleocharis1,2.729470453
L_mar,Eleocharis1,1.463114692
L_mar,Eleocharis1,2.651580833
L_mar,Eleocharis1,2.761245862
L_mar,Eleocharis1,3.32336589
L_mar,Eleocharis1,3.149593806
L_mar,Eleocharis1,2.934638569
L_mar,Eleocharis1,3.190913284
L_mar,Eleocharis1,2.944786731
L_mar,Eleocharis1,2.470695411
L_mar,Eleocharis1,2.613009772
L_mar,Eleocharis1,1.455782597
L_mar,Eleocharis1,2.52238655
L_mar,Eleocharis1,2.533222013
L_mar,Eleocharis1,2.786150119
L_mar,Eleocharis1,2.389431595
L_mar,Eleocharis1,2.492328298
L_mar,Eleocharis1,2.262440512
L_mar,Eleocharis1,2.014422603
L_mar,Eleocharis1,2.702932771
L_mar,Eleocharis1,2.536101994
L_mar,Eleocharis1,2.102146265
L_mar,Eleocharis1,2.595947168
L_mar,Eleocharis1,3
L_mar,Eleocharis1,2.650835767
L_mar,Eleocharis1,1.899221003
L_mar,Eleocharis1,2.266539463
L_mar,Eleocharis1,2.884296342
L_mar,Eleocharis1,2.830135683
L_mar,Eleocharis1,2.350426114
L_mar,Eleocharis2,2.218755762
L_mar,Eleocharis2,1.500006667
L_mar,Eleocharis2,2.5
L_mar,Eleocharis2,3.001145792
L_mar,Eleocharis2,3
L_mar,Eleocharis2,1.758989818
L_mar,Eleocharis2,2.280519481
L_mar,Eleocharis2,2.25305226
L_mar,Eleocharis2,2.520878594
L_mar,Eleocharis2,2.619522341
L_mar,Eleocharis2,2.017506049
L_mar,Eleocharis2,2.968177925
L_mar,Eleocharis2,2.657680204
L_mar,Eleocharis2,2.550292398
L_mar,Eleocharis2,2.820747521
L_mar,Eleocharis2,2.230886677
L_mar,Eleocharis2,2.492554469
L_mar,Eleocharis2,2.920588617
L_mar,Eleocharis2,2.967567069
L_mar,Eleocharis2,1.496272379
L_mar,Eleocharis2,2.484911339
L_mar,Eleocharis2,2.39858703
L_mar,Eleocharis2,2.167730661
L_mar,Eleocharis2,2.61378488
L_mar,Eleocharis2,2.416486028
L_mar,Eleocharis2,2.424508436
L_mar,Eleocharis2,2.438841994
L_mar,Eleocharis2,2.982711767
L_mar,Eleocharis2,2.703873975
L_mar,Eleocharis2,2.258686447
L_mar,Eleocharis2,2.660504398
L_mar,Eleocharis2,2.488829368
L_mar,Eleocharis2,2.52181303
L_mar,Eleocharis2,2.487822091
L_mar,Eleocharis2,2.86426839
L_mar,Eleocharis2,1.90830954
L_mar,Eleocharis2,2.275547326
L_mar,Eleocharis2,1.032876285
L_mar,Eleocharis2,2.74087578
L_mar,Eleocharis2,2.5
L_mar,Eleocharis2,2.417661166
L_mar,Eleocharis2,2.822620492
L_mar,Eleocharis2,3.052989359
L_mar,Eleocharis2,2.67635158
L_mar,Eleocharis2,2.783223775
L_mar,Eleocharis2,2.937658226
L_mar,Eleocharis2,2.23841332
L_mar,Eleocharis2,2.701997192
L_mar,Eleocharis2,2.5
L_mar,Eleocharis2,1.145295896
L_mar,Eleocharis2,2.5
L_mar,Eleocharis2,2.797106522
L_mar,Eleocharis2,3.050323149
L_mar,Eleocharis2,2.19843426
L_mar,Eleocharis2,2.315801392
L_mar,Eleocharis2,2.852256294
L_mar,Eleocharis2,2.240590558
L_mar,Pond1,2.585106202
L_mar,Pond1,2.568333333
L_mar,Pond1,1.30779661
L_mar,Pond1,2.156708333
L_mar,Pond1,1.542105263
L_mar,Pond1,2.631190476
L_mar,Pond1,2.2
L_mar,Pond1,2.5
L_mar,Pond1,1.875422139
L_mar,Pond1,2.090909091
L_mar,Pond1,3.5
L_mar,Pond1,2.965552666
L_mar,Pond1,2.5
L_mar,Pond1,2.5
L_mar,Pond1,2.5
L_mar,Pond1,3
L_mar,Pond1,2
L_mar,Pond1,2
L_mar,Pond1,2.5
L_mar,Pond1,2
L_mar,Pond1,2.5
L_mar,Pond1,2.5
L_mar,Pond2,2.830065359
L_mar,Pond2,2.25
L_mar,Pond2,1.633333333
L_mar,Pond2,2.5
L_mar,Pond2,1.2
L_mar,Pond2,2.166666667
L_mar,Pond2,2.5000025
L_mic1,Eleocharis1,2.857653061
L_mic1,Eleocharis1,3.290921596
L_mic1,Eleocharis1,2.5
L_mic1,Eleocharis1,3
L_mic1,Eleocharis1,2
L_mic1,Eleocharis1,2.579365079
L_mic1,Eleocharis1,2.884615385
L_mic1,Eleocharis1,1
L_mic1,Eleocharis1,2
L_mic1,Eleocharis1,2.5
L_mic1,Eleocharis2,3
L_mic1,Pond1,2.5
L_mic1,Pond1,2.269981413
L_mic1,Pond2,2.5
L_mic1,Pond2,2.013274336
L_mic2,Eleocharis1,2.5
L_mic2,Pond1,3
L_mic2,Pond1,2.5
L_mic2,Pond1,2
L_mic2,Pond1,3
L_mic2,Pond1,2.5
L_mic2,Pond1,2.5
L_mic2,Pond1,2
L_mic2,Pond1,1.2
L_mic2,Pond1,2.5
L_mic2,Pond1,1
L_mic2,Pond1,2.5
L_mic2,Pond1,2.5
L_mic2,Pond1,2.5
L_mic2,Pond1,3.211790393
L_mic2,Pond1,3
L_pla1,Cladium1,2.347058908
L_pla1,Cladium1,2.5
L_pla1,Cladium1,1
L_pla1,Cladium1,2.5
L_pla1,Cladium1,2.5
L_pla1,Cladium1,2.5
L_pla1,Cladium1,3
L_pla1,Cladium1,3
L_pla1,Cladium1,3.5
L_pla1,Cladium1,2
L_pla1,Cladium1,2.5
L_pla1,Pond1,2
L_pla1,Pond1,3
L_pla1,Pond1,2.490963855
L_pla1,Pond1,2.941176471
L_pla1,Pond1,2.782857143
L_pla1,Pond1,3.5
L_pla1,Pond1,2.5
L_pla1,Pond1,2.5
L_pla1,Pond1,2.536290323
L_pla1,Pond1,3
L_pla1,Pond1,2
L_pla1,Pond1,1.2
L_pla1,Pond1,2
L_pla1,Pond1,1
L_pla1,Pond1,2.5
L_pla1,Pond1,3
L_pla1,Pond1,2.805668016
L_pla1,Pond1,3.5
L_pla1,Pond1,2.199316629
L_pla1,Pond1,1
L_pla1,Pond1,2
L_pla1,Pond1,2.5
L_pla1,Pond1,2.5
L_pla1,Pond1,2.5
L_pla1,Pond1,2.847619048
L_pla1,Pond1,1
L_pla1,Pond1,3.242682927
L_pla1,Pond1,2.5
L_pla1,Pond1,3.37
L_pla1,Pond1,1.583333333
L_pla1,Pond1,2.5
L_pla1,Pond1,1.530726257
L_pla1,Pond2,3
L_pla1,Pond2,1
L_pla1,Pond2,2.5
L_pla1,Pond2,3
L_pla1,Pond2,3
L_pla1,Pond2,1.2
L_pla1,Pond2,2
L_pla1,Pond2,2.5
L_pla1,Pond2,2.528878953
L_pla1,Pond2,3
L_pla1,Pond2,2.532961517
L_pla1,Pond2,2.721090675
L_pla1,Pond2,2
L_pla1,Pond2,2
L_pla1,Pond2,2.432800646
L_pla1,Pond2,1
L_pla1,Pond2,2.5
L_pla1,Pond2,2.5
L_pla1,Pond2,2.5
L_pla1,Pond2,2.385005376
L_pla1,Pond2,2.955771298
L_pla1,Pond2,2
L_pla1,Pond2,2
L_pla1,Pond2,2.5
L_pla1,Pond2,2.5
L_pla1,Pond2,1.2
L_pla1,Pond2,2.5
L_pla1,Pond2,3
L_pla1,Pond2,3.37
L_pla1,Pond2,3.5
L_pla1,Pond2,3.5
L_pla1,Pond2,2.629959211
L_pla1,Pond2,3
L_pla1,Pond2,2.519431966
L_pla1,Pond2,3.365223879
L_pla1,Pond2,1
L_pla1,Pond2,2.662537189
L_pla1,Pond2,3
L_pla1,Pond2,3
L_pla1,Pond2,2.5
L_pla1,Pond2,2.205578216
L_pla1,Pond2,2.5
L_pla1,Pond2,2
L_pla1,Pond2,3
L_pla1,Pond2,2.5
L_pla1,Pond2,2.5
L_pla1,Pond2,3
L_pla1,Pond2,1.265
L_pla1,Pond2,2.5
L_pla1,Pond2,3
L_pla1,Pond2,2.692307692
L_pla1,Pond2,2.571326676
L_pla1,Pond2,2
L_pla1,Pond2,1.2
L_pla1,Pond2,3.37
L_pla1,Pond2,2
L_pla1,Pond2,2
L_pla1,Pond2,3
L_pla1,Pond2,3.5
L_pla1,Pond2,1.2
L_pla1,Pond2,2.5
L_pla1,Pond2,3
L_pla1,Pond2,3.37
L_pla1,Pond2,3.5
L_pla1,Pond2,3.5
L_pla1,Pond2,3
L_pla1,Pond2,3
L_pla1,Pond2,3.5
L_pla1,Pond2,3
L_pla1,Pond2,1
L_pla1,Pond2,2.5
L_pla1,Pond2,3
L_pla1,Pond2,3
L_pla1,Pond2,2.5
L_pla1,Pond2,2
L_pla1,Pond2,2.5
L_pla1,Pond2,2
L_pla1,Pond2,3
L_pla1,Pond2,2.5
L_pla1,Pond2,2.5
L_pla1,Pond2,2
L_pla1,Pond2,3
L_pla1,Pond2,2.5
L_pla1,Pond2,1
L_pla1,Pond2,3
L_pla1,Pond2,2.5
L_pla1,Pond2,2.5
L_pla1,Pond2,3
L_pla2,Pond1,2.175824176
L_pla2,Pond1,3
L_pla2,Pond1,2.5
L_pla2,Pond1,2.5
L_pla2,Pond1,2.5
L_pla2,Pond1,1.996774194
L_pla2,Pond1,3
L_pla2,Pond1,1.2
L_pla2,Pond1,2
L_pla2,Pond1,2.621212121
L_pla2,Pond1,2.5
L_pla2,Pond1,2.5
L_pla2,Pond1,2.5
L_pla2,Pond1,2.5
L_pla2,Pond1,2.5
L_pla2,Pond1,2
L_pla2,Pond1,3.5
L_pla2,Pond1,2.5
L_pla2,Pond1,2.963391137
L_pla2,Pond1,3.315312792
L_pla2,Pond1,3
L_pla2,Pond1,1
L_pla2,Pond2,2.5
L_pla2,Pond2,3
L_pla2,Pond2,2.5
L_pla2,Pond2,2.61322314
L_pun1,Cladium2,2.648133748
L_pun1,Cladium2,1.380484973
L_pun1,Cladium2,2.726855543
L_pun1,Cladium2,1.892768815
L_pun1,Cladium2,2.5
L_pun1,Cladium2,2.682569615
L_pun1,Cladium2,2.596282992
L_pun1,Cladium2,1.530310394
L_pun1,Cladium2,2.50318231
L_pun1,Cladium2,2.901952047
L_pun1,Eleocharis1,2.419414755
L_pun1,Eleocharis1,2.312285859
L_pun1,Eleocharis1,2.84133375
L_pun1,Eleocharis1,1.896395739
L_pun1,Eleocharis1,2.868642596
L_pun1,Eleocharis1,3.334183437
L_pun1,Eleocharis1,2.767177041
L_pun1,Eleocharis1,1.25657555
L_pun1,Eleocharis1,2.703861165
L_pun1,Eleocharis1,2.567386048
L_pun1,Eleocharis1,2.926444418
L_pun1,Eleocharis1,2.5
L_pun1,Eleocharis1,2.387995222
L_pun1,Eleocharis1,2.102634211
L_pun1,Eleocharis1,2.191650837
L_pun1,Eleocharis1,2.92239898
L_pun1,Eleocharis1,2.726339675
L_pun1,Eleocharis1,2.978082308
L_pun1,Eleocharis1,3.153120464
L_pun1,Eleocharis1,2.141221374
L_pun1,Eleocharis1,2.940885552
L_pun1,Eleocharis1,2.35851173
L_pun1,Eleocharis1,2.547981356
L_pun1,Eleocharis1,2.490893371
L_pun1,Eleocharis1,2.5
L_pun1,Eleocharis1,2.759093152
L_pun1,Eleocharis1,2.5
L_pun1,Eleocharis1,2.291086425
L_pun1,Eleocharis1,2
L_pun1,Eleocharis1,2.478890447
L_pun1,Eleocharis1,2.605633125
L_pun1,Eleocharis1,1.517587161
L_pun1,Eleocharis1,2.096940691
L_pun1,Eleocharis2,2.761792453
L_pun1,Eleocharis2,2.310800047
L_pun1,Eleocharis2,2.623374935
L_pun1,Eleocharis2,3.27375827
L_pun1,Eleocharis2,1.809501587
L_pun1,Eleocharis2,2.777206851
L_pun1,Eleocharis2,3
L_pun1,Eleocharis2,2.844118017
L_pun1,Eleocharis2,2.182750229
L_pun1,Eleocharis2,2.5
L_pun1,Eleocharis2,2.617458231
L_pun1,Eleocharis2,2.728600449
L_pun1,Eleocharis2,2.639353173
L_pun1,Eleocharis2,2.650492994
L_pun1,Eleocharis2,2.455487979
L_pun1,Eleocharis2,2.106372533
L_pun1,Eleocharis2,1.850036333
L_pun1,Eleocharis2,2.609635737
L_pun1,Eleocharis2,1.128482313
L_pun1,Eleocharis2,2.539056096
L_pun1,Eleocharis2,2.633323555
L_pun1,Eleocharis2,2.683784708
L_pun1,Eleocharis2,1.829985162
L_pun1,Eleocharis2,2.763234385
L_pun1,Eleocharis2,2.289319497
L_pun1,Eleocharis2,2.282596269
L_pun1,Eleocharis2,2.488374429
L_pun1,Eleocharis2,2.661171138
L_pun1,Eleocharis2,2.587293576
L_pun1,Eleocharis2,2.692164903
L_pun1,Eleocharis2,2.969821342
L_pun1,Eleocharis2,2.964700495
L_pun1,Eleocharis2,3
L_pun1,Eleocharis2,2.68701493
L_pun1,Pond1,1
L_pun1,Pond1,2
L_pun1,Pond1,3.090842131
L_pun1,Pond1,2.724245989
L_pun1,Pond1,3.173913043
L_pun1,Pond1,2.500598225
L_pun1,Pond1,2.5
L_pun1,Pond1,2.999932442
L_pun1,Pond1,1.000008333
L_pun1,Pond1,2.5
L_pun1,Pond1,2.590842131
L_pun1,Pond1,2.095607235
L_pun1,Pond1,3.444444444
L_pun1,Pond2,2.5
L_pun2,Cladium1,2.4502689
L_pun2,Cladium1,2.045972819
L_pun2,Cladium1,1.565237646
L_pun2,Cladium1,2.869449592
L_pun2,Cladium1,2.116236753
L_pun2,Cladium2,2.984851979
L_pun2,Cladium2,2.5
L_pun2,Cladium2,2.829763667
L_pun2,Cladium2,2.857840932
L_pun2,Cladium2,2.972089662
L_pun2,Eleocharis1,1
L_pun2,Eleocharis1,3.37
L_pun2,Eleocharis1,1.2
L_pun2,Eleocharis1,2.680511182
L_pun2,Eleocharis1,2.95386978
L_pun2,Eleocharis1,2.319162518
L_pun2,Eleocharis1,2.512986472
L_pun2,Eleocharis1,2.38647196
L_pun2,Eleocharis1,1.328666014
L_pun2,Eleocharis1,2.676399377
L_pun2,Eleocharis1,3
L_pun2,Eleocharis1,2.455559452
L_pun2,Eleocharis1,2.025926647
L_pun2,Eleocharis1,2.916290614
L_pun2,Eleocharis1,1.916666667
L_pun2,Eleocharis1,2.648936593
L_pun2,Eleocharis1,3.497469059
L_pun2,Eleocharis1,2.470408308
L_pun2,Eleocharis2,3.41383812
L_pun2,Eleocharis2,2
L_pun2,Eleocharis2,2.662260422
L_pun2,Eleocharis2,2.881633645
L_pun2,Eleocharis2,2.957316332
L_pun2,Eleocharis2,2.929674862
L_pun2,Eleocharis2,1.172566921
L_pun2,Eleocharis2,2.618902765
L_pun2,Eleocharis2,1.547558308
L_pun2,Eleocharis2,2.856912599
L_pun2,Eleocharis2,2.411438021
L_pun2,Eleocharis2,2.260679369
L_pun2,Eleocharis2,3.202031539
L_pun2,Eleocharis2,3.392575225
L_pun2,Eleocharis2,2.953212345
L_pun2,Eleocharis2,3.018136647
L_pun2,Eleocharis2,1.022435114
L_pun2,Eleocharis2,2.326017501
L_pun2,Eleocharis2,2.5
L_pun2,Eleocharis2,2.93372744
L_pun2,Eleocharis2,1.2
L_pun2,Eleocharis2,2.457231382
L_pun2,Eleocharis2,2.346562031
L_pun2,Eleocharis2,2.508321202
L_pun2,Eleocharis2,2.507874016
L_pun2,Eleocharis2,2.997840862
L_pun2,Eleocharis2,2.452569373
L_pun2,Eleocharis2,2
L_pun2,Eleocharis2,3.5
L_pun2,Eleocharis2,3.055222526
L_pun2,Eleocharis2,1.591260689
L_pun2,Pond1,2.549963988
L_pun2,Pond1,2.511098572
L_pun2,Pond1,2.136315009
L_pun2,Pond1,2.954922935
L_pun2,Pond1,3.290849761
L_pun2,Pond1,2.502594174
L_pun2,Pond1,2.5
L_pun2,Pond1,2.980513584
L_pun2,Pond1,2.9330343
L_pun2,Pond1,2.5
L_pun2,Pond2,2.5
L_pun2,Pond2,3
L_pun2,Pond2,3
L_pun2,Pond2,3.5
L_pun2,Pond2,2
L_pun2,Pond2,2.5
L_pun2,Pond2,2
L_pun2,Pond2,3
L_pun2,Pond2,2.5
L_pun2,Pond2,2.5
L_pun2,Pond2,2.641025641
L_pun2,Pond2,1.63539823
L_pun2,Pond2,2.5
L_pun2,Pond2,1.095238095
L_pun2,Pond2,2.5
L_pun2,Pond2,2.5
L_pun2,Pond2,2.5
L_pun2,Pond2,2.790903008
L_pun2,Pond2,2.957127325
L_pun2,Pond2,1
L_pun2,Pond2,2.424741153
L_pun2,Pond2,1.433563277
L_pun2,Pond2,2.513109507
L_pun2,Pond2,1.431714989
L_pun2,Pond2,2.505592331
L_pun2,Pond2,2.684181673
L_pun2,Pond2,3.068847689
L_pun2,Pond2,3.104870879
L_pun2,Pond2,2.808038565
L_pun2,Pond2,2.642431986
L_pun2,Pond2,2.646537262
L_pun2,Pond2,2.8288081
L_pun2,Pond2,2.499489548
L_pun2,Pond2,1.545298323
L_pun2,Pond2,2.660698166
L_pun2,Pond2,2.966896333
L_pun2,Pond2,2.773314653
L_pun2,Pond2,2.969010436
L_pun2,Pond2,2.631904246
L_pun2,Pond2,2.241054935
L_pun2,Pond2,2.090284109
L_pun2,Pond2,1.156181848
L_pun3,Cladium1,2.740525717
L_pun3,Cladium1,2.8053463
L_pun3,Cladium1,2.25498008
L_pun3,Cladium1,2.344187653
L_pun3,Cladium2,2.474059663
L_pun3,Eleocharis1,3.20642214
L_pun3,Eleocharis1,2.91848008
L_pun3,Pond1,2.395402539
L_pun3,Pond1,2.226110059
L_pun3,Pond1,1.2
L_pun3,Pond1,2.81700485
L_pun3,Pond1,2.796948502
L_pun3,Pond1,3
L_pun3,Pond2,2.666666667
L_pun3,Pond2,2.539653753
L_pun3,Pond2,2.108351837
L_pun3,Pond2,2.598151729
L_pun3,Pond2,2.868858506
L_pun3,Pond2,3.138394872
L_pun3,Pond2,2.596766165
L_pun3,Pond2,2.29840829
L_pun3,Pond2,2.649682695
L_pun3,Pond2,2.5
L_pun3,Pond2,2.245388381
L_pun3,Pond2,2.699988283
L_pun3,Pond2,3.454901961
L_pun3,Pond2,3.214285714
L_pun3,Pond2,3.5
L_pun3,Pond2,2.863588851
L_sic,Pond1,3.057461062
L_sic,Pond1,2
L_sic,Pond1,3
L_sic,Pond1,3.000014143
L_sic,Pond1,3.5
L_sic,Pond1,3
L_sic,Pond1,2.511487304
L_sic,Pond1,2.5
L_sic,Pond1,3
L_sic,Pond1,3
L_sic,Pond1,2.5
L_sic,Pond1,2
L_sic,Pond1,2.5
L_sic,Pond1,2
L_sic,Pond1,3
L_sic,Pond1,2.5
L_sic,Pond1,2.5
L_sic,Pond1,2.641742951
L_sic,Pond1,1.220292072
L_sic,Pond1,2.5
L_sic,Pond1,2.544274615
L_sic,Pond1,2.122128174
L_sic,Pond1,2.840228634
L_sic,Pond1,2.5
L_sic,Pond1,2.451593685
L_sic,Pond1,2.969721926
L_sic,Pond1,1.885803033
L_sic,Pond1,2
M_sal,Pond1,1.232876712
M_sal,Pond1,3
M_sal,Pond1,2.5
M_sal,Pond1,2.5
M_sal,Pond1,2.5
M_sal,Pond1,2.510027347
M_sal,Pond1,2.695219024
M_sal,Pond1,3.37
M_sal,Pond1,2.8013276
M_sal,Pond1,3.3
M_sal,Pond1,3.5
M_sal,Pond1,3.049206995
M_sal,Pond1,2.98998982
M_sal,Pond1,2
M_sal,Pond1,1.037515982
M_sal,Pond1,2.5
M_sal,Pond1,1
M_sal,Pond1,2.715281363
M_sal,Pond1,2.557178631
M_sal,Pond1,2.5
M_sal,Pond1,2.5
M_sal,Pond1,2.177773589
M_sal,Pond1,2.23684209
M_sal,Pond1,2.287234165
N_cry,Pond1,2.933332844
N_cry,Pond1,2.499998979
N_cry,Pond1,2.198593879
N_cry,Pond1,2.641311089
N_gyr,Cladium1,2.265842808
N_gyr,Cladium1,2.83948046
N_gyr,Cladium1,2.346297359
N_gyr,Cladium1,2.120156203
N_gyr,Cladium2,2.647948164
N_gyr,Eleocharis1,2.3870618
N_gyr,Eleocharis1,1.584626669
N_gyr,Eleocharis1,2.5
N_gyr,Eleocharis1,2.5
N_gyr,Eleocharis1,2
N_gyr,Eleocharis1,2.413171781
N_gyr,Eleocharis1,2.5
N_gyr,Eleocharis1,2.932715635
N_gyr,Eleocharis1,2.381470621
N_gyr,Eleocharis1,3.051365432
N_gyr,Eleocharis1,2.775232554
N_gyr,Eleocharis1,1.038577089
N_gyr,Eleocharis1,3.000124969
N_gyr,Eleocharis1,2.128439175
N_gyr,Eleocharis1,2.127227209
N_gyr,Eleocharis1,2.507288862
N_gyr,Eleocharis1,2.5
N_gyr,Eleocharis1,1.477385372
N_gyr,Eleocharis1,2.268789599
N_gyr,Eleocharis1,2.946427575
N_gyr,Eleocharis2,3
N_gyr,Eleocharis2,2.5
N_gyr,Eleocharis2,3.5
N_gyr,Eleocharis2,2.5
N_gyr,Eleocharis2,2
N_gyr,Eleocharis2,2.5
N_gyr,Eleocharis2,2.658227514
N_gyr,Eleocharis2,1.16672222
N_gyr,Pond1,2.958115183
N_gyr,Pond1,2.807692308
N_gyr,Pond1,2.991511036
N_gyr,Pond2,1
N_gyr,Pond2,3.5
N_gyr,Pond2,2.23528166
N_gyr,Pond2,2
N_gyr,Pond2,3.362068966
N_gyr,Pond2,2.5
N_mac,Pond1,2.283336944
N_mac,Pond1,2.364904314
N_mac,Pond1,2.5
N_mac,Pond1,2.613099654
N_mac,Pond1,2.765111347
N_mac,Pond1,2.768398994
N_mac,Pond1,1.955268981
N_mac,Pond1,2.84773458
N_mac,Pond1,2.882356438
N_mac,Pond1,3.26009122
N_mac,Pond1,2.5
N_mac,Pond1,2
N_mac,Pond1,2.500039998
N_pet,Pond1,2.522388093
N_pet,Pond1,2.886365031
N_pet,Pond1,3.37
N_pet,Pond1,3
N_pet,Pond1,2.5
N_pet,Pond1,2.392085555
N_pet,Pond1,2
N_pet,Pond1,2.5
N_pet,Pond1,3
N_pet,Pond1,2.5
N_pet,Pond1,2.5
N_pet,Pond1,2.5
N_pet,Pond1,2
N_pet,Pond1,1.2
N_pet,Pond1,2.6485781
N_pet,Pond1,2.5
N_pet,Pond1,3
N_pet,Pond1,2
N_pet,Pond1,2
N_pet,Pond1,2.642857143
N_pet,Pond1,2.61047619
N_pet,Pond1,1
N_pet,Pond1,2.5
N_pet,Pond1,2.5
N_pet,Pond1,2.5
N_pet,Pond1,1.999984
P_lat1,Cladium2,2
P_lat1,Cladium2,2.5
P_lat1,Eleocharis1,2
P_lat1,Eleocharis1,2.99999
P_lat1,Eleocharis1,2.5
P_lat1,Eleocharis1,2.5
P_lat1,Eleocharis1,2
P_lat1,Eleocharis1,1.2
P_lat1,Eleocharis1,2.5000174
P_lat1,Eleocharis1,1.000049999
P_lat1,Eleocharis1,2.50002
P_lat1,Eleocharis1,2.5
P_lat1,Eleocharis1,2.5
P_lat1,Pond2,1
P_lat1,Pond2,2.5
P_lat2,Cladium2,2
P_lat2,Cladium2,2
P_lat2,Cladium2,2.5
P_lat2,Cladium2,2.5
P_lat2,Cladium2,1.2
P_lat2,Cladium2,2.5
P_lat2,Cladium2,3
P_lat2,Cladium2,3.37
P_lat2,Cladium2,3.5
P_lat2,Cladium2,3.5
P_lat2,Eleocharis1,3
P_lat2,Eleocharis1,3
P_lat2,Eleocharis1,3.49998
P_lat2,Eleocharis2,3
P_lat2,Eleocharis2,1
P_lat2,Eleocharis2,2.5
P_lat2,Eleocharis2,3
P_lat2,Eleocharis2,3
P_lat2,Eleocharis2,2.5
P_lat2,Eleocharis2,2
P_lat2,Eleocharis2,2.5
P_lat2,Eleocharis2,2
P_lat2,Eleocharis2,2.666666667
P_lat2,Pond2,2.001163952
P_lat2,Pond2,2.5
P_lat2,Pond2,2
P_lat2,Pond2,3
P_lat2,Pond2,2.5
T_mar,Pond1,2.5
T_mar,Pond1,2
T_mar,Pond1,1.2
T_mar,Pond1,2.5
T_mar,Pond1,1
T_mar,Pond1,2.5
T_mar,Pond1,2.5
T_mar,Pond1,2.5
T_mar,Pond1,2.5
T_mar,Pond1,3
T_mar,Pond1,1.2
T_mar,Pond1,2
T_mar,Pond1,2.5
T_mar,Pond1,2.5
T_mar,Pond1,1.2
T_mar,Pond1,2.5
T_mar,Pond1,2.99763494
T_mar,Pond1,3.368970955
T_mar,Pond1,3.5
T_mar,Pond1,3.499999976
T_mar,Pond1,3
T_mar,Pond1,2.5
T_mar,Pond1,3
T_mar,Pond1,3
T_mar,Pond1,1
T_mar,Pond1,2
