size_class,Invasion_Status,Habitat,Season,N,Length,Wet_Weight,Amphipoda,Araneae,Argulus,Belo.Naucor,Centrarchid,Chironomid,Cladocera,Coleoptera,Collembola,Copepoda,Cyprinodontid,Detritus,Diptera,Ephemeroptera,Green.Algae,Hemiptera,Hydrachnidia,Hymenoptera,Misc,Misc.Fish,Misc.Invert,Mollusca,Odonata,Oligochaeta,Ostracoda,Palaemonetes,Periphyton,Procambarus,Trichoptera,Vasc.Plant
A.cal2,Post-Invasion,Marsh,Wet,1,421± NA,1700± NA,0± NA,0± NA,0± NA,0± NA,0± NA,0± NA,0± NA,0± NA,0± NA,0± NA,0± NA,0± NA,0± NA,0± NA,0± NA,0± NA,0± NA,0± NA,0± NA,0.5± NA,0± NA,0± NA,0± NA,0± NA,0± NA,0± NA,0± NA,0.5± NA,0± NA,0± NA
A.cal2,Pre-Invasion,Marsh,Wet,1,0± NA,1150± NA,0± NA,0± NA,0± NA,0± NA,0± NA,0± NA,0± NA,0± NA,0± NA,0± NA,0± NA,0± NA,0± NA,0± NA,0± NA,0± NA,0± NA,0± NA,0± NA,1± NA,0± NA,0± NA,0± NA,0± NA,0± NA,0± NA,0± NA,0± NA,0± NA,0± NA
A.cal2,Pre-Invasion,Pond,Dry,18,0± 0,1362.99± 974.65,0± 0,0± 0,0± 0,0± 0,0.52± 0.48,0± 0,0± 0,0± 0,0± 0,0± 0,0± 0,0.05± 0.14,0± 0,0.01± 0.05,0± 0,0± 0,0± 0,0± 0,0± 0,0.16± 0.34,0± 0,0± 0,0.06± 0.18,0± 0,0± 0,0.19± 0.3,0± 0,0± 0,0± 0,0± 0
A.cal2,Post-Invasion,Pond,Wet,4,435± 42.03,1450± 488.19,0± 0,0± 0,0± 0,0.12± 0.25,0.25± 0.5,0± 0,0± 0,0± 0,0± 0,0± 0,0± 0,0.06± 0.12,0± 0,0± 0,0± 0,0± 0,0± 0,0± 0,0± 0,0.41± 0.45,0± 0,0± 0,0± 0,0± 0,0± 0,0.16± 0.31,0± 0,0± 0,0± 0,0± 0
A.gry1,Post-Invasion,Pond,Wet,2,12.53± 5.08,0.42± 0.48,0± 0,0± 0,0± 0,0± 0,0± 0,0± 0,0± 0,0± 0,0± 0,0± 0,0± 0,0.29± 0.06,0± 0,0± 0,0.17± 0.24,0± 0,0± 0,0± 0,0± 0,0± 0,0.25± 0.35,0± 0,0± 0,0± 0,0± 0,0± 0,0.29± 0.06,0± 0,0± 0,0± 0
A.nat1,Post-Invasion,Marsh,Dry,2,87.33± 7.53,17.39± 5.79,0± 0,0± 0,0± 0,0.5± 0.71,0± 0,0± 0,0± 0,0± 0,0± 0,0± 0,0± 0,0.12± 0.18,0± 0,0± 0,0± 0,0± 0,0± 0,0± 0,0± 0,0± 0,0.12± 0.18,0.12± 0.18,0.12± 0.18,0± 0,0± 0,0± 0,0± 0,0± 0,0± 0,0± 0
A.nat1,Pre-Invasion,Marsh,Dry,27,60.54± 9.08,5.05± 2.32,0.04± 0.09,0± 0,0± 0,0.02± 0.07,0± 0,0.02± 0.08,0.03± 0.12,0.01± 0.06,0± 0,0.05± 0.1,0.02± 0.1,0.1± 0.24,0.02± 0.1,0.01± 0.03,0± 0,0.02± 0.1,0± 0.02,0± 0,0.04± 0.13,0.06± 0.18,0± 0,0.02± 0.1,0.05± 0.13,0± 0,0.01± 0.06,0.49± 0.41,0± 0,0± 0,0± 0,0± 0
A.nat1,Pre-Invasion,Marsh,Wet,26,56.94± 18.35,6.64± 4.91,0.15± 0.22,0± 0,0± 0,0.01± 0.04,0± 0,0.08± 0.1,0.2± 0.23,0.01± 0.02,0± 0,0.06± 0.09,0± 0,0.04± 0.2,0± 0,0.01± 0.03,0± 0,0.01± 0.02,0± 0,0± 0,0± 0,0.02± 0.05,0± 0,0.12± 0.18,0.05± 0.1,0± 0,0.14± 0.14,0.01± 0.03,0.06± 0.21,0± 0.01,0.04± 0.11,0± 0
A.nat1,Post-Invasion,Pond,Dry,3,82.6± 6.84,12.2± 1.38,0± 0,0± 0,0± 0,0± 0,0± 0,0± 0,0± 0,0± 0,0± 0,0± 0,0± 0,0.5± 0.5,0± 0,0± 0,0± 0,0± 0,0± 0,0± 0,0± 0,0.5± 0.5,0± 0,0± 0,0± 0,0± 0,0± 0,0± 0,0± 0,0± 0,0± 0,0± 0
A.nat1,Pre-Invasion,Pond,Dry,43,76.49± 8.42,9.6± 3.6,0.02± 0.08,0± 0,0± 0,0± 0,0± 0,0± 0.03,0± 0,0± 0,0± 0,0.01± 0.04,0.05± 0.18,0.72± 0.36,0± 0,0± 0,0± 0,0± 0,0± 0,0± 0,0.02± 0.1,0.01± 0.08,0.02± 0.08,0± 0,0± 0,0± 0,0± 0,0.16± 0.27,0± 0,0± 0,0± 0,0± 0
A.nat1,Pre-Invasion,Pond,Wet,22,75.45± 15.23,10.26± 6.62,0.25± 0.3,0± 0,0± 0,0.01± 0.02,0± 0,0.04± 0.09,0± 0,0.02± 0.11,0± 0,0± 0,0± 0,0.1± 0.29,0.01± 0.04,0± 0,0± 0,0.04± 0.11,0± 0,0± 0,0± 0,0± 0,0.04± 0.12,0± 0,0.3± 0.35,0± 0.01,0.05± 0.13,0.01± 0.03,0± 0.02,0.06± 0.15,0.07± 0.15,0± 0
A.nat2,Post-Invasion,Marsh,Wet,1,128.95± NA,49.35± NA,0± NA,0± NA,0± NA,0.04± NA,0± NA,0± NA,0± NA,0± NA,0± NA,0± NA,0± NA,0± NA,0± NA,0± NA,0± NA,0± NA,0± NA,0± NA,0± NA,0.04± NA,0± NA,0.78± NA,0.11± NA,0± NA,0± NA,0.04± NA,0± NA,0± NA,0± NA,0± NA
A.nat2,Pre-Invasion,Marsh,Wet,4,117.2± 12.18,37.38± 13.18,0.12± 0.25,0.04± 0.05,0± 0,0.02± 0.04,0± 0,0± 0,0± 0,0± 0,0± 0,0± 0,0± 0,0± 0,0± 0,0± 0,0± 0,0± 0,0± 0,0± 0,0± 0,0± 0,0± 0,0.02± 0.04,0.38± 0.25,0± 0,0.08± 0.17,0.12± 0.14,0± 0,0.21± 0.25,0± 0,0± 0
A.nat2,Post-Invasion,Pond,Dry,4,117.75± 11.5,51.01± 22.12,0± 0,0± 0,0± 0,0± 0,0± 0,0± 0,0± 0,0± 0,0± 0,0± 0,0.25± 0.5,0.75± 0.5,0± 0,0± 0,0± 0,0± 0,0± 0,0± 0,0± 0,0± 0,0± 0,0± 0,0± 0,0± 0,0± 0,0± 0,0± 0,0± 0,0± 0,0± 0
A.nat2,Pre-Invasion,Pond,Dry,46,118.14± 10.81,38.65± 14.33,0.01± 0.04,0± 0,0.02± 0.1,0± 0,0± 0,0± 0.01,0± 0.01,0± 0,0± 0,0± 0,0± 0,0.87± 0.27,0± 0,0± 0,0± 0,0± 0,0± 0,0± 0,0± 0,0.03± 0.12,0± 0,0.01± 0.05,0± 0,0± 0,0± 0.01,0.03± 0.12,0± 0,0.02± 0.15,0± 0.01,0± 0
A.nat2,Pre-Invasion,Pond,Wet,14,112.36± 12.74,33.65± 13.73,0.07± 0.19,0± 0,0± 0,0± 0,0± 0,0.14± 0.36,0± 0,0± 0,0± 0,0± 0,0± 0,0.2± 0.36,0.01± 0.04,0.01± 0.04,0± 0,0.01± 0.05,0± 0,0± 0,0± 0,0.02± 0.09,0.04± 0.13,0.02± 0.09,0.15± 0.3,0± 0,0± 0,0.11± 0.28,0± 0,0.2± 0.31,0± 0,0± 0
A.nat3,Pre-Invasion,Marsh,Wet,1,157± NA,97.61± NA,0± NA,0± NA,0± NA,0± NA,0± NA,0± NA,0± NA,0± NA,0± NA,0± NA,0± NA,0± NA,0± NA,0± NA,0± NA,0± NA,0± NA,0± NA,0± NA,0± NA,0± NA,0± NA,0± NA,0± NA,0± NA,0± NA,0± NA,0± NA,0± NA,1± NA
A.nat3,Post-Invasion,Pond,Dry,6,155.65± 11.46,112.99± 69.69,0± 0,0± 0,0± 0,0± 0,0± 0,0± 0,0± 0,0± 0,0± 0,0± 0,0± 0,0.33± 0.41,0± 0,0± 0,0± 0,0± 0,0± 0,0± 0,0.5± 0.45,0± 0,0± 0,0± 0,0± 0,0± 0,0± 0,0± 0,0.17± 0.41,0± 0,0± 0,0± 0
A.nat3,Pre-Invasion,Pond,Dry,19,149.42± 13.56,57.94± 36.03,0± 0,0± 0,0.08± 0.21,0.01± 0.06,0± 0,0± 0,0± 0,0± 0,0± 0,0± 0,0± 0,0.74± 0.38,0± 0,0± 0,0± 0,0± 0,0± 0,0± 0,0.03± 0.11,0.07± 0.23,0± 0,0± 0,0.01± 0.06,0± 0,0± 0,0.07± 0.16,0± 0,0± 0,0± 0,0± 0
A.nat3,Post-Invasion,Pond,Wet,1,150± NA,79.49± NA,0± NA,0± NA,0± NA,0.07± NA,0± NA,0± NA,0± NA,0± NA,0± NA,0± NA,0± NA,0± NA,0.07± NA,0± NA,0± NA,0± NA,0± NA,0± NA,0± NA,0± NA,0± NA,0.57± NA,0.14± NA,0± NA,0± NA,0.14± NA,0± NA,0± NA,0± NA,0± NA
A.nat3,Pre-Invasion,Pond,Wet,9,152± 10.34,86.5± 19.72,0± 0,0± 0,0± 0,0.01± 0.04,0± 0,0± 0,0± 0,0± 0,0± 0,0± 0,0± 0,0.37± 0.41,0± 0,0± 0,0± 0,0± 0,0± 0,0± 0,0± 0,0.07± 0.13,0.04± 0.11,0.08± 0.24,0.03± 0.08,0± 0,0± 0,0.11± 0.33,0.08± 0.18,0.2± 0.35,0± 0,0± 0
A.nat4,Post-Invasion,Marsh,Wet,1,192± NA,250± NA,0± NA,0± NA,0± NA,0± NA,0± NA,0± NA,0± NA,0± NA,0± NA,0± NA,0± NA,1± NA,0± NA,0± NA,0± NA,0± NA,0± NA,0± NA,0± NA,0± NA,0± NA,0± NA,0± NA,0± NA,0± NA,0± NA,0± NA,0± NA,0± NA,0± NA
A.nat4,Post-Invasion,Pond,Dry,8,193.75± 13.2,182.96± 76.33,0± 0,0± 0,0± 0,0± 0,0± 0,0± 0,0± 0,0± 0,0± 0,0± 0,0± 0,0.67± 0.39,0± 0,0± 0,0± 0,0± 0,0± 0,0± 0,0.12± 0.23,0± 0,0± 0,0± 0,0.04± 0.12,0± 0,0± 0,0.04± 0.12,0.12± 0.23,0± 0,0± 0,0± 0
A.nat4,Pre-Invasion,Pond,Dry,5,211.4± 15.27,0± 0,0± 0,0± 0,0± 0,0± 0,0± 0,0± 0,0± 0,0± 0,0± 0,0± 0,0± 0,0.4± 0.55,0± 0,0± 0,0± 0,0± 0,0± 0,0± 0,0± 0,0.4± 0.55,0± 0,0± 0,0± 0,0± 0,0± 0,0± 0,0± 0,0.2± 0.45,0± 0,0± 0
A.nat4,Pre-Invasion,Pond,Wet,8,208.12± 17.59,184.61± 121.94,0± 0,0± 0,0± 0,0± 0,0.06± 0.12,0± 0,0± 0,0± 0,0± 0,0± 0,0.03± 0.08,0.16± 0.22,0± 0,0± 0,0± 0,0± 0,0± 0,0± 0,0± 0,0.12± 0.27,0.04± 0.12,0.03± 0.08,0.02± 0.06,0± 0,0± 0,0.12± 0.22,0± 0,0.43± 0.4,0± 0,0± 0
A.xen1,Pre-Invasion,Marsh,Dry,2,25.9± 0.99,0.37± 0.04,0± 0,0± 0,0± 0,0± 0,0± 0,0.25± 0.35,0± 0,0± 0,0± 0,0± 0,0± 0,0± 0,0± 0,0± 0,0± 0,0± 0,0± 0,0± 0,0± 0,0± 0,0± 0,0± 0,0± 0,0± 0,0± 0,0± 0,0.75± 0.35,0± 0,0± 0,0± 0
B.bel1,Post-Invasion,Marsh,Dry,1,60.23± NA,2.26± NA,0± NA,0± NA,0± NA,0± NA,0± NA,0± NA,0± NA,0± NA,0± NA,0± NA,0± NA,0± NA,0± NA,0± NA,0± NA,0± NA,0± NA,0± NA,0± NA,1± NA,0± NA,0± NA,0± NA,0± NA,0± NA,0± NA,0± NA,0± NA,0± NA,0± NA
B.bel1,Pre-Invasion,Marsh,Dry,3,57.67± 5.69,2.57± 0.82,0± 0,0± 0,0± 0,0± 0,0± 0,0± 0,0± 0,0± 0,0± 0,0± 0,1± 0,0± 0,0± 0,0± 0,0± 0,0± 0,0± 0,0± 0,0± 0,0± 0,0± 0,0± 0,0± 0,0± 0,0± 0,0± 0,0± 0,0± 0,0± 0,0± 0
B.bel1,Post-Invasion,Pond,Dry,2,57.59± 5.28,2.65± 0.7,0± 0,0± 0,0± 0,0± 0,0± 0,0± 0,0± 0,0± 0,0± 0,0± 0,0.5± 0.71,0± 0,0± 0,0± 0,0± 0,0± 0,0± 0,0± 0,0± 0,0.5± 0.71,0± 0,0± 0,0± 0,0± 0,0± 0,0± 0,0± 0,0± 0,0± 0,0± 0
B.bel1,Pre-Invasion,Pond,Dry,7,59.43± 3.95,2.72± 0.7,0± 0,0± 0,0± 0,0± 0,0± 0,0± 0,0± 0,0± 0,0± 0,0± 0,1± 0,0± 0,0± 0,0± 0,0± 0,0± 0,0± 0,0± 0,0± 0,0± 0,0± 0,0± 0,0± 0,0± 0,0± 0,0± 0,0± 0,0± 0,0± 0,0± 0
B.bel1,Post-Invasion,Pond,Wet,3,40.71± 23.61,1.38± 1.57,0± 0,0± 0,0± 0,0± 0,0± 0,0± 0,0± 0,0± 0,0± 0,0± 0,0± 0,0± 0,0± 0,0± 0,0± 0,0± 0,0± 0,0± 0,0± 0,1± 0,0± 0,0± 0,0± 0,0± 0,0± 0,0± 0,0± 0,0± 0,0± 0,0± 0
B.bel1,Pre-Invasion,Pond,Wet,2,52.5± 3.54,1.68± 0.45,0± 0,0± 0,0± 0,0± 0,0± 0,0± 0,0± 0,0± 0,0± 0,0± 0,1± 0,0± 0,0± 0,0± 0,0± 0,0± 0,0± 0,0± 0,0± 0,0± 0,0± 0,0± 0,0± 0,0± 0,0± 0,0± 0,0± 0,0± 0,0± 0,0± 0
B.bel2,Pre-Invasion,Marsh,Dry,6,83.5± 22.34,9.8± 8.81,0± 0,0± 0,0± 0,0± 0,0± 0,0± 0,0± 0,0± 0,0± 0,0± 0,1± 0,0± 0,0± 0,0± 0,0± 0,0± 0,0± 0,0± 0,0± 0,0± 0,0± 0,0± 0,0± 0,0± 0,0± 0,0± 0,0± 0,0± 0,0± 0,0± 0
B.bel2,Pre-Invasion,Pond,Dry,22,83.57± 16,7.97± 5.24,0± 0,0± 0,0± 0,0± 0,0± 0,0± 0,0± 0,0± 0,0± 0,0± 0,0.91± 0.29,0± 0,0± 0,0± 0,0± 0,0± 0,0± 0,0± 0,0± 0,0.09± 0.29,0± 0,0± 0,0± 0,0± 0,0± 0,0± 0,0± 0,0± 0,0± 0,0± 0
B.bel2,Pre-Invasion,Pond,Wet,19,98.05± 18.03,NA± NA,0± 0,0± 0,0± 0,0± 0,0± 0,0± 0,0± 0,0± 0,0± 0,0± 0,0.47± 0.51,0± 0,0± 0,0± 0,0± 0,0± 0,0± 0,0± 0,0± 0,0.47± 0.51,0± 0,0± 0,0± 0,0± 0,0± 0,0.05± 0.23,0± 0,0± 0,0± 0,0± 0
C.bat1,Post-Invasion,Marsh,Wet,8,233.12± 29.71,210.97± 90.5,0± 0,0± 0,0± 0,0.03± 0.09,0± 0,0.12± 0.35,0± 0,0± 0,0± 0,0± 0,0± 0,0.02± 0.04,0.02± 0.04,0± 0,0± 0,0± 0,0± 0,0± 0,0.19± 0.37,0.18± 0.34,0± 0,0.03± 0.09,0.32± 0.4,0± 0,0± 0,0.08± 0.18,0± 0,0.02± 0.04,0± 0,0± 0
C.bat1,Post-Invasion,Pond,Dry,1,69.09± NA,7.62± NA,0± NA,0± NA,0± NA,0± NA,0± NA,0± NA,0± NA,0.5± NA,0± NA,0± NA,0± NA,0± NA,0± NA,0± NA,0± NA,0± NA,0± NA,0± NA,0± NA,0± NA,0± NA,0± NA,0.5± NA,0± NA,0± NA,0± NA,0± NA,0± NA,0± NA,0± NA
C.bat1,Pre-Invasion,Pond,Dry,14,192.79± 35.12,79.55± 38.32,0± 0,0± 0,0± 0,0± 0,0± 0,0.21± 0.31,0± 0,0± 0,0± 0,0± 0,0± 0,0.39± 0.43,0± 0,0.01± 0.03,0± 0,0± 0,0± 0,0± 0,0.02± 0.05,0.14± 0.28,0.05± 0.14,0.01± 0.03,0.12± 0.25,0± 0,0± 0,0.05± 0.18,0± 0,0.01± 0.03,0± 0,0± 0
C.bat1,Post-Invasion,Pond,Wet,1,270± NA,210± NA,0± NA,0± NA,0± NA,0± NA,0± NA,0± NA,0± NA,0.33± NA,0± NA,0± NA,0± NA,0.33± NA,0± NA,0± NA,0± NA,0± NA,0± NA,0± NA,0± NA,0.33± NA,0± NA,0± NA,0± NA,0± NA,0± NA,0± NA,0± NA,0± NA,0± NA,0± NA
C.bat1,Pre-Invasion,Pond,Wet,17,234.29± 50.14,155.53± 97.22,0.25± 0.32,0.03± 0.08,0± 0,0.08± 0.14,0± 0,0.09± 0.14,0± 0.02,0.08± 0.11,0± 0,0.01± 0.02,0± 0,0.09± 0.24,0.07± 0.16,0.01± 0.02,0± 0,0.01± 0.03,0± 0.01,0± 0,0± 0.01,0.01± 0.03,0.02± 0.05,0.04± 0.15,0.09± 0.11,0.01± 0.04,0.05± 0.13,0.03± 0.1,0± 0.02,0.01± 0.02,0± 0,0± 0
C.bim1,Pre-Invasion,Marsh,Wet,1,55± NA,8.44± NA,0± NA,0± NA,0± NA,0± NA,0± NA,0± NA,0± NA,0± NA,0± NA,0± NA,0± NA,0± NA,0± NA,0± NA,0± NA,0± NA,0± NA,0± NA,0± NA,0± NA,0± NA,0.67± NA,0± NA,0± NA,0± NA,0± NA,0± NA,0± NA,0.33± NA,0± NA
C.bim1,Pre-Invasion,Pond,Dry,1,48± NA,5± NA,0± NA,0± NA,0± NA,0± NA,0± NA,0.6± NA,0± NA,0± NA,0± NA,0± NA,0± NA,0± NA,0± NA,0± NA,0± NA,0± NA,0± NA,0± NA,0± NA,0± NA,0± NA,0.4± NA,0± NA,0± NA,0± NA,0± NA,0± NA,0± NA,0± NA,0± NA
C.bim1,Pre-Invasion,Pond,Wet,2,71.5± 9.19,21.93± 8.57,0.06± 0.08,0± 0,0± 0,0± 0,0± 0,0± 0,0± 0,0± 0,0± 0,0± 0,0± 0,0± 0,0± 0,0± 0,0± 0,0± 0,0± 0,0± 0,0.32± 0.14,0± 0,0.04± 0.06,0.44± 0.16,0± 0,0± 0,0± 0,0± 0,0.04± 0.06,0± 0,0± 0,0.1± 0.02
C.man1,Post-Invasion,Pond,Dry,1,86.1± NA,17.72± NA,0± NA,0± NA,0± NA,0± NA,0± NA,0± NA,0± NA,0± NA,0± NA,0± NA,0± NA,0± NA,0± NA,0± NA,0± NA,0± NA,0± NA,0± NA,0± NA,1± NA,0± NA,0± NA,0± NA,0± NA,0± NA,0± NA,0± NA,0± NA,0± NA,0± NA
C.oce1,Post-Invasion,Marsh,Wet,1,101.41± NA,51.82± NA,0± NA,0± NA,0± NA,0± NA,0± NA,0± NA,0± NA,0± NA,0± NA,0± NA,0± NA,1± NA,0± NA,0± NA,0± NA,0± NA,0± NA,0± NA,0± NA,0± NA,0± NA,0± NA,0± NA,0± NA,0± NA,0± NA,0± NA,0± NA,0± NA,0± NA
C.und1,Post-Invasion,Marsh,Wet,3,354.33± 110.65,716.67± 480.45,0± 0,0± 0,0± 0,0± 0,0± 0,0± 0,0± 0,0± 0,0± 0,0± 0,0± 0,0.33± 0.58,0± 0,0± 0,0± 0,0± 0,0± 0,0± 0,0± 0,0± 0,0± 0,0± 0,0± 0,0± 0,0± 0,0.33± 0.58,0.33± 0.58,0± 0,0± 0,0± 0
C.uro1,Post-Invasion,Marsh,Dry,4,66.1± 24.24,14.83± 16.34,0± 0,0± 0,0± 0,0.06± 0.12,0± 0,0± 0,0± 0,0± 0,0± 0,0± 0,0± 0,0.06± 0.12,0± 0,0± 0,0± 0,0± 0,0± 0,0± 0,0± 0,0.05± 0.1,0.05± 0.1,0.78± 0.17,0± 0,0± 0,0± 0,0± 0,0± 0,0± 0,0± 0,0± 0
C.uro1,Post-Invasion,Marsh,Wet,15,77.97± 20.77,26.75± 22.14,0± 0,0± 0,0± 0,0± 0,0± 0,0± 0,0± 0,0± 0,0± 0,0± 0,0± 0,0.03± 0.06,0± 0,0± 0,0± 0,0.01± 0.03,0± 0,0± 0,0± 0.01,0.02± 0.04,0.04± 0.1,0.88± 0.16,0.01± 0.03,0± 0,0± 0,0.01± 0.04,0± 0,0± 0,0± 0,0± 0
C.uro1,Post-Invasion,Pond,Wet,6,80.35± 25.06,27.09± 23.05,0± 0,0± 0,0± 0,0± 0,0± 0,0± 0,0± 0,0± 0,0± 0,0± 0,0± 0,0.03± 0.08,0± 0,0± 0,0± 0,0± 0,0.04± 0.06,0± 0,0± 0,0.01± 0.01,0.07± 0.17,0.84± 0.16,0.01± 0.01,0± 0,0± 0,0± 0,0± 0,0± 0,0± 0,0± 0
C.uro1,Pre-Invasion,Pond,Wet,6,106.5± 9.54,52.76± 13.47,0± 0,0± 0,0± 0,0± 0,0± 0,0.02± 0.05,0± 0,0.03± 0.08,0± 0,0± 0,0.03± 0.08,0.27± 0.41,0± 0,0± 0,0± 0,0± 0,0± 0,0± 0,0± 0,0± 0,0± 0,0.44± 0.36,0.03± 0.08,0± 0,0± 0,0.17± 0.21,0± 0,0± 0,0± 0,0± 0
C.uro2,Post-Invasion,Marsh,Wet,4,166.72± 25.53,189.27± 72.28,0± 0,0± 0,0± 0,0± 0,0± 0,0± 0,0± 0,0± 0,0± 0,0± 0,0± 0,0.08± 0.17,0± 0,0± 0,0.12± 0.25,0± 0,0± 0,0± 0,0± 0,0.21± 0.25,0.25± 0.5,0.33± 0.47,0± 0,0± 0,0± 0,0± 0,0± 0,0± 0,0± 0,0± 0
C.uro2,Post-Invasion,Pond,Dry,1,141.56± NA,200± NA,0± NA,0± NA,0± NA,0± NA,0± NA,0± NA,0± NA,0± NA,0± NA,0± NA,0± NA,0± NA,0± NA,0± NA,0± NA,0± NA,0± NA,0± NA,0± NA,0± NA,0± NA,0± NA,1± NA,0± NA,0± NA,0± NA,0± NA,0± NA,0± NA,0± NA
C.uro2,Post-Invasion,Pond,Wet,2,172± 31.11,250± 70.71,0± 0,0± 0,0± 0,0± 0,0± 0,0± 0,0± 0,0± 0,0± 0,0± 0,0± 0,0.17± 0.24,0± 0,0± 0,0± 0,0± 0,0± 0,0± 0,0.5± 0.71,0± 0,0± 0,0.33± 0.47,0± 0,0± 0,0± 0,0± 0,0± 0,0± 0,0± 0,0± 0
C.uro2,Pre-Invasion,Pond,Wet,10,144.3± 13.6,113.75± 33.46,0.02± 0.05,0± 0,0± 0,0± 0,0± 0,0.11± 0.2,0.04± 0.08,0± 0,0± 0,0.01± 0.04,0.05± 0.16,0.16± 0.2,0± 0,0± 0,0.03± 0.08,0± 0,0± 0,0± 0,0.03± 0.08,0.26± 0.35,0± 0,0.27± 0.44,0± 0,0± 0,0± 0,0.01± 0.02,0.03± 0.05,0± 0,0± 0,0± 0
C.var1,Pre-Invasion,Marsh,Dry,5,22.16± 2.5,0.3± 0.13,0± 0,0± 0,0± 0,0± 0,0± 0,0.03± 0.07,0.17± 0.24,0± 0,0± 0,0± 0,0± 0,0± 0,0± 0,0± 0,0± 0,0± 0,0± 0,0± 0,0.03± 0.07,0± 0,0± 0,0± 0,0± 0,0± 0,0± 0,0± 0,0.73± 0.38,0± 0,0± 0,0.03± 0.07
C.var1,Post-Invasion,Marsh,Wet,1,22.43± NA,0.35± NA,0± NA,0± NA,0± NA,0± NA,0± NA,0± NA,0± NA,0± NA,0± NA,0± NA,0± NA,0.5± NA,0± NA,0± NA,0± NA,0± NA,0± NA,0± NA,0± NA,0± NA,0± NA,0± NA,0± NA,0± NA,0± NA,0± NA,0.5± NA,0± NA,0± NA,0± NA
C.var1,Pre-Invasion,Marsh,Wet,25,17.88± 1.47,0.14± 0.04,0.01± 0.05,0± 0,0± 0,0± 0,0± 0,0.08± 0.15,0.24± 0.24,0.01± 0.05,0.01± 0.05,0.07± 0.12,0± 0,0± 0,0.01± 0.04,0± 0,0± 0,0± 0,0± 0,0± 0,0.07± 0.16,0.09± 0.26,0± 0,0± 0,0± 0,0± 0,0± 0.01,0± 0,0.4± 0.33,0± 0,0± 0,0± 0
E.ame1,Post-Invasion,Marsh,Dry,1,156± NA,45.6± NA,0± NA,0± NA,0± NA,0± NA,1± NA,0± NA,0± NA,0± NA,0± NA,0± NA,0± NA,0± NA,0± NA,0± NA,0± NA,0± NA,0± NA,0± NA,0± NA,0± NA,0± NA,0± NA,0± NA,0± NA,0± NA,0± NA,0± NA,0± NA,0± NA,0± NA
E.eve1,Post-Invasion,Marsh,Dry,8,15.05± 3.59,0.12± 0.09,0.21± 0.36,0± 0,0± 0,0± 0,0± 0,0.36± 0.48,0.17± 0.36,0± 0,0.01± 0.03,0± 0,0± 0,0± 0,0± 0,0± 0,0.04± 0.07,0± 0,0± 0,0± 0,0± 0,0± 0,0.12± 0.35,0.01± 0.03,0± 0,0± 0,0.07± 0.15,0± 0,0± 0,0± 0,0± 0,0± 0
E.eve1,Pre-Invasion,Marsh,Dry,24,17.58± 2.88,0.19± 0.13,0.09± 0.13,0± 0,0± 0,0± 0,0± 0,0.16± 0.15,0.39± 0.25,0.02± 0.05,0± 0,0.15± 0.18,0± 0,0.02± 0.06,0± 0,0.01± 0.05,0± 0,0± 0,0± 0.02,0± 0,0± 0,0± 0,0± 0,0.02± 0.05,0± 0,0± 0,0.12± 0.15,0.01± 0.03,0.02± 0.05,0± 0,0± 0,0± 0
E.eve1,Post-Invasion,Marsh,Wet,2,15.69± 0.64,0.13± 0.01,0.25± 0.35,0± 0,0± 0,0± 0,0± 0,0± 0,0± 0,0± 0,0± 0,0.25± 0.35,0± 0,0± 0,0± 0,0± 0,0.25± 0.35,0± 0,0± 0,0± 0,0± 0,0± 0,0± 0,0.25± 0.35,0± 0,0± 0,0± 0,0± 0,0± 0,0± 0,0± 0,0± 0
E.eve1,Pre-Invasion,Marsh,Wet,22,15.64± 2.32,0.1± 0.05,0.11± 0.16,0± 0,0± 0,0± 0,0± 0,0.21± 0.2,0.18± 0.17,0± 0,0± 0,0.31± 0.24,0± 0,0± 0,0± 0,0.04± 0.07,0± 0,0± 0,0.01± 0.02,0± 0,0.02± 0.05,0± 0,0± 0.01,0.04± 0.11,0± 0.01,0± 0,0.06± 0.07,0± 0,0.01± 0.04,0± 0,0± 0,0± 0
E.eve1,Post-Invasion,Pond,Dry,1,12.57± NA,0.06± NA,0± NA,0± NA,0± NA,0± NA,0± NA,1± NA,0± NA,0± NA,0± NA,0± NA,0± NA,0± NA,0± NA,0± NA,0± NA,0± NA,0± NA,0± NA,0± NA,0± NA,0± NA,0± NA,0± NA,0± NA,0± NA,0± NA,0± NA,0± NA,0± NA,0± NA
E.eve1,Pre-Invasion,Pond,Dry,6,17.63± 3.5,0.17± 0.08,0.25± 0.29,0± 0,0± 0,0± 0,0± 0,0± 0,0.11± 0.17,0± 0,0± 0,0.36± 0.22,0± 0,0± 0,0± 0,0.04± 0.1,0± 0,0± 0,0± 0,0± 0,0.06± 0.14,0± 0,0± 0,0± 0,0± 0,0± 0,0.1± 0.15,0± 0,0.08± 0.2,0± 0,0± 0,0± 0
E.eve1,Post-Invasion,Pond,Wet,7,17.68± 2.48,0.19± 0.1,0± 0,0± 0,0± 0,0± 0,0± 0,0.27± 0.39,0± 0,0± 0,0± 0,0± 0,0± 0,0± 0,0.14± 0.38,0± 0,0± 0,0± 0,0± 0,0± 0,0± 0,0± 0,0± 0,0.2± 0.38,0± 0,0± 0,0.39± 0.46,0± 0,0± 0,0± 0,0± 0,0± 0
E.eve1,Pre-Invasion,Pond,Wet,12,17.88± 1.97,0.13± 0.05,0.13± 0.16,0± 0,0± 0,0± 0,0± 0,0.07± 0.08,0.39± 0.34,0.01± 0.03,0± 0,0.3± 0.33,0± 0,0± 0,0± 0,0± 0,0.01± 0.02,0± 0,0± 0,0± 0,0± 0,0± 0,0± 0,0± 0,0.02± 0.05,0± 0,0.06± 0.12,0± 0,0± 0,0± 0,0± 0,0± 0
E.fus,Pre-Invasion,Marsh,Wet,2,380± 14.14,77± 2.83,0.27± 0.39,0± 0,0± 0,0± 0,0± 0,0± 0,0.27± 0.12,0± 0,0± 0,0.46± 0.26,0± 0,0± 0,0± 0,0± 0,0± 0,0± 0,0± 0,0± 0,0± 0,0± 0,0± 0,0± 0,0± 0,0± 0,0± 0,0± 0,0± 0,0± 0,0± 0,0± 0
E.fus,Pre-Invasion,Pond,Wet,5,332± 59.22,48± 16.25,0.05± 0.11,0± 0,0± 0,0± 0,0± 0,0.07± 0.15,0.46± 0.32,0± 0,0± 0,0.24± 0.26,0± 0,0± 0,0± 0,0.05± 0.07,0± 0,0± 0,0± 0,0± 0,0± 0,0± 0,0± 0,0± 0,0.03± 0.07,0± 0,0.08± 0.12,0± 0,0± 0,0± 0,0± 0,0.01± 0.02
E.glo1,Post-Invasion,Marsh,Dry,5,37.91± 2.3,2.22± 0.51,0.09± 0.19,0± 0,0± 0,0± 0,0± 0,0± 0,0± 0,0± 0,0± 0,0± 0,0± 0,0.07± 0.15,0± 0,0± 0,0± 0,0.3± 0.42,0± 0,0± 0,0± 0,0± 0,0.27± 0.43,0.12± 0.17,0.03± 0.06,0± 0,0± 0,0± 0,0± 0,0± 0,0.13± 0.3,0± 0
E.glo1,Pre-Invasion,Marsh,Dry,22,22.93± 6.91,0.51± 0.51,0.02± 0.03,0± 0,0± 0,0± 0,0± 0,0.16± 0.2,0.36± 0.21,0± 0.01,0± 0,0.28± 0.19,0± 0,0± 0,0± 0.01,0± 0.01,0± 0,0± 0,0.03± 0.05,0± 0,0± 0,0± 0,0± 0.01,0± 0.01,0.01± 0.04,0± 0,0.1± 0.17,0± 0,0± 0,0± 0,0.01± 0.04,0± 0
E.glo1,Post-Invasion,Marsh,Wet,1,31.45± NA,1± NA,0± NA,0± NA,0± NA,0± NA,0± NA,0± NA,0± NA,0± NA,0± NA,0± NA,0± NA,0± NA,0± NA,0± NA,0± NA,0± NA,0± NA,0± NA,0± NA,0± NA,0± NA,0.82± NA,0.09± NA,0± NA,0± NA,0.09± NA,0± NA,0± NA,0± NA,0± NA
E.glo1,Pre-Invasion,Marsh,Wet,34,24.09± 6.84,0.58± 0.61,0.01± 0.02,0± 0,0± 0,0± 0,0± 0,0.11± 0.13,0.36± 0.21,0.01± 0.01,0± 0,0.35± 0.19,0± 0,0± 0,0.01± 0.02,0± 0.02,0± 0.01,0.01± 0.02,0.01± 0.03,0± 0,0.04± 0.18,0± 0,0± 0,0± 0.01,0.01± 0.01,0± 0,0.07± 0.1,0± 0,0± 0,0± 0,0.01± 0.03,0± 0
E.glo1,Post-Invasion,Pond,Wet,3,31.72± 5.01,1± 0.41,0.1± 0.09,0± 0,0± 0,0.03± 0.06,0± 0,0± 0,0± 0,0± 0,0± 0,0± 0,0± 0,0± 0,0± 0,0± 0,0± 0,0.03± 0.04,0± 0,0± 0,0± 0,0± 0,0± 0,0.81± 0.04,0± 0,0± 0,0± 0,0.03± 0.06,0± 0,0± 0,0± 0,0± 0
E.suc1,Post-Invasion,Marsh,Dry,4,79.11± 11.82,12.03± 4.31,0.05± 0.1,0± 0,0± 0,0± 0,0± 0,0± 0,0.25± 0.35,0± 0,0± 0,0± 0,0± 0,0.32± 0.47,0± 0,0± 0,0± 0,0± 0,0.03± 0.07,0± 0,0± 0,0± 0,0± 0,0± 0,0± 0,0± 0,0.35± 0.4,0± 0,0± 0,0± 0,0± 0,0± 0
E.suc1,Post-Invasion,Marsh,Wet,3,73.98± 24,15.14± 10.36,0.11± 0.1,0± 0,0± 0,0± 0,0± 0,0.44± 0.35,0.08± 0.14,0± 0,0± 0,0.1± 0.16,0± 0,0± 0,0± 0,0± 0,0± 0,0± 0,0.02± 0.04,0± 0,0± 0,0± 0,0.07± 0.13,0± 0,0± 0,0± 0,0.17± 0.19,0± 0,0± 0,0± 0,0± 0,0± 0
E.suc1,Post-Invasion,Pond,Dry,2,95.37± 5.89,20.59± 2.76,0± 0,0± 0,0± 0,0± 0,0± 0,0± 0,0.69± 0.27,0± 0,0± 0,0± 0,0± 0,0.1± 0.03,0± 0,0± 0,0± 0,0± 0,0.08± 0.12,0± 0,0± 0,0± 0,0.12± 0.18,0± 0,0± 0,0± 0,0± 0,0± 0,0± 0,0± 0,0± 0,0± 0
E.suc1,Post-Invasion,Pond,Wet,5,86.21± 10.71,15.97± 6.04,0.07± 0.15,0± 0,0± 0,0± 0,0± 0,0.1± 0.11,0.55± 0.2,0± 0,0± 0,0.06± 0.11,0± 0,0.02± 0.04,0± 0,0± 0,0± 0,0± 0,0.07± 0.1,0± 0,0± 0,0± 0,0.12± 0.16,0.01± 0.02,0± 0,0± 0,0± 0,0± 0,0± 0,0± 0,0± 0,0± 0
E.suc1,Pre-Invasion,Pond,Wet,2,59± 45.25,9.75± 13.39,0.04± 0.04,0± 0,0± 0,0± 0,0± 0,0.01± 0.01,0.18± 0.15,0± 0,0± 0,0.42± 0.59,0± 0,0± 0,0± 0,0± 0,0± 0,0± 0,0± 0,0± 0,0.32± 0.45,0± 0,0± 0,0.01± 0.02,0± 0,0± 0,0.01± 0.01,0± 0,0± 0,0± 0,0± 0,0± 0
E.suc2,Post-Invasion,Pond,Dry,3,124.37± 14.74,44.67± 17.77,0± 0,0± 0,0± 0,0± 0,0± 0,0± 0,0.29± 0.49,0± 0,0± 0,0± 0,0± 0,0.71± 0.49,0± 0,0± 0,0± 0,0± 0,0± 0,0± 0,0± 0,0± 0,0± 0,0± 0,0± 0,0± 0,0± 0,0± 0,0± 0,0± 0,0± 0,0± 0
E.suc2,Post-Invasion,Pond,Wet,2,112.44± 12.06,33.53± 11.61,0.15± 0.21,0± 0,0± 0,0± 0,0± 0,0.29± 0.15,0.2± 0.28,0± 0,0± 0,0.1± 0.14,0± 0,0.01± 0.01,0± 0,0± 0,0± 0,0± 0,0.06± 0.06,0± 0,0± 0,0± 0,0.14± 0.2,0± 0,0± 0,0± 0,0.05± 0.07,0± 0,0± 0,0± 0,0± 0,0± 0
E.suc2,Pre-Invasion,Pond,Wet,7,128± 12.99,52.36± 15.64,0.01± 0.02,0± 0,0± 0,0± 0,0± 0,0.12± 0.24,0.19± 0.25,0± 0,0± 0,0.4± 0.32,0± 0,0.05± 0.09,0± 0.01,0± 0,0± 0,0± 0,0± 0,0± 0,0± 0.01,0± 0,0± 0,0± 0,0± 0,0.12± 0.28,0.11± 0.1,0± 0,0± 0,0± 0,0± 0,0± 0
E.suc3,Pre-Invasion,Pond,Wet,8,178.88± 21.97,165.12± 62.72,0.02± 0.03,0± 0,0± 0,0± 0,0± 0,0.1± 0.07,0.44± 0.16,0± 0,0± 0,0.29± 0.18,0± 0,0.02± 0.03,0± 0,0± 0,0.01± 0.03,0± 0,0.02± 0.03,0± 0,0± 0.01,0± 0,0± 0,0.01± 0.01,0± 0,0± 0,0.09± 0.12,0± 0,0± 0,0± 0,0.01± 0.01,0± 0
F.chr1,Post-Invasion,Marsh,Dry,9,28.2± 7.84,0.56± 0.45,0.06± 0.17,0± 0,0± 0,0± 0,0± 0,0.09± 0.22,0± 0,0± 0,0± 0,0± 0,0± 0,0± 0,0± 0,0± 0,0± 0,0.12± 0.33,0.15± 0.26,0± 0,0± 0,0.04± 0.11,0.3± 0.35,0± 0,0.25± 0.34,0± 0,0± 0,0± 0,0± 0,0± 0,0± 0,0± 0
F.chr1,Pre-Invasion,Marsh,Dry,50,26.06± 6.25,0.38± 0.3,0.14± 0.21,0± 0.02,0± 0,0± 0.02,0± 0,0.09± 0.13,0.26± 0.27,0.05± 0.09,0.02± 0.06,0.01± 0.04,0± 0.03,0.01± 0.07,0.14± 0.22,0± 0.01,0± 0,0.06± 0.09,0.07± 0.14,0.01± 0.04,0± 0.01,0.01± 0.03,0.05± 0.1,0.01± 0.03,0± 0,0± 0,0.02± 0.06,0.02± 0.09,0.02± 0.04,0± 0,0± 0,0± 0.02
F.chr1,Post-Invasion,Marsh,Wet,14,21.34± 8.22,0.31± 0.45,0± 0,0.01± 0.03,0± 0,0± 0,0± 0,0.07± 0.27,0.09± 0.19,0.04± 0.13,0.07± 0.27,0± 0,0.01± 0.05,0± 0,0.05± 0.14,0± 0,0± 0,0.05± 0.12,0.24± 0.35,0± 0,0± 0,0± 0,0.13± 0.28,0.06± 0.16,0.13± 0.28,0± 0,0.05± 0.12,0± 0,0± 0,0± 0,0± 0,0± 0
F.chr1,Pre-Invasion,Marsh,Wet,49,25.48± 8.37,0.4± 0.37,0.06± 0.11,0.01± 0.04,0± 0,0.02± 0.04,0± 0,0.21± 0.24,0.22± 0.26,0.01± 0.04,0.05± 0.09,0.07± 0.14,0.01± 0.07,0± 0,0.1± 0.14,0.01± 0.03,0± 0,0.05± 0.11,0.01± 0.04,0± 0.01,0.02± 0.06,0.03± 0.09,0± 0,0.04± 0.09,0.01± 0.04,0± 0,0.04± 0.08,0± 0,0.02± 0.04,0± 0.01,0.01± 0.03,0.01± 0.04
F.chr1,Post-Invasion,Pond,Dry,11,24.04± 4.62,0.35± 0.15,0± 0,0± 0,0± 0,0± 0,0± 0,0.07± 0.2,0.1± 0.25,0.05± 0.15,0.02± 0.08,0.08± 0.21,0± 0,0± 0,0.07± 0.16,0.05± 0.15,0± 0,0± 0,0.02± 0.08,0± 0,0± 0,0.03± 0.1,0.19± 0.4,0.09± 0.3,0.23± 0.41,0± 0,0± 0,0± 0,0± 0,0± 0,0± 0,0± 0
F.chr1,Pre-Invasion,Pond,Dry,8,31.64± 6.38,0.63± 0.31,0.02± 0.06,0.12± 0.23,0± 0,0± 0,0± 0,0.03± 0.06,0.03± 0.09,0± 0,0.02± 0.06,0.14± 0.18,0.04± 0.12,0.04± 0.09,0.02± 0.04,0± 0,0.07± 0.12,0.02± 0.04,0± 0,0± 0,0.04± 0.12,0.14± 0.26,0.11± 0.18,0± 0,0± 0,0.01± 0.04,0± 0,0± 0,0± 0,0± 0,0± 0,0.14± 0.19
F.chr1,Post-Invasion,Pond,Wet,23,19.89± 9.48,0.27± 0.37,0.04± 0.16,0± 0,0± 0,0± 0,0± 0,0.06± 0.21,0.28± 0.38,0.02± 0.1,0± 0.01,0.13± 0.3,0± 0,0.09± 0.29,0.04± 0.15,0± 0,0± 0,0± 0,0.07± 0.14,0.02± 0.1,0± 0,0.02± 0.06,0.06± 0.22,0.06± 0.11,0.04± 0.16,0.02± 0.1,0.05± 0.17,0± 0,0± 0,0± 0,0± 0,0± 0
F.chr1,Pre-Invasion,Pond,Wet,16,33.72± 3.61,0.83± 0.32,0.04± 0.09,0.09± 0.26,0± 0,0± 0,0± 0,0.31± 0.31,0.02± 0.05,0± 0,0.05± 0.21,0± 0,0± 0,0± 0,0.19± 0.37,0.06± 0.15,0± 0,0± 0,0± 0,0± 0,0± 0,0± 0,0.02± 0.06,0± 0,0± 0,0.01± 0.05,0.01± 0.05,0± 0,0.01± 0.04,0± 0,0.16± 0.3,0.02± 0.06
F.chr2,Post-Invasion,Marsh,Dry,1,58.67± NA,4.48± NA,0± NA,0± NA,0± NA,0± NA,0± NA,0± NA,0± NA,0± NA,0± NA,0± NA,0± NA,0± NA,0± NA,0± NA,0± NA,0± NA,0± NA,0± NA,0± NA,0± NA,0± NA,0± NA,1± NA,0± NA,0± NA,0± NA,0± NA,0± NA,0± NA,0± NA
F.chr2,Pre-Invasion,Marsh,Dry,18,45.64± 6.36,2.16± 1.13,0.18± 0.24,0.01± 0.03,0± 0,0.01± 0.02,0± 0,0.07± 0.11,0.04± 0.1,0.04± 0.1,0± 0,0± 0,0.03± 0.09,0.06± 0.14,0.01± 0.03,0.03± 0.12,0± 0,0.05± 0.13,0.03± 0.06,0.03± 0.12,0.01± 0.03,0.01± 0.03,0.07± 0.24,0.08± 0.16,0.03± 0.12,0± 0,0.02± 0.04,0.13± 0.29,0.06± 0.11,0± 0,0± 0,0± 0
F.chr2,Pre-Invasion,Marsh,Wet,23,50.83± 6.22,2.78± 1.07,0.14± 0.2,0.01± 0.03,0± 0,0.02± 0.05,0± 0,0.12± 0.18,0± 0,0.02± 0.09,0.02± 0.05,0± 0,0.01± 0.04,0± 0,0.08± 0.13,0± 0,0± 0,0.02± 0.05,0± 0.01,0± 0,0± 0,0.11± 0.25,0± 0,0.34± 0.32,0± 0.01,0± 0,0.02± 0.05,0± 0,0.02± 0.05,0± 0,0.05± 0.09,0.02± 0.05
F.chr2,Post-Invasion,Pond,Dry,1,41.13± NA,1.53± NA,0± NA,0± NA,0± NA,0± NA,0± NA,0.5± NA,0± NA,0± NA,0± NA,0± NA,0± NA,0± NA,0± NA,0± NA,0± NA,0± NA,0± NA,0± NA,0.5± NA,0± NA,0± NA,0± NA,0± NA,0± NA,0± NA,0± NA,0± NA,0± NA,0± NA,0± NA
F.chr2,Post-Invasion,Pond,Wet,1,53.78± NA,3.51± NA,0± NA,0± NA,0± NA,0± NA,0± NA,0± NA,0± NA,0± NA,0± NA,0.2± NA,0± NA,0± NA,0± NA,0± NA,0± NA,0± NA,0± NA,0± NA,0± NA,0± NA,0± NA,0.8± NA,0± NA,0± NA,0± NA,0± NA,0± NA,0± NA,0± NA,0± NA
F.chr2,Pre-Invasion,Pond,Wet,5,46.1± 6.17,2.2± 1.06,0.22± 0.16,0± 0,0± 0,0± 0,0± 0,0.28± 0.2,0.07± 0.15,0± 0,0± 0,0± 0,0± 0,0.03± 0.06,0.04± 0.09,0.04± 0.09,0.1± 0.1,0± 0,0± 0,0± 0,0± 0,0± 0,0± 0,0.08± 0.18,0± 0,0± 0,0± 0,0± 0,0± 0,0± 0,0.15± 0.21,0± 0
F.con1,Post-Invasion,Marsh,Dry,2,41.8± 11.6,1.63± 1.26,0± 0,0.3± 0.42,0± 0,0± 0,0± 0,0± 0,0± 0,0± 0,0± 0,0± 0,0± 0,0± 0,0± 0,0± 0,0± 0,0.2± 0.28,0± 0,0± 0,0± 0,0± 0,0± 0,0.5± 0.71,0± 0,0± 0,0± 0,0± 0,0± 0,0± 0,0± 0,0± 0
F.con1,Pre-Invasion,Marsh,Dry,17,36.29± 3.09,0.95± 0.21,0.22± 0.24,0± 0,0± 0,0.05± 0.13,0± 0,0.25± 0.25,0.12± 0.13,0.01± 0.02,0± 0,0.06± 0.13,0± 0,0± 0,0.02± 0.06,0± 0,0± 0,0.06± 0.24,0± 0,0± 0,0± 0,0.08± 0.24,0± 0,0.03± 0.08,0± 0,0± 0,0.06± 0.1,0± 0,0.03± 0.07,0± 0,0.01± 0.04,0± 0
F.con1,Pre-Invasion,Marsh,Wet,27,30.87± 6.09,0.65± 0.34,0.32± 0.23,0± 0,0± 0,0± 0,0± 0,0.28± 0.2,0.08± 0.11,0.01± 0.04,0± 0,0.04± 0.06,0± 0,0± 0.01,0± 0,0.01± 0.04,0± 0,0± 0,0.01± 0.05,0± 0,0± 0.02,0± 0,0± 0,0.02± 0.05,0± 0,0.01± 0.04,0.14± 0.16,0± 0,0.06± 0.07,0± 0,0.01± 0.03,0± 0
F.con1,Post-Invasion,Pond,Dry,1,40.21± NA,1.24± NA,0.2± NA,0± NA,0± NA,0± NA,0± NA,0.8± NA,0± NA,0± NA,0± NA,0± NA,0± NA,0± NA,0± NA,0± NA,0± NA,0± NA,0± NA,0± NA,0± NA,0± NA,0± NA,0± NA,0± NA,0± NA,0± NA,0± NA,0± NA,0± NA,0± NA,0± NA
F.con1,Pre-Invasion,Pond,Wet,4,34.88± 2.78,0.81± 0.19,0.07± 0.08,0± 0,0± 0,0.03± 0.06,0± 0,0.13± 0.15,0.48± 0.27,0± 0,0± 0,0.06± 0.07,0± 0,0.03± 0.06,0± 0,0.09± 0.19,0.06± 0.07,0.03± 0.05,0± 0,0± 0,0± 0,0± 0,0.03± 0.06,0± 0,0± 0,0± 0,0± 0,0± 0,0± 0,0± 0,0± 0,0± 0
F.con2,Pre-Invasion,Marsh,Dry,26,48.12± 5.54,2.49± 0.92,0.24± 0.28,0± 0,0± 0,0± 0,0± 0,0.17± 0.25,0.06± 0.2,0± 0,0± 0,0.02± 0.07,0.09± 0.24,0.07± 0.15,0.01± 0.04,0± 0,0± 0,0.01± 0.04,0± 0,0± 0,0± 0,0.08± 0.15,0± 0,0.03± 0.1,0.01± 0.03,0± 0,0.02± 0.07,0.17± 0.26,0.02± 0.06,0± 0,0± 0,0± 0
F.con2,Pre-Invasion,Marsh,Wet,2,47± 5.66,2.06± 0.56,0.24± 0.01,0± 0,0± 0,0± 0,0± 0,0.14± 0.15,0± 0,0± 0,0± 0,0± 0,0± 0,0.02± 0.03,0± 0,0± 0,0± 0,0± 0,0± 0,0± 0,0± 0,0.31± 0.44,0± 0,0.12± 0.18,0± 0,0± 0,0.14± 0.15,0± 0,0.02± 0.03,0± 0,0± 0,0± 0
G.hol1,Post-Invasion,Marsh,Dry,7,11.5± 4.4,0.04± 0.05,0± 0,0± 0,0± 0,0± 0,0± 0,0.13± 0.33,0.38± 0.48,0± 0,0± 0,0.02± 0.05,0± 0,0± 0,0.14± 0.38,0± 0,0± 0,0.15± 0.38,0.04± 0.09,0± 0,0± 0,0± 0,0± 0,0± 0,0± 0,0.14± 0.38,0± 0,0± 0,0± 0,0± 0,0± 0,0± 0
G.hol1,Pre-Invasion,Marsh,Dry,23,14.24± 1.96,0.05± 0.02,0± 0,0± 0,0± 0,0± 0,0± 0,0.24± 0.3,0.17± 0.23,0± 0,0± 0,0.01± 0.04,0± 0,0± 0,0± 0,0± 0,0± 0,0.02± 0.07,0.03± 0.09,0± 0,0.32± 0.35,0.01± 0.03,0± 0,0± 0,0± 0,0± 0,0± 0,0± 0,0.2± 0.23,0± 0,0± 0,0± 0
G.hol1,Post-Invasion,Marsh,Wet,18,13.35± 2.63,0.05± 0.03,0± 0,0.02± 0.07,0± 0,0± 0,0± 0,0± 0,0± 0,0.02± 0.06,0± 0,0± 0,0± 0,0.04± 0.12,0.52± 0.45,0± 0,0.03± 0.09,0.11± 0.32,0.05± 0.16,0± 0,0± 0,0± 0,0.21± 0.31,0± 0,0± 0,0± 0,0± 0,0± 0,0± 0,0± 0,0± 0,0± 0
G.hol1,Pre-Invasion,Marsh,Wet,25,13.68± 1.42,0.05± 0.03,0.01± 0.03,0.01± 0.02,0± 0,0± 0,0± 0,0.26± 0.27,0.2± 0.19,0± 0.01,0.18± 0.18,0.03± 0.07,0± 0,0± 0,0.01± 0.02,0± 0,0± 0,0± 0,0± 0,0± 0,0.25± 0.24,0± 0,0.01± 0.04,0± 0,0± 0,0± 0,0.01± 0.03,0± 0,0.02± 0.04,0± 0,0± 0,0± 0
G.hol1,Post-Invasion,Pond,Dry,16,13.47± 3.8,0.06± 0.03,0± 0,0± 0,0± 0,0± 0,0± 0,0.01± 0.05,0.18± 0.29,0.02± 0.08,0.12± 0.32,0.03± 0.12,0± 0,0.32± 0.33,0.05± 0.13,0± 0.02,0± 0,0.1± 0.26,0.08± 0.15,0± 0,0± 0,0± 0,0.03± 0.12,0± 0,0± 0,0± 0,0± 0,0± 0,0.06± 0.25,0± 0,0± 0,0± 0
G.hol1,Pre-Invasion,Pond,Dry,25,14.9± 1.27,0.06± 0.02,0.01± 0.05,0± 0,0± 0,0± 0,0± 0,0.03± 0.11,0.06± 0.15,0± 0,0.01± 0.05,0.02± 0.1,0± 0,0.39± 0.34,0± 0,0± 0,0± 0,0± 0,0± 0,0± 0,0.48± 0.37,0± 0,0± 0.02,0± 0,0± 0,0± 0,0± 0,0± 0,0± 0,0± 0,0± 0,0± 0
G.hol1,Post-Invasion,Pond,Wet,18,13.71± 2.54,0.06± 0.04,0± 0,0.05± 0.12,0± 0,0± 0,0± 0,0.02± 0.08,0.27± 0.35,0± 0.02,0.01± 0.04,0± 0,0± 0,0.02± 0.06,0.3± 0.38,0± 0,0± 0,0.06± 0.16,0.1± 0.19,0.01± 0.04,0.03± 0.12,0± 0,0.1± 0.25,0± 0,0± 0,0± 0,0± 0,0± 0,0.04± 0.12,0± 0,0± 0,0± 0
G.hol1,Pre-Invasion,Pond,Wet,25,13.68± 2.12,0.03± 0.02,0± 0,0.02± 0.07,0± 0,0± 0,0± 0,0.24± 0.34,0.3± 0.33,0± 0,0.18± 0.28,0.06± 0.17,0± 0,0± 0,0± 0,0± 0,0± 0,0.06± 0.14,0.02± 0.06,0.01± 0.04,0.08± 0.21,0± 0,0± 0,0± 0,0± 0,0± 0.03,0± 0,0± 0,0.04± 0.11,0± 0,0± 0,0± 0
G.hol2,Post-Invasion,Marsh,Dry,5,20.56± 3.98,0.18± 0.09,0± 0,0± 0,0± 0,0± 0,0± 0,0.53± 0.4,0.17± 0.29,0.01± 0.02,0± 0,0.05± 0.07,0± 0,0.07± 0.15,0.13± 0.3,0± 0,0± 0,0± 0,0± 0,0± 0,0± 0,0± 0,0.02± 0.05,0± 0,0± 0,0± 0,0± 0,0± 0,0.01± 0.03,0± 0,0± 0,0± 0
G.hol2,Pre-Invasion,Marsh,Dry,25,20.47± 2.43,0.13± 0.05,0.01± 0.05,0.01± 0.03,0± 0,0± 0,0± 0,0.36± 0.31,0.16± 0.2,0± 0,0± 0,0.01± 0.03,0± 0,0.01± 0.04,0.06± 0.22,0± 0,0± 0,0.01± 0.04,0.01± 0.05,0.02± 0.1,0.05± 0.12,0.03± 0.14,0.01± 0.03,0± 0,0± 0,0± 0,0± 0,0.01± 0.03,0.25± 0.27,0± 0,0± 0,0± 0
G.hol2,Post-Invasion,Marsh,Wet,18,20.48± 3.1,0.16± 0.09,0± 0,0.11± 0.21,0± 0,0± 0,0± 0,0± 0,0.02± 0.09,0.02± 0.04,0.04± 0.12,0± 0,0± 0,0.05± 0.13,0.38± 0.29,0.01± 0.05,0.03± 0.08,0.03± 0.08,0.12± 0.18,0.03± 0.07,0± 0,0± 0,0.12± 0.2,0.04± 0.12,0± 0,0± 0,0± 0,0± 0,0± 0,0± 0,0± 0,0± 0
G.hol2,Pre-Invasion,Marsh,Wet,26,22.25± 3.33,0.19± 0.1,0.02± 0.05,0.01± 0.03,0± 0,0± 0,0± 0,0.27± 0.25,0.16± 0.18,0± 0.01,0.12± 0.19,0.05± 0.09,0± 0,0± 0,0± 0.02,0± 0,0± 0,0.04± 0.12,0± 0,0± 0,0.04± 0.11,0.22± 0.31,0± 0,0± 0,0± 0.02,0± 0,0± 0,0± 0,0.06± 0.07,0± 0,0± 0,0± 0
G.hol2,Post-Invasion,Pond,Dry,27,22.6± 4.18,0.26± 0.15,0.02± 0.1,0± 0,0± 0,0.02± 0.1,0± 0,0± 0,0± 0,0.03± 0.11,0.1± 0.25,0± 0,0± 0,0.18± 0.3,0.1± 0.23,0± 0,0± 0,0.26± 0.36,0± 0,0.02± 0.07,0± 0,0.08± 0.22,0.1± 0.25,0.02± 0.1,0± 0,0.01± 0.06,0± 0,0± 0,0.01± 0.05,0± 0,0.04± 0.13,0± 0
G.hol2,Pre-Invasion,Pond,Dry,24,21.96± 4.5,0.2± 0.17,0± 0,0± 0,0± 0,0± 0,0± 0,0.03± 0.08,0.01± 0.06,0.01± 0.04,0± 0.01,0.01± 0.06,0± 0,0.26± 0.17,0.03± 0.09,0± 0,0.17± 0.19,0± 0,0.03± 0.11,0.02± 0.06,0.27± 0.28,0.09± 0.23,0± 0,0± 0,0± 0,0± 0,0.02± 0.06,0± 0,0± 0,0± 0,0± 0,0± 0
G.hol2,Post-Invasion,Pond,Wet,21,20.42± 3.13,0.15± 0.09,0± 0,0.03± 0.07,0± 0,0± 0,0± 0,0.03± 0.09,0.1± 0.25,0.01± 0.04,0± 0,0± 0,0± 0,0.08± 0.15,0.2± 0.25,0± 0,0.02± 0.06,0.04± 0.1,0.01± 0.05,0.06± 0.22,0± 0,0± 0,0.33± 0.31,0± 0,0± 0,0± 0,0.02± 0.11,0± 0,0.07± 0.12,0± 0,0.01± 0.04,0± 0
G.hol2,Pre-Invasion,Pond,Wet,25,23.44± 4.64,0.25± 0.17,0± 0.01,0.02± 0.06,0± 0,0± 0,0± 0,0.02± 0.1,0.06± 0.11,0.04± 0.13,0.17± 0.24,0.08± 0.21,0± 0,0.06± 0.1,0.14± 0.19,0± 0,0.15± 0.24,0.11± 0.16,0± 0,0.01± 0.05,0± 0,0± 0,0.01± 0.04,0± 0,0± 0,0± 0,0.01± 0.05,0± 0,0.01± 0.03,0± 0,0± 0,0.11± 0.21
H.for1,Post-Invasion,Marsh,Dry,1,11.78± NA,0.03± NA,0± NA,0± NA,0± NA,0± NA,0± NA,0± NA,0.9± NA,0± NA,0± NA,0± NA,0± NA,0± NA,0± NA,0± NA,0± NA,0± NA,0.1± NA,0± NA,0± NA,0± NA,0± NA,0± NA,0± NA,0± NA,0± NA,0± NA,0± NA,0± NA,0± NA,0± NA
H.for1,Pre-Invasion,Marsh,Dry,25,11.16± 0.55,0.03± 0.01,0.01± 0.03,0± 0,0± 0,0± 0,0± 0,0.08± 0.2,0.18± 0.22,0± 0,0± 0.02,0.03± 0.06,0± 0,0± 0,0± 0,0± 0,0± 0,0± 0,0± 0,0± 0,0.36± 0.28,0± 0,0± 0,0± 0,0± 0,0± 0,0± 0,0± 0,0.35± 0.33,0± 0,0± 0,0± 0
H.for1,Post-Invasion,Marsh,Wet,8,9.99± 1.46,0.03± 0.01,0± 0,0± 0,0± 0,0± 0,0± 0,0.23± 0.37,0.17± 0.36,0± 0,0± 0,0.04± 0.12,0± 0,0.16± 0.35,0± 0,0± 0,0± 0,0± 0,0.12± 0.23,0± 0,0± 0,0± 0,0.12± 0.35,0± 0,0± 0,0± 0,0.12± 0.35,0± 0,0.03± 0.09,0± 0,0± 0,0± 0
H.for1,Pre-Invasion,Marsh,Wet,25,10.3± 1.11,0.02± 0.01,0± 0.02,0± 0,0± 0,0± 0,0± 0,0.11± 0.18,0.31± 0.18,0± 0,0.01± 0.04,0.17± 0.22,0± 0,0± 0,0± 0.01,0± 0,0± 0,0± 0,0± 0,0± 0,0.3± 0.26,0± 0,0± 0,0± 0,0± 0,0± 0,0± 0,0± 0,0.09± 0.08,0± 0,0± 0,0± 0
H.for1,Post-Invasion,Pond,Dry,5,11.39± 0.4,0.03± 0.01,0± 0,0± 0,0± 0,0± 0,0± 0,0± 0,0.27± 0.25,0± 0,0± 0,0.2± 0.27,0± 0,0.23± 0.22,0± 0,0± 0,0± 0,0± 0,0.07± 0.15,0± 0,0± 0,0± 0,0± 0,0± 0,0± 0,0± 0,0.07± 0.15,0± 0,0.17± 0.24,0± 0,0± 0,0± 0
H.for1,Pre-Invasion,Pond,Dry,5,11.44± 0.37,0.03± 0,0± 0,0± 0,0± 0,0± 0,0± 0,0± 0,0± 0,0± 0,0± 0,0.11± 0.18,0± 0,0.14± 0.05,0± 0,0± 0,0± 0,0± 0,0± 0,0± 0,0.75± 0.22,0± 0,0± 0,0± 0,0± 0,0± 0,0± 0,0± 0,0± 0,0± 0,0± 0,0± 0
H.for1,Post-Invasion,Pond,Wet,9,10.77± 0.78,0.03± 0,0± 0,0± 0,0± 0,0± 0,0± 0,0.17± 0.35,0.19± 0.3,0± 0,0± 0,0.04± 0.11,0± 0,0.24± 0.21,0± 0,0± 0,0.04± 0.11,0± 0,0± 0,0± 0,0± 0,0± 0,0± 0,0± 0,0± 0,0± 0,0.15± 0.34,0± 0,0.18± 0.19,0± 0,0± 0,0± 0
H.for1,Pre-Invasion,Pond,Wet,8,9.75± 1.49,0.01± 0,0± 0,0± 0,0± 0,0± 0,0± 0,0.01± 0.02,0.13± 0.07,0± 0,0± 0,0.09± 0.07,0± 0,0.04± 0.04,0± 0,0± 0,0± 0,0± 0,0± 0,0± 0,0.71± 0.12,0± 0,0± 0,0± 0,0± 0,0± 0,0± 0,0± 0,0.03± 0.05,0± 0,0± 0,0± 0
H.for2,Post-Invasion,Marsh,Dry,5,13.63± 0.5,0.05± 0.02,0± 0,0± 0,0± 0,0± 0,0± 0,0± 0,0.43± 0.4,0± 0,0± 0,0± 0,0± 0,0.21± 0.08,0± 0,0± 0,0± 0,0± 0,0.04± 0.09,0± 0,0± 0,0± 0,0± 0,0± 0,0± 0,0± 0,0.25± 0.35,0± 0,0.04± 0.09,0± 0,0.03± 0.06,0± 0
H.for2,Pre-Invasion,Marsh,Dry,23,14.79± 1.48,0.07± 0.02,0.03± 0.08,0± 0,0± 0,0± 0,0± 0,0.09± 0.14,0.39± 0.27,0± 0,0± 0,0.03± 0.07,0± 0,0± 0,0± 0,0± 0,0± 0,0± 0,0± 0,0± 0,0.13± 0.19,0± 0,0± 0,0± 0,0± 0,0± 0,0± 0.02,0± 0,0.32± 0.28,0± 0,0± 0,0± 0
H.for2,Post-Invasion,Marsh,Wet,5,13.03± 1.04,0.04± 0.03,0± 0,0± 0,0± 0,0± 0,0± 0,0.41± 0.42,0.15± 0.21,0± 0,0± 0,0± 0,0± 0,0.17± 0.24,0± 0,0± 0,0± 0,0± 0,0.17± 0.24,0± 0,0± 0,0± 0,0± 0,0± 0,0± 0,0± 0,0± 0,0± 0,0.1± 0.22,0± 0,0± 0,0± 0
H.for2,Pre-Invasion,Marsh,Wet,25,14.94± 1.72,0.06± 0.02,0.01± 0.03,0± 0,0± 0,0± 0,0± 0,0.23± 0.25,0.34± 0.17,0± 0,0± 0,0.16± 0.15,0± 0,0± 0,0.01± 0.04,0± 0,0± 0,0± 0,0± 0,0± 0,0.16± 0.25,0± 0,0± 0,0± 0,0± 0,0± 0,0.01± 0.03,0± 0,0.07± 0.09,0± 0,0.01± 0.04,0± 0
H.for2,Post-Invasion,Pond,Dry,5,13.48± 1.94,0.06± 0.02,0± 0,0± 0,0± 0,0± 0,0± 0,0± 0,0± 0,0± 0,0± 0,0± 0,0± 0,0.7± 0.27,0± 0,0± 0,0± 0,0± 0,0± 0,0± 0,0.1± 0.22,0± 0,0± 0,0± 0,0± 0,0± 0,0± 0,0± 0,0.2± 0.27,0± 0,0± 0,0± 0
H.for2,Pre-Invasion,Pond,Dry,9,14.36± 2.01,0.06± 0.03,0± 0,0± 0,0± 0,0± 0,0± 0,0.03± 0.06,0± 0,0± 0,0± 0,0.12± 0.26,0± 0,0.54± 0.44,0± 0,0± 0,0± 0,0± 0,0.01± 0.03,0± 0,0.29± 0.37,0± 0,0± 0,0± 0,0± 0,0± 0,0.02± 0.06,0± 0,0± 0,0± 0,0± 0,0± 0
H.for2,Post-Invasion,Pond,Wet,3,12.55± 0.32,0.04± 0.01,0± 0,0± 0,0± 0,0± 0,0± 0,0± 0,0.22± 0.38,0± 0,0± 0,0± 0,0± 0,0.36± 0.13,0± 0,0± 0,0± 0,0± 0,0.17± 0.29,0± 0,0± 0,0± 0,0± 0,0± 0,0± 0,0± 0,0± 0,0± 0,0.25± 0.25,0± 0,0± 0,0± 0
H.for2,Pre-Invasion,Pond,Wet,6,14.33± 1.47,0.06± 0.03,0± 0,0± 0,0± 0,0± 0,0± 0,0.03± 0.05,0.42± 0.19,0± 0,0± 0,0.22± 0.13,0± 0,0.08± 0.07,0± 0,0± 0,0± 0,0± 0,0± 0,0± 0,0.22± 0.26,0± 0,0± 0,0± 0,0± 0,0± 0,0± 0,0± 0,0.03± 0.05,0± 0,0± 0,0± 0
H.let1,Post-Invasion,Marsh,Dry,33,58.29± 5.39,6.84± 1.82,0± 0,0± 0,0± 0,0± 0,0± 0,0.01± 0.06,0± 0,0.01± 0.06,0± 0,0.01± 0.04,0± 0,0.21± 0.21,0.02± 0.12,0± 0,0.07± 0.12,0± 0,0.06± 0.19,0± 0,0± 0,0.1± 0.21,0.23± 0.32,0.13± 0.23,0.05± 0.12,0± 0,0± 0,0.05± 0.13,0± 0,0± 0,0.05± 0.13,0± 0
H.let1,Post-Invasion,Marsh,Wet,24,53.59± 6.27,5.54± 1.84,0.02± 0.08,0± 0,0± 0,0± 0,0± 0,0± 0,0± 0,0.01± 0.04,0± 0,0.02± 0.08,0.01± 0.03,0.14± 0.23,0± 0.02,0± 0,0.01± 0.05,0.04± 0.11,0.11± 0.21,0± 0,0± 0,0.04± 0.09,0.06± 0.14,0.46± 0.32,0.05± 0.08,0± 0,0± 0,0.03± 0.1,0± 0,0± 0,0.01± 0.03,0± 0
H.let1,Post-Invasion,Pond,Wet,14,53.5± 5.71,5.36± 1.49,0.01± 0.02,0± 0,0± 0,0.02± 0.08,0± 0,0± 0,0± 0,0.01± 0.04,0± 0,0± 0,0± 0,0.15± 0.26,0± 0,0± 0,0± 0,0.02± 0.08,0± 0.02,0± 0,0± 0,0± 0,0.07± 0.12,0.65± 0.28,0.07± 0.18,0± 0,0± 0,0± 0,0± 0,0± 0,0.01± 0.03,0± 0
H.lit1,Post-Invasion,Marsh,Dry,3,96.59± 6.77,37.1± 7.72,0± 0,0± 0,0± 0,0± 0,0± 0,0.02± 0.03,0.02± 0.03,0± 0,0± 0,0± 0,0± 0,0.13± 0.17,0± 0,0± 0,0± 0,0± 0,0± 0,0± 0,0± 0,0± 0,0± 0,0± 0,0.11± 0.19,0± 0,0.72± 0.34,0± 0,0± 0,0± 0,0± 0,0± 0
H.lit1,Post-Invasion,Pond,Dry,8,135.89± 24.21,91.63± 41.37,0± 0,0± 0,0± 0,0± 0,0± 0,0± 0,0± 0,0± 0,0± 0,0± 0,0± 0,0.88± 0.23,0± 0,0± 0,0± 0,0± 0,0± 0,0± 0,0± 0,0± 0,0± 0,0± 0,0± 0,0± 0,0.06± 0.18,0± 0,0.06± 0.18,0± 0,0± 0,0± 0
J.flo1,Pre-Invasion,Marsh,Dry,5,17.02± 1.14,0.17± 0.05,0.1± 0.22,0± 0,0± 0,0± 0,0± 0,0± 0,0± 0,0± 0,0± 0,0± 0,0± 0,0± 0,0± 0,0± 0,0± 0,0± 0,0± 0,0± 0,0.37± 0.36,0± 0,0± 0,0± 0,0± 0,0± 0,0± 0,0± 0,0.53± 0.3,0± 0,0± 0,0± 0
J.flo1,Post-Invasion,Marsh,Wet,3,16.47± 0.66,0.15± 0.03,0± 0,0± 0,0± 0,0± 0,0± 0,0± 0,0± 0,0± 0,0± 0,0± 0,0± 0,0± 0,0± 0,0± 0,0.33± 0.29,0± 0,0± 0,0± 0,0± 0,0± 0,0± 0,0± 0,0± 0,0± 0,0± 0,0± 0,0.67± 0.29,0± 0,0± 0,0± 0
J.flo1,Pre-Invasion,Marsh,Wet,25,16.34± 1.52,0.12± 0.03,0± 0.02,0± 0,0± 0,0± 0,0± 0,0.12± 0.22,0.44± 0.29,0± 0,0± 0.02,0.07± 0.14,0± 0,0.16± 0.14,0.01± 0.04,0± 0,0± 0,0± 0,0± 0,0± 0,0.13± 0.21,0± 0,0.05± 0.13,0± 0,0± 0,0± 0,0± 0,0± 0,0± 0,0± 0,0± 0,0± 0
J.flo1,Post-Invasion,Pond,Dry,1,15.93± NA,0.14± NA,0± NA,0± NA,0± NA,0± NA,0± NA,0± NA,0.6± NA,0± NA,0± NA,0± NA,0± NA,0.2± NA,0± NA,0± NA,0.2± NA,0± NA,0± NA,0± NA,0± NA,0± NA,0± NA,0± NA,0± NA,0± NA,0± NA,0± NA,0± NA,0± NA,0± NA,0± NA
J.flo1,Post-Invasion,Pond,Wet,2,15.16± 2.81,0.12± 0.07,0± 0,0± 0,0± 0,0± 0,0± 0,0± 0,0± 0,0± 0,0± 0,0± 0,0± 0,0.17± 0.24,0± 0,0± 0,0.42± 0.12,0± 0,0± 0,0± 0,0± 0,0± 0,0± 0,0± 0,0± 0,0± 0,0± 0,0± 0,0.42± 0.12,0± 0,0± 0,0± 0
J.flo1,Pre-Invasion,Pond,Wet,3,15.17± 3.18,0.12± 0.06,0± 0,0± 0,0± 0,0± 0,0± 0,0± 0,0.68± 0.15,0± 0,0± 0,0.17± 0.09,0± 0,0.12± 0.12,0± 0,0± 0,0.03± 0.04,0± 0,0± 0,0± 0,0± 0,0± 0,0± 0,0± 0,0± 0,0± 0,0± 0,0± 0,0± 0,0± 0,0± 0,0± 0
J.flo2,Post-Invasion,Marsh,Dry,1,30.03± NA,1.39± NA,0± NA,0± NA,0± NA,0± NA,0± NA,0± NA,0± NA,0± NA,0± NA,0± NA,0± NA,0± NA,0± NA,0± NA,0.33± NA,0± NA,0± NA,0± NA,0± NA,0± NA,0.33± NA,0± NA,0± NA,0± NA,0± NA,0± NA,0.33± NA,0± NA,0± NA,0± NA
J.flo2,Pre-Invasion,Marsh,Dry,26,23.35± 3.1,0.44± 0.19,0.02± 0.08,0± 0,0± 0,0± 0,0± 0,0± 0,0.13± 0.19,0± 0,0± 0,0± 0,0± 0,0± 0,0± 0,0± 0,0± 0,0± 0,0± 0,0± 0,0.12± 0.21,0± 0,0± 0,0± 0,0± 0,0± 0,0± 0,0± 0,0.63± 0.29,0± 0,0± 0,0.1± 0.19
J.flo2,Post-Invasion,Marsh,Wet,1,28.25± NA,0.74± NA,0± NA,0± NA,0± NA,0± NA,0± NA,0± NA,0± NA,0± NA,0± NA,0± NA,0± NA,0± NA,0± NA,0± NA,0.5± NA,0± NA,0± NA,0± NA,0± NA,0± NA,0± NA,0± NA,0± NA,0± NA,0± NA,0± NA,0.5± NA,0± NA,0± NA,0± NA
J.flo2,Pre-Invasion,Marsh,Wet,25,23.66± 4.2,0.5± 0.4,0± 0.02,0± 0,0± 0,0± 0,0± 0,0.17± 0.23,0.4± 0.25,0± 0,0± 0,0.04± 0.08,0± 0,0.09± 0.14,0± 0,0± 0,0± 0,0± 0,0± 0,0± 0,0.06± 0.1,0± 0,0± 0,0± 0,0± 0,0± 0,0± 0,0± 0,0.24± 0.16,0± 0,0± 0,0± 0
J.flo2,Post-Invasion,Pond,Dry,3,23.63± 1.78,0.53± 0.05,0± 0,0± 0,0± 0,0± 0,0± 0,0± 0,0.22± 0.38,0± 0,0± 0,0± 0,0± 0,0.22± 0.25,0± 0,0± 0,0.33± 0.17,0± 0,0± 0,0± 0,0± 0,0± 0,0.11± 0.19,0± 0,0± 0,0± 0,0± 0,0± 0,0.11± 0.19,0± 0,0± 0,0± 0
J.flo2,Post-Invasion,Pond,Wet,1,32.89± NA,1.2± NA,0± NA,0± NA,0± NA,0± NA,0± NA,0± NA,0± NA,0± NA,0± NA,0± NA,0± NA,0± NA,0± NA,0± NA,0.33± NA,0± NA,0± NA,0± NA,0± NA,0± NA,0.33± NA,0± NA,0± NA,0± NA,0± NA,0± NA,0.33± NA,0± NA,0± NA,0± NA
J.flo2,Pre-Invasion,Pond,Wet,14,26.18± 3.64,0.71± 0.3,0± 0.01,0± 0,0± 0,0± 0,0± 0,0.02± 0.05,0.52± 0.3,0± 0,0± 0,0.15± 0.22,0± 0,0.13± 0.13,0± 0,0± 0,0.13± 0.13,0± 0,0± 0,0± 0,0± 0,0± 0,0.01± 0.04,0± 0,0± 0,0± 0,0.01± 0.04,0± 0,0.02± 0.07,0± 0,0± 0.02,0± 0
L.goo1,Post-Invasion,Marsh,Dry,18,14.72± 1.66,0.06± 0.02,0.02± 0.06,0± 0,0± 0,0± 0,0± 0,0.41± 0.33,0.31± 0.31,0± 0,0± 0,0.06± 0.11,0± 0,0.07± 0.07,0± 0.01,0± 0,0± 0,0.01± 0.04,0.04± 0.08,0± 0,0± 0,0± 0,0± 0.01,0.01± 0.04,0± 0,0± 0,0± 0,0± 0,0.06± 0.07,0± 0,0± 0,0± 0
L.goo1,Pre-Invasion,Marsh,Dry,41,15.49± 1.3,0.06± 0.02,0.04± 0.06,0± 0,0± 0,0± 0,0± 0,0.28± 0.15,0.35± 0.16,0± 0.02,0± 0,0.13± 0.11,0± 0.01,0± 0.01,0.03± 0.06,0.01± 0.02,0± 0,0.02± 0.04,0.01± 0.02,0± 0,0.04± 0.08,0± 0,0.02± 0.04,0.01± 0.03,0± 0,0± 0,0.01± 0.02,0± 0.01,0.04± 0.04,0± 0,0.01± 0.03,0± 0
L.goo1,Post-Invasion,Marsh,Wet,16,14.57± 2.29,0.06± 0.03,0± 0,0± 0,0± 0,0± 0,0± 0,0.16± 0.22,0.36± 0.33,0± 0,0± 0,0.03± 0.09,0± 0,0.09± 0.16,0± 0,0± 0,0± 0,0± 0,0.06± 0.11,0± 0,0± 0,0± 0,0± 0,0.12± 0.27,0± 0,0± 0,0.03± 0.08,0± 0,0.16± 0.19,0± 0,0± 0,0± 0
L.goo1,Pre-Invasion,Marsh,Wet,51,14.5± 1.69,0.05± 0.02,0.04± 0.06,0± 0,0± 0,0± 0,0± 0,0.21± 0.17,0.41± 0.19,0± 0,0± 0,0.12± 0.14,0± 0,0± 0,0.04± 0.08,0± 0.01,0± 0.01,0.01± 0.03,0.01± 0.02,0± 0,0.07± 0.1,0± 0,0.02± 0.05,0.02± 0.04,0± 0,0± 0,0.02± 0.06,0± 0,0.02± 0.05,0± 0,0± 0,0± 0.01
L.goo1,Post-Invasion,Pond,Dry,22,15.68± 1.25,0.07± 0.02,0.05± 0.17,0± 0,0± 0,0± 0.02,0± 0,0.18± 0.29,0.24± 0.31,0± 0,0± 0,0.01± 0.03,0± 0,0.25± 0.25,0± 0,0± 0,0± 0,0.01± 0.02,0.04± 0.13,0± 0,0± 0,0± 0,0.01± 0.03,0± 0,0± 0,0± 0,0.11± 0.26,0± 0,0.1± 0.18,0± 0,0± 0,0± 0
L.goo1,Post-Invasion,Pond,Wet,20,12.99± 2.09,0.05± 0.03,0.02± 0.07,0± 0,0± 0,0± 0,0± 0,0.12± 0.17,0.46± 0.32,0± 0,0± 0,0.1± 0.24,0± 0,0.11± 0.15,0± 0,0± 0,0± 0,0.01± 0.03,0.03± 0.05,0± 0,0± 0,0± 0,0± 0,0.04± 0.08,0± 0,0± 0,0± 0,0± 0,0.1± 0.15,0± 0,0.02± 0.07,0± 0
L.goo1,Pre-Invasion,Pond,Wet,26,13.54± 2.42,0.03± 0.02,0.05± 0.12,0± 0,0± 0,0± 0,0± 0,0.09± 0.21,0.53± 0.34,0± 0,0± 0,0.3± 0.38,0± 0,0± 0,0± 0,0± 0,0± 0.01,0± 0,0.01± 0.03,0± 0,0± 0,0± 0,0± 0,0± 0.02,0± 0,0± 0,0.01± 0.04,0± 0,0± 0,0± 0,0± 0.01,0± 0
L.goo2,Post-Invasion,Marsh,Dry,25,20.8± 2.07,0.19± 0.05,0.02± 0.07,0± 0,0± 0,0± 0,0± 0,0.57± 0.31,0.13± 0.13,0± 0,0± 0.01,0.02± 0.04,0± 0,0.03± 0.06,0± 0.01,0± 0,0± 0,0.06± 0.2,0.05± 0.11,0± 0,0± 0,0± 0,0.01± 0.04,0.03± 0.08,0.01± 0.03,0± 0,0± 0.01,0± 0,0.05± 0.09,0± 0,0± 0.02,0± 0
L.goo2,Pre-Invasion,Marsh,Dry,38,21.32± 2.03,0.17± 0.05,0.06± 0.1,0± 0,0± 0,0± 0,0± 0,0.44± 0.23,0.21± 0.13,0± 0.02,0± 0,0.08± 0.08,0± 0,0± 0.01,0.06± 0.09,0.02± 0.04,0± 0,0± 0.02,0.01± 0.03,0± 0,0.02± 0.03,0± 0,0.02± 0.04,0.03± 0.05,0± 0.01,0± 0,0.01± 0.05,0± 0,0.02± 0.04,0± 0,0± 0,0± 0
L.goo2,Post-Invasion,Marsh,Wet,16,20.39± 2.68,0.22± 0.21,0.03± 0.09,0± 0,0± 0,0± 0,0± 0,0.15± 0.16,0.28± 0.23,0± 0,0.01± 0.04,0± 0,0± 0,0.06± 0.09,0± 0,0± 0,0± 0,0.02± 0.05,0.12± 0.14,0± 0,0± 0,0± 0,0.02± 0.06,0.24± 0.19,0± 0,0± 0,0.01± 0.04,0± 0,0.05± 0.08,0± 0,0± 0,0± 0
L.goo2,Pre-Invasion,Marsh,Wet,35,23.16± 3.38,0.21± 0.1,0.05± 0.07,0± 0,0± 0,0± 0.03,0± 0,0.64± 0.22,0.18± 0.15,0± 0.01,0± 0,0.05± 0.06,0± 0,0± 0.01,0.03± 0.04,0± 0,0± 0,0± 0.01,0± 0.02,0± 0,0± 0,0± 0,0± 0.01,0.02± 0.03,0± 0,0± 0.01,0.01± 0.02,0± 0,0± 0.01,0± 0,0± 0,0± 0
L.goo2,Post-Invasion,Pond,Dry,23,21.17± 2.97,0.18± 0.09,0± 0,0± 0,0± 0,0± 0,0± 0,0.26± 0.31,0.23± 0.28,0.02± 0.1,0± 0,0.03± 0.08,0± 0,0.14± 0.24,0± 0,0± 0,0.01± 0.05,0.01± 0.03,0± 0,0± 0,0± 0,0± 0,0.05± 0.11,0± 0,0± 0.01,0± 0,0.23± 0.34,0± 0,0.01± 0.03,0± 0,0.01± 0.03,0± 0
L.goo2,Post-Invasion,Pond,Wet,19,22.79± 2.6,0.22± 0.08,0.03± 0.11,0± 0,0± 0,0± 0,0± 0,0.34± 0.3,0.24± 0.31,0± 0,0± 0,0.03± 0.07,0± 0,0.04± 0.08,0± 0,0± 0,0± 0,0.08± 0.23,0.02± 0.08,0± 0,0.02± 0.08,0± 0,0± 0,0.05± 0.11,0± 0,0± 0,0.04± 0.15,0± 0,0.05± 0.09,0± 0,0.07± 0.23,0± 0
L.goo2,Pre-Invasion,Pond,Wet,17,23.44± 3.88,0.2± 0.12,0.07± 0.09,0± 0,0± 0,0± 0,0± 0,0.05± 0.08,0.2± 0.17,0± 0,0± 0,0.62± 0.26,0± 0,0.01± 0.02,0± 0.01,0± 0,0.02± 0.03,0± 0,0± 0,0± 0,0.01± 0.02,0± 0,0± 0,0± 0,0± 0,0± 0,0± 0,0± 0,0.01± 0.03,0± 0,0.02± 0.06,0± 0
L.gul1,Pre-Invasion,Marsh,Dry,1,65± NA,9.26± NA,0± NA,0± NA,0± NA,0± NA,0± NA,0± NA,0± NA,0± NA,0± NA,0± NA,0.33± NA,0± NA,0± NA,0± NA,0± NA,0± NA,0± NA,0± NA,0± NA,0± NA,0± NA,0± NA,0± NA,0± NA,0± NA,0.67± NA,0± NA,0± NA,0± NA,0± NA
L.gul1,Post-Invasion,Pond,Dry,1,63.45± NA,7.76± NA,0± NA,0± NA,0± NA,0± NA,0± NA,0± NA,0± NA,0± NA,0± NA,0± NA,0± NA,0± NA,0± NA,0± NA,0± NA,0± NA,0± NA,0± NA,0± NA,1± NA,0± NA,0± NA,0± NA,0± NA,0± NA,0± NA,0± NA,0± NA,0± NA,0± NA
L.gul1,Pre-Invasion,Pond,Dry,6,48.92± 10.53,4.87± 3.23,0.17± 0.41,0± 0,0± 0,0± 0,0.17± 0.41,0± 0,0± 0,0± 0,0± 0,0± 0,0± 0,0.08± 0.2,0± 0,0± 0,0± 0,0± 0,0± 0,0± 0,0± 0,0.17± 0.41,0± 0,0± 0,0± 0,0± 0,0± 0,0.42± 0.49,0± 0,0± 0,0± 0,0± 0
L.gul1,Post-Invasion,Pond,Wet,1,68.78± NA,15.22± NA,0± NA,0± NA,0± NA,0± NA,0± NA,0± NA,0± NA,0± NA,0± NA,0± NA,0± NA,0.33± NA,0± NA,0± NA,0± NA,0± NA,0± NA,0± NA,0± NA,0± NA,0± NA,0± NA,0.33± NA,0± NA,0± NA,0.33± NA,0± NA,0± NA,0± NA,0± NA
L.gul1,Pre-Invasion,Pond,Wet,18,58± 7.44,6.13± 2.42,0± 0,0± 0,0± 0,0± 0,0± 0,0.05± 0.12,0± 0,0± 0,0± 0,0± 0,0.01± 0.03,0.09± 0.26,0± 0,0.03± 0.14,0.07± 0.24,0.06± 0.14,0± 0,0± 0,0.01± 0.05,0.03± 0.12,0.09± 0.19,0± 0,0.08± 0.26,0± 0,0± 0,0.43± 0.36,0± 0,0± 0,0.05± 0.11,0± 0
L.gul2,Pre-Invasion,Marsh,Dry,3,76.33± 4.91,15.27± 2.6,0± 0,0± 0,0± 0,0± 0,0± 0,0± 0,0± 0,0± 0,0± 0,0± 0,0± 0,0± 0,0± 0,0± 0,0± 0,0± 0,0± 0,0± 0,0± 0,0± 0,0± 0,0± 0,0± 0,0± 0,0± 0,1± 0,0± 0,0± 0,0± 0,0± 0
L.gul2,Post-Invasion,Pond,Dry,9,80.28± 7.14,18.81± 4.56,0± 0,0± 0,0± 0,0± 0,0± 0,0.11± 0.33,0.05± 0.15,0± 0,0± 0,0± 0,0± 0,0.6± 0.41,0.04± 0.11,0± 0,0± 0,0± 0,0± 0,0± 0,0± 0,0.06± 0.17,0.06± 0.17,0± 0,0± 0,0± 0,0.04± 0.11,0± 0,0.05± 0.11,0± 0,0± 0,0± 0
L.gul2,Pre-Invasion,Pond,Dry,6,85.5± 6.03,28.51± 6.59,0± 0,0± 0,0± 0,0± 0,0± 0,0± 0,0± 0,0± 0,0± 0,0± 0,0± 0,0± 0,0± 0,0± 0,0± 0,0± 0,0± 0,0± 0,0.17± 0.41,0.25± 0.42,0± 0,0± 0,0.17± 0.41,0± 0,0± 0,0.42± 0.49,0± 0,0± 0,0± 0,0± 0
L.gul2,Post-Invasion,Pond,Wet,4,87.56± 7.99,28.65± 8.21,0± 0,0± 0,0± 0,0± 0,0± 0,0± 0,0± 0,0± 0,0.25± 0.5,0± 0,0± 0,0.25± 0.5,0± 0,0± 0,0± 0,0± 0,0± 0,0± 0,0± 0,0.03± 0.05,0± 0,0± 0,0.03± 0.05,0± 0,0± 0,0.45± 0.53,0± 0,0± 0,0± 0,0± 0
L.gul2,Pre-Invasion,Pond,Wet,23,83.13± 8.12,19.44± 6.34,0.02± 0.07,0± 0,0± 0,0.09± 0.24,0± 0,0± 0,0± 0,0± 0,0± 0,0± 0,0.01± 0.07,0.07± 0.22,0± 0,0.07± 0.23,0± 0,0.05± 0.21,0± 0,0± 0,0± 0,0± 0,0.04± 0.12,0.03± 0.14,0.1± 0.23,0± 0,0± 0,0.45± 0.39,0± 0,0.03± 0.08,0.04± 0.08,0± 0
L.gul3,Pre-Invasion,Marsh,Wet,3,114± 5,48.97± 4.61,0± 0,0± 0,0± 0,0.17± 0.29,0± 0,0± 0,0± 0,0± 0,0± 0,0± 0,0.06± 0.1,0± 0,0± 0,0± 0,0± 0,0± 0,0± 0,0± 0,0± 0,0± 0,0± 0,0± 0,0± 0,0± 0,0± 0,0.56± 0.1,0± 0,0.22± 0.25,0± 0,0± 0
L.gul3,Post-Invasion,Pond,Dry,9,104.71± 6.7,46.28± 14.82,0± 0,0± 0,0± 0,0± 0,0± 0,0± 0,0± 0,0± 0,0± 0,0± 0,0± 0,0.09± 0.19,0± 0,0± 0,0± 0,0± 0,0± 0,0± 0,0.31± 0.43,0.37± 0.33,0± 0,0± 0,0± 0,0± 0,0± 0,0± 0,0.11± 0.22,0.11± 0.33,0± 0,0± 0
L.gul3,Pre-Invasion,Pond,Dry,12,107.12± 7.85,50.36± 8.7,0± 0,0± 0,0± 0,0± 0,0± 0,0.15± 0.34,0± 0,0± 0,0± 0,0± 0,0.03± 0.1,0.08± 0.19,0± 0,0.04± 0.14,0± 0,0± 0,0± 0,0± 0,0± 0,0± 0,0± 0,0± 0,0.23± 0.39,0± 0,0± 0,0.43± 0.47,0± 0,0.04± 0.14,0± 0,0± 0
L.gul3,Post-Invasion,Pond,Wet,9,108.81± 5.36,57.45± 10.9,0± 0,0± 0,0± 0,0.11± 0.33,0± 0,0± 0,0± 0,0± 0,0± 0,0± 0,0± 0,0± 0,0± 0,0± 0,0± 0,0.22± 0.44,0± 0,0± 0,0± 0,0.28± 0.44,0± 0,0± 0,0.04± 0.11,0± 0,0± 0,0.09± 0.19,0± 0,0.26± 0.35,0± 0,0± 0
L.gul3,Pre-Invasion,Pond,Wet,29,106.1± 6,42.99± 10.48,0± 0.02,0± 0,0± 0,0.11± 0.25,0± 0,0± 0,0± 0,0± 0,0± 0,0± 0,0± 0,0.07± 0.22,0± 0,0± 0.02,0± 0,0± 0.02,0± 0,0± 0,0± 0,0.06± 0.21,0.03± 0.1,0± 0,0.13± 0.28,0± 0,0± 0,0.17± 0.26,0± 0,0.33± 0.47,0.09± 0.16,0± 0
L.gul4,Pre-Invasion,Marsh,Dry,2,123.75± 4.6,76.38± 9.03,0± 0,0± 0,0± 0,0.07± 0.1,0± 0,0± 0,0± 0,0± 0,0± 0,0± 0,0± 0,0± 0,0± 0,0± 0,0± 0,0± 0,0± 0,0± 0,0± 0,0± 0,0± 0,0± 0,0± 0,0± 0,0± 0,0.43± 0.61,0± 0,0.5± 0.71,0± 0,0± 0
L.gul4,Pre-Invasion,Marsh,Wet,1,149± NA,160± NA,0± NA,0± NA,0± NA,0± NA,0± NA,0± NA,0± NA,0± NA,0± NA,0± NA,0± NA,0.5± NA,0± NA,0± NA,0± NA,0± NA,0± NA,0± NA,0± NA,0± NA,0± NA,0± NA,0± NA,0± NA,0± NA,0.5± NA,0± NA,0± NA,0± NA,0± NA
L.gul4,Post-Invasion,Pond,Dry,4,125.46± 5.66,99.94± 35.65,0± 0,0± 0,0± 0,0± 0,0± 0,0± 0,0± 0,0± 0,0± 0,0± 0,0± 0,0.21± 0.25,0± 0,0± 0,0± 0,0± 0,0± 0,0± 0,0± 0,0.5± 0.58,0± 0,0± 0,0.21± 0.25,0± 0,0± 0,0± 0,0.08± 0.17,0± 0,0± 0,0± 0
L.gul4,Pre-Invasion,Pond,Dry,16,136± 9.94,98.27± 28.01,0± 0,0± 0,0.03± 0.12,0.04± 0.17,0.03± 0.12,0.11± 0.27,0± 0,0± 0,0± 0,0.06± 0.25,0± 0,0.06± 0.14,0± 0,0± 0,0± 0,0± 0,0± 0,0± 0,0± 0,0.31± 0.48,0± 0,0± 0,0.14± 0.29,0± 0,0± 0,0.21± 0.38,0± 0,0± 0,0± 0,0± 0
L.gul4,Post-Invasion,Pond,Wet,3,122.62± 2.57,85.93± 8.2,0± 0,0± 0,0± 0,0± 0,0± 0,0± 0,0± 0,0± 0,0± 0,0± 0,0± 0,0.02± 0.04,0.23± 0.4,0± 0,0± 0,0± 0,0± 0,0± 0,0± 0,0.02± 0.04,0.33± 0.58,0± 0,0.11± 0.1,0± 0,0± 0,0.29± 0.44,0± 0,0± 0,0± 0,0± 0
L.gul4,Pre-Invasion,Pond,Wet,14,122.29± 35.92,100.36± 38.6,0.07± 0.27,0± 0,0± 0,0.07± 0.15,0± 0,0± 0,0± 0,0± 0,0± 0,0± 0,0.04± 0.13,0.11± 0.29,0± 0,0± 0,0± 0,0± 0,0± 0,0± 0,0± 0,0.01± 0.04,0± 0,0± 0,0.16± 0.36,0± 0,0± 0,0.31± 0.43,0± 0,0.24± 0.37,0± 0,0± 0
L.mac1,Pre-Invasion,Marsh,Dry,2,70.5± 7.78,13.32± 5.74,0.36± 0.35,0± 0,0± 0,0± 0,0± 0,0.11± 0.01,0± 0,0± 0,0± 0,0± 0,0± 0,0± 0,0± 0,0.05± 0.07,0± 0,0.06± 0.08,0.17± 0.24,0± 0,0± 0,0± 0,0± 0,0.05± 0.07,0± 0,0± 0,0.06± 0.08,0.16± 0.09,0± 0,0± 0,0± 0,0± 0
L.mac1,Post-Invasion,Marsh,Wet,17,89.34± 8.39,26.26± 9.08,0.16± 0.26,0± 0,0± 0,0.07± 0.19,0± 0,0± 0,0± 0,0.01± 0.03,0± 0,0± 0,0± 0,0.05± 0.08,0± 0,0± 0,0± 0,0.01± 0.02,0.22± 0.37,0.01± 0.04,0.01± 0.04,0.03± 0.06,0.02± 0.04,0.03± 0.12,0.09± 0.2,0± 0,0.27± 0.41,0.02± 0.08,0.01± 0.03,0± 0,0± 0,0± 0
L.mac1,Pre-Invasion,Marsh,Wet,1,45.5± NA,2.67± NA,0.05± NA,0± NA,0± NA,0± NA,0± NA,0.02± NA,0± NA,0± NA,0± NA,0.61± NA,0± NA,0± NA,0± NA,0± NA,0± NA,0± NA,0.24± NA,0± NA,0± NA,0± NA,0.05± NA,0± NA,0.02± NA,0± NA,0± NA,0± NA,0± NA,0± NA,0± NA,0± NA
L.mac1,Post-Invasion,Pond,Dry,2,69.91± 40.96,18.33± 22.8,0± 0,0± 0,0± 0,0± 0,0± 0,0± 0,0.12± 0.18,0± 0,0± 0,0± 0,0± 0,0.25± 0.35,0± 0,0± 0,0± 0,0± 0,0± 0,0± 0,0.12± 0.18,0.12± 0.18,0.38± 0.18,0± 0,0± 0,0± 0,0± 0,0± 0,0± 0,0± 0,0± 0,0± 0
L.mac1,Pre-Invasion,Pond,Dry,3,60.7± 14.64,8.21± 5.98,0.02± 0.04,0± 0,0.01± 0.01,0± 0,0± 0,0.06± 0.06,0.01± 0.01,0± 0,0± 0,0.5± 0.45,0± 0,0± 0.01,0± 0,0.01± 0.01,0± 0,0± 0,0.04± 0.07,0± 0,0± 0,0.33± 0.58,0± 0,0± 0,0.01± 0.01,0± 0,0.01± 0.01,0± 0,0± 0,0± 0,0± 0,0± 0
L.mac1,Post-Invasion,Pond,Wet,6,71.44± 16.01,14.22± 10.14,0.24± 0.39,0± 0,0± 0,0± 0,0± 0,0± 0,0± 0,0± 0,0± 0,0.02± 0.05,0± 0,0.02± 0.02,0± 0,0± 0,0± 0,0± 0,0.48± 0.48,0.01± 0.01,0± 0,0.04± 0.02,0.05± 0.11,0± 0,0± 0,0± 0,0.01± 0.02,0.14± 0.28,0.01± 0.01,0± 0,0± 0,0± 0
L.mac1,Pre-Invasion,Pond,Wet,36,80.5± 13.95,17.7± 13.27,0.11± 0.26,0.01± 0.04,0.1± 0.24,0.01± 0.05,0± 0,0.16± 0.28,0± 0,0.01± 0.03,0.01± 0.04,0.08± 0.19,0.01± 0.04,0.02± 0.06,0.05± 0.18,0± 0.01,0.01± 0.02,0.02± 0.04,0.05± 0.19,0± 0.02,0.04± 0.17,0.04± 0.17,0.12± 0.23,0± 0.02,0.01± 0.05,0± 0,0.02± 0.15,0.01± 0.06,0± 0,0± 0,0.1± 0.23,0± 0
L.mar1,Post-Invasion,Marsh,Dry,3,37.26± 8.16,2.12± 0.81,0.05± 0.09,0± 0,0± 0,0± 0,0± 0,0.18± 0.19,0.25± 0.43,0± 0,0± 0,0± 0,0± 0,0.16± 0.09,0± 0,0± 0,0± 0,0.03± 0.04,0± 0,0± 0,0± 0,0± 0,0.17± 0.29,0± 0,0.06± 0.1,0± 0,0.1± 0.18,0± 0,0± 0,0± 0,0± 0,0± 0
L.mar1,Pre-Invasion,Marsh,Dry,57,39.69± 7.47,2.51± 1.65,0.15± 0.17,0± 0,0± 0,0± 0,0± 0,0.43± 0.25,0.15± 0.16,0± 0.01,0± 0,0.14± 0.12,0± 0.01,0.01± 0.02,0± 0.01,0± 0.02,0± 0,0± 0.01,0± 0,0± 0,0± 0,0± 0,0.02± 0.08,0.02± 0.05,0± 0.01,0± 0.01,0.06± 0.07,0.01± 0.02,0± 0.02,0± 0,0± 0.01,0± 0
L.mar1,Pre-Invasion,Marsh,Wet,42,46.52± 10.08,4.63± 2.55,0.12± 0.12,0± 0,0± 0,0± 0.01,0± 0,0.71± 0.18,0.05± 0.08,0± 0.01,0± 0,0.04± 0.07,0± 0,0.01± 0.01,0.01± 0.02,0± 0.01,0± 0,0.01± 0.05,0± 0,0± 0.01,0± 0,0± 0,0± 0.01,0.01± 0.02,0± 0.01,0± 0.01,0.02± 0.03,0.01± 0.05,0± 0,0± 0,0± 0.01,0± 0
L.mar1,Post-Invasion,Pond,Dry,7,48.68± 9.17,3.93± 1.56,0± 0,0± 0,0± 0,0.04± 0.09,0± 0,0.17± 0.29,0.04± 0.09,0± 0,0± 0,0.05± 0.09,0± 0,0.03± 0.06,0± 0,0± 0,0± 0,0± 0,0± 0,0± 0,0± 0,0.43± 0.45,0.07± 0.19,0.04± 0.09,0.11± 0.2,0± 0,0± 0,0± 0,0.02± 0.04,0± 0,0.02± 0.05,0± 0
L.mar1,Pre-Invasion,Pond,Dry,7,49± 4.04,4.35± 1.35,0.01± 0.03,0± 0,0± 0,0± 0,0± 0,0.56± 0.3,0± 0,0.01± 0.03,0± 0,0.02± 0.05,0± 0,0.19± 0.18,0.02± 0.06,0.01± 0.03,0± 0,0± 0,0± 0,0± 0,0± 0,0± 0,0± 0,0± 0,0.01± 0.03,0± 0,0.01± 0.03,0.14± 0.38,0± 0,0± 0,0.01± 0.03,0± 0
L.mar1,Post-Invasion,Pond,Wet,3,44.02± 4.31,3.28± 0.9,0± 0,0± 0,0± 0,0± 0,0± 0,0± 0,0± 0,0± 0,0± 0,0± 0,0± 0,0± 0,0.33± 0.58,0± 0,0± 0,0± 0,0± 0,0± 0,0± 0,0.11± 0.19,0± 0,0± 0,0.22± 0.38,0± 0,0± 0,0± 0,0± 0,0± 0,0± 0,0.33± 0.58
L.mar1,Pre-Invasion,Pond,Wet,22,33.81± 9.92,1.53± 1.48,0.11± 0.24,0± 0,0± 0,0± 0,0± 0,0.21± 0.28,0.09± 0.25,0± 0,0± 0,0.36± 0.36,0± 0,0.09± 0.25,0± 0,0.05± 0.21,0± 0.01,0± 0,0± 0,0± 0,0.05± 0.15,0± 0,0± 0.02,0± 0.01,0± 0,0± 0,0.01± 0.03,0± 0.01,0± 0,0± 0,0.01± 0.02,0± 0
L.mic1,Post-Invasion,Marsh,Dry,1,99.71± NA,34.08± NA,0± NA,0± NA,0± NA,0± NA,0± NA,0± NA,0± NA,0± NA,0± NA,0± NA,0± NA,0± NA,0± NA,0± NA,0± NA,0± NA,0± NA,0± NA,0± NA,0± NA,0± NA,1± NA,0± NA,0± NA,0± NA,0± NA,0± NA,0± NA,0± NA,0± NA
L.mic1,Pre-Invasion,Marsh,Dry,1,67± NA,10.28± NA,0± NA,0± NA,0± NA,0± NA,0± NA,0± NA,0± NA,0± NA,0± NA,0± NA,0± NA,0± NA,0± NA,0± NA,0± NA,0± NA,0± NA,0± NA,0± NA,0± NA,0± NA,1± NA,0± NA,0± NA,0± NA,0± NA,0± NA,0± NA,0± NA,0± NA
L.mic1,Post-Invasion,Marsh,Wet,3,87.18± 9.37,48.93± 34.78,0± 0,0± 0,0± 0,0± 0,0± 0,0± 0,0± 0,0± 0,0± 0,0± 0,0± 0,0± 0,0± 0,0± 0,0± 0,0± 0,0± 0,0± 0,0± 0,0.03± 0.06,0± 0,0.91± 0.1,0± 0,0± 0,0± 0,0± 0,0± 0,0± 0,0.06± 0.05,0± 0
L.mic1,Pre-Invasion,Marsh,Wet,10,NA± NA,NA± NA,0.13± 0.31,0± 0,0± 0,0± 0,0± 0,0.1± 0.22,0± 0,0± 0,0± 0,0± 0,0± 0,0± 0,0± 0,0± 0,0± 0,0.02± 0.05,0± 0,0± 0,0± 0,0± 0,0.03± 0.11,0.12± 0.21,0± 0,0± 0,0.02± 0.05,0.11± 0.21,0.02± 0.05,0.46± 0.46,0± 0,0± 0
L.mic1,Pre-Invasion,Pond,Dry,2,67± 8.49,9.33± 3.04,0± 0,0± 0,0± 0,0± 0,0± 0,0± 0,0± 0,0± 0,0± 0,0± 0,0± 0,0.12± 0.18,0± 0,0± 0,0± 0,0± 0,0± 0,0± 0,0± 0,0± 0,0± 0,0± 0,0± 0,0± 0,0± 0,0.88± 0.18,0± 0,0± 0,0± 0,0± 0
L.mic1,Post-Invasion,Pond,Wet,2,91.35± 5.54,72.75± 62.84,0± 0,0± 0,0± 0,0± 0,0± 0,0± 0,0± 0,0± 0,0± 0,0± 0,0± 0,0± 0,0± 0,0± 0,0± 0,0± 0,0± 0,0± 0,0± 0,0± 0,0± 0,1± 0,0± 0,0± 0,0± 0,0± 0,0± 0,0± 0,0± 0,0± 0
L.mic1,Pre-Invasion,Pond,Wet,2,95± 2.83,24.72± 6.11,0± 0,0± 0,0± 0,0± 0,0± 0,0± 0,0± 0,0± 0,0± 0,0± 0,0± 0,0± 0,0.5± 0.71,0± 0,0± 0,0± 0,0± 0,0± 0,0± 0,0± 0,0± 0,0.4± 0.57,0± 0,0± 0,0± 0,0.1± 0.14,0± 0,0± 0,0± 0,0± 0
L.mic2,Post-Invasion,Marsh,Wet,3,150.37± 35.75,92.78± 50.33,0.02± 0.04,0± 0,0± 0,0± 0,0± 0,0± 0,0± 0,0± 0,0± 0,0± 0,0± 0,0.01± 0.02,0± 0,0± 0,0± 0,0± 0,0± 0,0± 0,0± 0,0.01± 0.02,0± 0,0.94± 0.06,0± 0,0± 0,0± 0,0± 0,0.01± 0.02,0± 0,0± 0,0± 0
L.mic2,Pre-Invasion,Marsh,Wet,1,143± NA,137.26± NA,0± NA,0± NA,0± NA,0± NA,0± NA,0± NA,0± NA,0± NA,0± NA,0± NA,0± NA,0± NA,0± NA,0± NA,0± NA,0± NA,0± NA,0± NA,0± NA,0± NA,0± NA,1± NA,0± NA,0± NA,0± NA,0± NA,0± NA,0± NA,0± NA,0± NA
L.mic2,Post-Invasion,Pond,Wet,4,114.12± 8.11,48.37± 3,0± 0,0± 0,0± 0,0± 0,0± 0,0± 0,0± 0,0± 0,0± 0,0± 0,0± 0,0± 0,0± 0,0± 0,0± 0,0± 0,0± 0,0± 0,0± 0,0± 0,0± 0,0.75± 0.5,0± 0,0± 0,0± 0,0.25± 0.5,0± 0,0± 0,0± 0,0± 0
L.mic2,Pre-Invasion,Pond,Wet,15,125.07± 13.99,75.07± 29.2,0.01± 0.04,0± 0,0± 0,0± 0,0± 0,0± 0,0± 0,0± 0,0± 0,0± 0,0± 0,0.07± 0.26,0± 0,0± 0,0± 0,0± 0,0± 0,0± 0,0± 0,0.03± 0.13,0± 0,0.81± 0.38,0.08± 0.22,0± 0,0± 0,0± 0,0± 0,0± 0,0± 0,0± 0
L.pla1,Post-Invasion,Pond,Dry,11,284.27± 42.35,138.81± 54.29,0± 0,0± 0,0± 0,0± 0,0± 0,0± 0,0± 0,0± 0,0± 0,0± 0,0.09± 0.3,0± 0,0± 0,0± 0,0± 0,0± 0,0± 0,0± 0,0.3± 0.46,0.48± 0.5,0± 0,0± 0,0.03± 0.1,0± 0,0± 0,0.09± 0.3,0± 0,0± 0,0± 0,0± 0
L.pla1,Pre-Invasion,Pond,Dry,88,259.88± 100.01,185.2± 43.05,0± 0,0± 0,0± 0,0± 0,0.01± 0.06,0.01± 0.11,0± 0,0± 0,0± 0,0± 0,0.06± 0.22,0.09± 0.23,0± 0,0± 0,0± 0,0± 0,0± 0,0± 0,0± 0,0.07± 0.26,0± 0,0± 0,0.01± 0.11,0± 0,0± 0,0.73± 0.4,0± 0,0.01± 0.11,0± 0,0± 0
L.pla1,Post-Invasion,Pond,Wet,13,273.64± 96.23,184.24± 137.14,0± 0,0± 0,0± 0,0± 0,0± 0,0± 0,0.03± 0.09,0± 0,0± 0,0± 0,0.03± 0.09,0.12± 0.22,0± 0,0± 0,0± 0,0± 0,0± 0,0± 0,0.22± 0.38,0.35± 0.47,0± 0,0± 0,0.04± 0.14,0± 0,0± 0,0.04± 0.14,0.12± 0.22,0.08± 0.28,0± 0,0± 0
L.pla1,Pre-Invasion,Pond,Wet,32,6.81± 38.54,187.17± 92.58,0± 0,0.06± 0.21,0± 0,0.01± 0.03,0.24± 0.42,0± 0,0± 0,0± 0,0± 0,0± 0,0.11± 0.26,0.06± 0.19,0± 0.02,0± 0,0.01± 0.04,0± 0.02,0± 0,0.02± 0.11,0± 0,0.2± 0.38,0± 0,0± 0,0± 0,0± 0,0± 0,0.2± 0.35,0± 0,0.09± 0.27,0± 0,0± 0
L.pla2,Pre-Invasion,Pond,Dry,4,368.75± 267.87,847.58± 531.46,0± 0,0± 0,0± 0,0± 0,0± 0,0± 0,0± 0,0± 0,0± 0,0± 0,0± 0,0± 0,0± 0,0± 0,0± 0,0± 0,0± 0,0± 0,0± 0,0.38± 0.48,0± 0,0± 0,0± 0,0± 0,0± 0,0± 0,0.25± 0.5,0.38± 0.48,0± 0,0± 0
L.pla2,Post-Invasion,Pond,Wet,4,495.75± 32.13,875± 225.46,0± 0,0± 0,0± 0,0.12± 0.25,0± 0,0± 0,0± 0,0± 0,0± 0,0± 0,0± 0,0.12± 0.25,0± 0,0± 0,0± 0,0± 0,0± 0,0± 0,0± 0,0.75± 0.29,0± 0,0± 0,0± 0,0± 0,0± 0,0± 0,0± 0,0± 0,0± 0,0± 0
L.pla2,Pre-Invasion,Pond,Wet,22,0± 0,962.32± 418.16,0± 0,0± 0,0± 0,0.04± 0.18,0.25± 0.4,0± 0,0± 0,0.02± 0.11,0± 0,0± 0,0.05± 0.21,0.14± 0.35,0± 0,0± 0,0± 0,0± 0,0± 0,0± 0,0.05± 0.21,0.29± 0.43,0± 0,0± 0,0± 0,0± 0,0± 0,0.02± 0.07,0± 0,0.16± 0.36,0± 0,0± 0
L.pun1,Pre-Invasion,Marsh,Dry,34,8850.15± 28781.5,1.23± 0.38,0.14± 0.16,0± 0,0± 0,0.04± 0.17,0± 0,0.05± 0.08,0.3± 0.26,0± 0.01,0± 0,0.23± 0.24,0.01± 0.04,0.01± 0.03,0± 0,0.02± 0.04,0± 0,0.02± 0.06,0± 0.02,0± 0,0± 0,0± 0,0± 0,0.01± 0.04,0.03± 0.07,0± 0,0.05± 0.08,0.08± 0.18,0± 0,0± 0,0± 0.01,0± 0
L.pun1,Pre-Invasion,Marsh,Wet,33,26.13± 4.27,0.66± 0.32,0.03± 0.06,0± 0,0± 0,0± 0.02,0± 0,0.2± 0.25,0.23± 0.18,0.01± 0.02,0± 0,0.35± 0.27,0± 0.01,0± 0.02,0± 0.02,0.02± 0.07,0± 0,0± 0.01,0± 0,0± 0,0± 0,0± 0,0.02± 0.09,0.01± 0.03,0.05± 0.18,0± 0,0.03± 0.06,0± 0,0± 0,0± 0,0.04± 0.18,0± 0
L.pun1,Pre-Invasion,Pond,Dry,1,35.5± NA,1.39± NA,0.02± NA,0± NA,0± NA,0± NA,0± NA,0.08± NA,0± NA,0± NA,0± NA,0± NA,0± NA,0± NA,0± NA,0± NA,0± NA,0± NA,0± NA,0± NA,0± NA,0± NA,0± NA,0± NA,0± NA,0± NA,0.9± NA,0± NA,0± NA,0± NA,0± NA,0± NA
L.pun1,Pre-Invasion,Pond,Wet,13,30.96± 4.77,1.17± 0.56,0.01± 0.05,0± 0,0± 0,0± 0,0± 0,0.16± 0.31,0.02± 0.06,0.08± 0.17,0± 0,0.35± 0.42,0.01± 0.03,0.01± 0.04,0± 0,0.08± 0.19,0± 0,0± 0,0± 0,0± 0,0.11± 0.28,0± 0,0± 0,0± 0,0.04± 0.14,0± 0,0± 0,0.04± 0.14,0.04± 0.14,0± 0,0.06± 0.18,0± 0
L.pun2,Post-Invasion,Marsh,Dry,7,68.46± 10.27,13.37± 6.78,0± 0,0± 0,0± 0,0.19± 0.24,0± 0,0± 0,0± 0,0± 0,0± 0,0± 0,0± 0,0.08± 0.14,0± 0,0± 0,0± 0,0.06± 0.11,0± 0,0± 0,0± 0,0± 0,0± 0,0.25± 0.36,0.08± 0.14,0± 0,0± 0,0.28± 0.4,0± 0,0± 0,0.05± 0.13,0± 0
L.pun2,Pre-Invasion,Marsh,Dry,31,6497.34± 24960.63,6.17± 3.72,0.38± 0.31,0± 0,0± 0,0.06± 0.13,0± 0,0.02± 0.05,0.05± 0.12,0.02± 0.05,0± 0,0.01± 0.04,0.05± 0.13,0.02± 0.05,0± 0,0.02± 0.05,0± 0,0.03± 0.1,0± 0,0± 0,0± 0,0.02± 0.09,0± 0,0.03± 0.07,0.06± 0.19,0± 0,0.04± 0.11,0.18± 0.2,0.03± 0.18,0± 0,0± 0,0± 0
L.pun2,Post-Invasion,Marsh,Wet,3,57.27± 14.67,7.47± 6.31,0.13± 0.23,0± 0,0± 0,0± 0,0± 0,0± 0,0± 0,0± 0,0± 0,0± 0,0± 0,0± 0,0± 0,0± 0,0± 0,0.17± 0.29,0± 0,0± 0,0± 0,0± 0,0.06± 0.1,0.07± 0.12,0.47± 0.5,0± 0,0± 0,0± 0,0± 0,0± 0,0.11± 0.19,0± 0
L.pun2,Pre-Invasion,Marsh,Wet,18,71.78± 9.96,22.77± 7.12,0.2± 0.27,0± 0,0± 0,0.03± 0.07,0± 0,0.2± 0.32,0.01± 0.05,0.01± 0.06,0± 0,0± 0,0.04± 0.12,0.01± 0.05,0± 0.02,0.06± 0.13,0± 0,0± 0.02,0± 0,0± 0,0± 0,0± 0,0.09± 0.24,0.06± 0.12,0.1± 0.18,0± 0,0.02± 0.1,0.08± 0.24,0± 0,0± 0,0.07± 0.12,0± 0
L.pun2,Post-Invasion,Pond,Dry,4,50.49± 8.8,5.02± 2.78,0± 0,0± 0,0± 0,0± 0,0± 0,0.15± 0.31,0± 0,0± 0,0± 0,0± 0,0± 0,0.14± 0.24,0± 0,0± 0,0.02± 0.04,0.5± 0.58,0± 0,0± 0,0± 0,0± 0,0.12± 0.25,0± 0,0± 0,0± 0,0.02± 0.04,0± 0,0.02± 0.04,0± 0,0.02± 0.04,0± 0
L.pun2,Pre-Invasion,Pond,Dry,42,73.75± 11.48,17.03± 6.51,0.02± 0.1,0± 0,0.01± 0.06,0.01± 0.05,0± 0.03,0.18± 0.25,0.02± 0.06,0.06± 0.12,0± 0,0± 0,0.01± 0.05,0.1± 0.2,0± 0.02,0.01± 0.05,0.01± 0.06,0± 0,0± 0,0.01± 0.04,0± 0,0.04± 0.14,0± 0,0± 0,0.02± 0.06,0± 0,0± 0.02,0.32± 0.45,0.1± 0.14,0± 0,0.02± 0.06,0.05± 0.09
L.pun2,Post-Invasion,Pond,Wet,7,66.95± 4.25,11.89± 2.46,0± 0,0± 0,0± 0,0.02± 0.05,0± 0,0± 0,0± 0,0± 0,0± 0,0± 0,0± 0,0.07± 0.13,0± 0,0± 0,0± 0,0.09± 0.15,0± 0,0.02± 0.06,0± 0,0± 0,0.1± 0.16,0.15± 0.22,0± 0,0± 0,0± 0,0.43± 0.36,0.05± 0.13,0± 0,0.07± 0.13,0± 0
L.pun2,Pre-Invasion,Pond,Wet,10,62.1± 17.04,10.1± 7.85,0.15± 0.24,0± 0,0± 0,0± 0,0± 0,0.07± 0.12,0± 0,0.04± 0.08,0± 0,0.04± 0.14,0.11± 0.31,0.02± 0.04,0.02± 0.04,0.03± 0.06,0± 0,0.02± 0.04,0± 0,0± 0,0.02± 0.03,0± 0,0.21± 0.37,0.06± 0.1,0.01± 0.02,0± 0,0± 0,0.1± 0.14,0± 0,0± 0,0.09± 0.12,0± 0
L.pun3,Post-Invasion,Marsh,Dry,1,95.63± NA,38.25± NA,0± NA,0± NA,0± NA,0± NA,0± NA,0± NA,0± NA,0± NA,0± NA,0± NA,0± NA,0± NA,0± NA,0± NA,0± NA,0± NA,0± NA,0± NA,0± NA,0± NA,1± NA,0± NA,0± NA,0± NA,0± NA,0± NA,0± NA,0± NA,0± NA,0± NA
L.pun3,Pre-Invasion,Marsh,Wet,2,101.25± 5.3,44.84± 6.39,0.25± 0.35,0.06± 0.09,0± 0,0.19± 0.27,0± 0,0± 0,0± 0,0.25± 0.35,0± 0,0± 0,0.25± 0.35,0± 0,0± 0,0± 0,0± 0,0± 0,0± 0,0± 0,0± 0,0± 0,0± 0,0± 0,0± 0,0± 0,0± 0,0± 0,0± 0,0± 0,0± 0,0± 0
L.pun3,Post-Invasion,Pond,Dry,2,116.04± 25.41,60.7± 30,0± 0,0± 0,0± 0,0.5± 0.71,0± 0,0± 0,0± 0,0± 0,0± 0,0± 0,0± 0,0± 0,0± 0,0± 0,0± 0,0± 0,0± 0,0± 0,0± 0,0± 0,0± 0,0.5± 0.71,0± 0,0± 0,0± 0,0± 0,0± 0,0± 0,0± 0,0± 0
L.pun3,Pre-Invasion,Pond,Dry,16,105.31± 7.34,45.32± 11.52,0.01± 0.02,0± 0,0.01± 0.03,0± 0,0± 0,0.16± 0.25,0± 0.01,0.1± 0.14,0± 0,0± 0,0.01± 0.03,0.15± 0.18,0± 0,0.02± 0.06,0± 0,0.03± 0.12,0± 0,0± 0,0± 0,0.02± 0.08,0± 0,0± 0,0.03± 0.08,0.01± 0.03,0± 0,0.03± 0.09,0.13± 0.15,0± 0,0.04± 0.1,0.24± 0.33
L.pun3,Post-Invasion,Pond,Wet,1,94.49± NA,34.99± NA,0± NA,0± NA,0± NA,0± NA,0± NA,0± NA,0± NA,0± NA,0± NA,0± NA,0± NA,0± NA,0± NA,0± NA,0± NA,0± NA,0± NA,0± NA,0± NA,0.08± NA,0± NA,0.83± NA,0.08± NA,0± NA,0± NA,0± NA,0± NA,0± NA,0± NA,0± NA
L.pun3,Pre-Invasion,Pond,Wet,6,109.17± 14.29,52.58± 27.29,0± 0,0± 0,0± 0,0± 0,0± 0,0.14± 0.22,0± 0,0± 0,0± 0,0± 0,0± 0,0.33± 0.38,0± 0,0.02± 0.05,0.08± 0.2,0± 0,0± 0,0± 0,0± 0,0± 0,0.23± 0.39,0.1± 0.15,0.02± 0.05,0± 0,0± 0,0± 0,0± 0,0± 0,0.08± 0.2,0± 0
L.sic1,Pre-Invasion,Pond,Wet,28,36.95± 5.57,0.37± 0.16,0± 0,0.02± 0.1,0± 0,0± 0,0± 0,0.78± 0.3,0.02± 0.07,0± 0,0.05± 0.1,0.04± 0.14,0.01± 0.03,0± 0,0.02± 0.06,0± 0,0± 0,0.01± 0.06,0± 0,0.04± 0.19,0± 0,0± 0,0.01± 0.04,0± 0,0± 0,0± 0,0± 0,0± 0,0± 0,0± 0,0± 0,0± 0
M.alb4,Post-Invasion,Pond,Wet,1,640± NA,212.25± NA,0± NA,0± NA,0± NA,0.5± NA,0± NA,0± NA,0± NA,0± NA,0± NA,0± NA,0± NA,0± NA,0± NA,0± NA,0± NA,0± NA,0± NA,0± NA,0± NA,0.5± NA,0± NA,0± NA,0± NA,0± NA,0± NA,0± NA,0± NA,0± NA,0± NA,0± NA
M.sal1,Post-Invasion,Pond,Dry,1,220± NA,290± NA,0± NA,0± NA,0± NA,0± NA,0± NA,0± NA,0± NA,0± NA,0± NA,0± NA,0± NA,0± NA,0± NA,0± NA,0± NA,0± NA,0± NA,0± NA,1± NA,0± NA,0± NA,0± NA,0± NA,0± NA,0± NA,0± NA,0± NA,0± NA,0± NA,0± NA
M.sal1,Post-Invasion,Pond,Wet,7,319.43± 83.71,578.57± 288.47,0± 0,0± 0,0± 0,0.07± 0.19,0± 0,0± 0,0± 0,0± 0,0± 0,0± 0,0.14± 0.38,0± 0,0± 0,0± 0,0± 0,0± 0,0± 0,0± 0,0± 0,0.64± 0.38,0± 0,0± 0,0± 0,0± 0,0± 0,0± 0,0± 0,0.14± 0.24,0± 0,0± 0
M.sal1,Pre-Invasion,Pond,Wet,24,182.77± 42.04,154.32± 98.36,0± 0,0± 0,0± 0,0± 0,0± 0,0± 0,0± 0,0± 0,0± 0,0± 0,0.25± 0.37,0± 0,0± 0,0± 0,0± 0,0.01± 0.03,0± 0,0± 0,0± 0,0.15± 0.31,0± 0,0± 0,0± 0,0± 0,0± 0,0.38± 0.39,0± 0,0.12± 0.3,0± 0,0± 0
M.sia1,Post-Invasion,Marsh,Wet,1,190± NA,110± NA,0± NA,0± NA,0± NA,0± NA,0± NA,0± NA,0± NA,0± NA,0± NA,0± NA,0± NA,0.5± NA,0± NA,0± NA,0± NA,0± NA,0± NA,0± NA,0.5± NA,0± NA,0± NA,0± NA,0± NA,0± NA,0± NA,0± NA,0± NA,0± NA,0± NA,0± NA
M.sia1,Post-Invasion,Pond,Wet,6,180.33± 24.14,29.58± 10.43,0± 0,0± 0,0± 0,0± 0,0± 0,0± 0,0± 0,0± 0,0± 0,0± 0,0± 0,0± 0,0± 0,0± 0,0± 0,0± 0,0± 0,0± 0,0.5± 0.55,0.5± 0.55,0± 0,0± 0,0± 0,0± 0,0± 0,0± 0,0± 0,0± 0,0± 0,0± 0
N.cry1,Pre-Invasion,Pond,Wet,4,53.12± 8.98,2.17± 1.4,0± 0,0.04± 0.08,0± 0,0± 0,0± 0,0.56± 0.39,0.16± 0.23,0± 0,0.04± 0.08,0± 0,0± 0,0.02± 0.03,0± 0,0± 0,0.04± 0.08,0± 0,0.02± 0.02,0.01± 0.02,0± 0,0.09± 0.17,0± 0,0± 0,0± 0,0± 0,0± 0,0± 0,0.01± 0.02,0± 0,0± 0,0± 0
N.flo1,Post-Invasion,Pond,Dry,1,380± NA,24.93± NA,0± NA,0± NA,0± NA,0± NA,0± NA,0± NA,0± NA,0± NA,0± NA,0± NA,0± NA,0± NA,0± NA,0± NA,0± NA,0± NA,0± NA,0± NA,1± NA,0± NA,0± NA,0± NA,0± NA,0± NA,0± NA,0± NA,0± NA,0± NA,0± NA,0± NA
N.gyr1,Post-Invasion,Marsh,Dry,1,39.35± NA,1.08± NA,0± NA,0± NA,0± NA,0± NA,0± NA,0± NA,0± NA,0± NA,0± NA,0± NA,0± NA,1± NA,0± NA,0± NA,0± NA,0± NA,0± NA,0± NA,0± NA,0± NA,0± NA,0± NA,0± NA,0± NA,0± NA,0± NA,0± NA,0± NA,0± NA,0± NA
N.gyr1,Pre-Invasion,Marsh,Dry,8,37.38± 3.99,1.05± 0.35,0.14± 0.35,0± 0,0± 0,0± 0,0± 0,0.05± 0.12,0.04± 0.12,0± 0,0± 0,0.05± 0.15,0± 0,0± 0,0± 0,0.12± 0.35,0± 0,0± 0,0± 0,0± 0,0.12± 0.35,0± 0,0± 0,0± 0,0± 0,0.02± 0.06,0.02± 0.06,0± 0,0.43± 0.49,0± 0,0± 0,0± 0
N.gyr1,Pre-Invasion,Marsh,Wet,20,31.25± 11.55,1.2± 1.56,0.27± 0.27,0± 0,0± 0,0± 0,0± 0,0.23± 0.22,0.18± 0.25,0± 0,0± 0,0.04± 0.11,0± 0,0.01± 0.06,0± 0,0.04± 0.08,0± 0,0± 0,0± 0,0± 0,0± 0.01,0.01± 0.03,0± 0,0± 0,0.08± 0.23,0± 0,0.14± 0.23,0± 0,0.01± 0.03,0± 0,0± 0,0± 0
N.gyr1,Pre-Invasion,Pond,Dry,6,42.83± 6.4,1.65± 0.76,0.19± 0.31,0± 0,0± 0,0± 0,0± 0,0.08± 0.2,0.17± 0.41,0± 0,0± 0,0± 0,0± 0,0± 0,0± 0,0.22± 0.4,0± 0,0± 0,0± 0,0± 0,0± 0,0± 0,0± 0,0± 0,0± 0,0± 0,0± 0,0± 0,0.25± 0.42,0± 0,0.08± 0.2,0± 0
N.gyr1,Pre-Invasion,Pond,Wet,3,55± 13.23,3.76± 1.95,0.33± 0.12,0± 0,0± 0,0± 0,0± 0,0± 0,0± 0,0± 0,0± 0,0± 0,0± 0,0.07± 0.12,0± 0,0.07± 0.12,0± 0,0± 0,0± 0,0± 0,0± 0,0± 0,0.07± 0.12,0± 0,0.4± 0.35,0± 0,0.07± 0.12,0± 0,0± 0,0± 0,0± 0,0± 0
N.mac1,Pre-Invasion,Pond,Wet,13,37.69± 3.92,0.82± 0.22,0.03± 0.09,0± 0,0± 0,0± 0,0± 0,0.06± 0.14,0.22± 0.32,0± 0,0± 0,0.26± 0.31,0± 0,0.09± 0.16,0± 0,0± 0,0± 0,0± 0,0± 0,0± 0,0.05± 0.11,0.03± 0.06,0± 0,0± 0,0± 0,0.01± 0.03,0± 0,0± 0,0.17± 0.29,0± 0,0.08± 0.16,0± 0
N.pet1,Post-Invasion,Pond,Wet,2,21.44± 0.72,0.15± 0.02,0± 0,0± 0,0± 0,0± 0,0± 0,0± 0,0± 0,0± 0,0± 0,0± 0,0± 0,0± 0,0± 0,0± 0,0± 0,0± 0,0.5± 0.71,0± 0,0± 0,0± 0,0± 0,0± 0,0± 0,0± 0,0.5± 0.71,0± 0,0± 0,0± 0,0± 0,0± 0
N.pet1,Pre-Invasion,Pond,Wet,26,32.9± 8.03,0.57± 0.4,0.09± 0.24,0.05± 0.2,0± 0,0± 0,0± 0,0.07± 0.23,0.1± 0.29,0.01± 0.05,0± 0,0± 0,0± 0,0.07± 0.16,0.05± 0.2,0± 0,0.12± 0.29,0.01± 0.05,0.06± 0.18,0.02± 0.07,0.01± 0.05,0.14± 0.33,0.05± 0.2,0± 0,0± 0,0± 0,0± 0,0± 0,0.15± 0.33,0± 0,0± 0,0± 0
N.vir1,Post-Invasion,Marsh,Dry,1,47.37± NA,0.54± NA,0± NA,0± NA,0± NA,0± NA,0± NA,0± NA,0± NA,0± NA,0± NA,0± NA,0± NA,0.33± NA,0± NA,0± NA,0± NA,0.33± NA,0± NA,0± NA,0± NA,0± NA,0± NA,0.33± NA,0± NA,0± NA,0± NA,0± NA,0± NA,0± NA,0± NA,0± NA
O.aur1,Post-Invasion,Marsh,Dry,1,72.56± NA,15.41± NA,0± NA,0± NA,0± NA,0± NA,0± NA,0± NA,0± NA,0± NA,0± NA,0± NA,0± NA,1± NA,0± NA,0± NA,0± NA,0± NA,0± NA,0± NA,0± NA,0± NA,0± NA,0± NA,0± NA,0± NA,0± NA,0± NA,0± NA,0± NA,0± NA,0± NA
O.aur1,Post-Invasion,Marsh,Wet,10,185.4± 33.67,292± 142.11,0.1± 0.22,0± 0,0± 0,0± 0,0± 0,0± 0,0± 0,0± 0,0± 0,0± 0,0.08± 0.18,0.69± 0.33,0± 0,0± 0,0± 0,0± 0,0± 0,0± 0,0± 0,0.05± 0.16,0± 0,0± 0,0± 0,0± 0,0.07± 0.24,0± 0,0± 0,0± 0,0± 0,0± 0
O.aur1,Post-Invasion,Pond,Wet,4,182.63± 120.6,146.78± 158.4,0± 0,0± 0,0± 0,0± 0,0± 0,0± 0,0± 0,0± 0,0± 0,0± 0,0± 0,0.71± 0.34,0± 0,0± 0,0± 0,0± 0,0± 0,0± 0,0± 0,0± 0,0.12± 0.25,0± 0,0± 0,0± 0,0.08± 0.17,0± 0,0± 0,0± 0,0± 0,0.08± 0.17
P.axa1,Post-Invasion,Marsh,Dry,2,82.44± 5.42,1.06± 0.31,0± 0,0± 0,0± 0,0± 0,0± 0,0.58± 0.59,0± 0,0± 0,0± 0,0± 0,0± 0,0± 0,0± 0,0± 0,0± 0,0± 0,0± 0,0± 0,0.33± 0.47,0± 0,0± 0,0± 0,0± 0,0± 0,0.08± 0.12,0± 0,0± 0,0± 0,0± 0,0± 0
P.axa1,Post-Invasion,Marsh,Wet,1,15.45± NA,0.03± NA,0± NA,0± NA,0± NA,0± NA,0± NA,0± NA,0± NA,0± NA,0± NA,0.5± NA,0± NA,0± NA,0± NA,0± NA,0± NA,0± NA,0± NA,0± NA,0± NA,0± NA,0± NA,0.5± NA,0± NA,0± NA,0± NA,0± NA,0± NA,0± NA,0± NA,0± NA
P.lat1,Pre-Invasion,Marsh,Wet,11,17.18± 1.01,0.1± 0.02,0± 0,0± 0,0± 0,0± 0,0± 0,0± 0,0± 0,0± 0,0± 0,0± 0,0± 0,0± 0,0± 0,0± 0,0± 0,0± 0,0± 0,0± 0,0.29± 0.28,0± 0,0± 0,0± 0,0± 0,0± 0,0± 0,0± 0,0.71± 0.28,0± 0,0± 0,0± 0
P.lat1,Pre-Invasion,Pond,Dry,2,17.65± 1.91,0.14± 0.05,0± 0,0± 0,0± 0,0± 0,0± 0,0± 0,0± 0,0± 0,0± 0,0± 0,0± 0,1± 0,0± 0,0± 0,0± 0,0± 0,0± 0,0± 0,0± 0,0± 0,0± 0,0± 0,0± 0,0± 0,0± 0,0± 0,0± 0,0± 0,0± 0,0± 0
P.lat1,Post-Invasion,Pond,Wet,5,16.29± 2.6,0.13± 0.07,0± 0,0± 0,0± 0,0± 0,0± 0,0± 0,0± 0,0± 0,0± 0,0± 0,0± 0,0± 0,0± 0,0± 0,0.2± 0.27,0± 0,0± 0,0± 0,0± 0,0± 0,0± 0,0± 0,0± 0,0± 0,0± 0,0± 0,0.8± 0.27,0± 0,0± 0,0± 0
P.lat2,Post-Invasion,Marsh,Dry,2,30.72± 1.8,0.76± 0.15,0± 0,0± 0,0± 0,0± 0,0± 0,0± 0,0± 0,0± 0,0± 0,0± 0,0± 0,0.5± 0.71,0± 0,0± 0,0± 0,0± 0,0± 0,0± 0,0± 0,0± 0,0± 0,0± 0,0± 0,0± 0,0± 0,0± 0,0.5± 0.71,0± 0,0± 0,0± 0
P.lat2,Pre-Invasion,Marsh,Dry,10,33.03± 8.52,1.01± 0.82,0± 0,0± 0,0± 0,0± 0,0± 0,0± 0,0± 0,0± 0,0± 0,0± 0,0± 0,0± 0,0± 0,0± 0,0± 0,0± 0,0± 0,0± 0,0± 0,0± 0,0.05± 0.16,0± 0,0± 0,0.05± 0.16,0± 0,0± 0,0.9± 0.21,0± 0,0± 0,0± 0
P.lat2,Post-Invasion,Marsh,Wet,2,25.13± 2.61,0.4± 0.09,0± 0,0± 0,0± 0,0± 0,0± 0,0± 0,0± 0,0± 0,0± 0,0± 0,0± 0,0± 0,0± 0,0± 0,0.25± 0.35,0± 0,0± 0,0± 0,0± 0,0± 0,0± 0,0± 0,0± 0,0± 0,0± 0,0± 0,0.75± 0.35,0± 0,0± 0,0± 0
P.lat2,Pre-Invasion,Marsh,Wet,3,23.17± 3.88,0.32± 0.2,0± 0,0± 0,0± 0,0± 0,0± 0,0± 0,0.17± 0.29,0± 0,0± 0,0± 0,0± 0,0± 0,0± 0,0± 0,0± 0,0± 0,0± 0,0± 0,0± 0,0± 0,0± 0,0± 0,0± 0,0± 0,0± 0,0± 0,0.83± 0.29,0± 0,0± 0,0± 0
P.lat2,Post-Invasion,Pond,Dry,6,31.9± 13.43,1.36± 2.02,0± 0,0± 0,0± 0,0± 0,0± 0,0± 0,0± 0,0± 0,0± 0,0± 0,0± 0,0.25± 0.27,0± 0,0± 0,0.08± 0.2,0± 0,0± 0,0± 0,0± 0,0± 0,0± 0,0± 0,0± 0,0± 0,0± 0,0± 0,0.67± 0.26,0± 0,0± 0,0± 0
P.lat2,Pre-Invasion,Pond,Dry,5,21.88± 0.86,0.24± 0.04,0± 0,0± 0,0± 0,0± 0,0± 0,0± 0,0± 0,0± 0,0± 0,0± 0,0± 0,0.9± 0.22,0± 0,0± 0,0± 0,0± 0,0± 0,0± 0,0.1± 0.22,0± 0,0± 0,0± 0,0± 0,0± 0,0± 0,0± 0,0± 0,0± 0,0± 0,0± 0
P.lat2,Post-Invasion,Pond,Wet,8,27.91± 3.79,0.66± 0.26,0± 0,0± 0,0± 0,0± 0,0± 0,0± 0,0± 0,0± 0,0± 0,0± 0,0± 0,0± 0,0± 0,0± 0,0.31± 0.46,0± 0,0± 0,0± 0,0± 0,0± 0,0± 0,0± 0,0± 0,0± 0,0± 0,0± 0,0.69± 0.46,0± 0,0± 0,0± 0
R.gry1,Post-Invasion,Marsh,Dry,6,94.23± 11.94,6.3± 1.57,0± 0,0± 0,0± 0,0± 0,0± 0,0± 0,0.13± 0.32,0± 0,0± 0,0± 0,0± 0,0.15± 0.12,0± 0,0± 0,0.31± 0.35,0± 0,0± 0,0± 0,0± 0,0± 0,0.26± 0.3,0± 0,0± 0,0± 0,0± 0,0± 0,0.15± 0.12,0± 0,0± 0,0± 0
R.gry2,Post-Invasion,Pond,Dry,1,42.57± NA,8.91± NA,0± NA,0± NA,0± NA,0± NA,0± NA,0± NA,0± NA,0± NA,0± NA,0± NA,0± NA,0± NA,0± NA,0± NA,0± NA,0± NA,0± NA,0± NA,1± NA,0± NA,0± NA,0± NA,0± NA,0± NA,0± NA,0± NA,0± NA,0± NA,0± NA,0± NA
S.lac1,Post-Invasion,Marsh,Dry,3,151.84± 165.52,33.66± 57.29,0± 0,0± 0,0± 0,0± 0,0± 0,0.22± 0.36,0.32± 0.38,0± 0,0± 0,0± 0,0± 0,0± 0,0± 0,0± 0,0± 0,0± 0,0± 0,0± 0,0± 0,0± 0,0± 0,0.03± 0.05,0± 0,0± 0,0.43± 0.28,0± 0,0± 0,0± 0,0± 0,0± 0
S.lac1,Post-Invasion,Marsh,Wet,1,67.31± NA,2.08± NA,0± NA,0± NA,0± NA,0± NA,0± NA,0± NA,0± NA,0.33± NA,0± NA,0± NA,0± NA,0± NA,0± NA,0± NA,0± NA,0± NA,0± NA,0± NA,0± NA,0.33± NA,0± NA,0± NA,0± NA,0± NA,0± NA,0± NA,0± NA,0.33± NA,0± NA,0± NA
S.lac1,Post-Invasion,Pond,Dry,2,297.86± 384.86,300.11± 424.11,0.06± 0.08,0± 0,0± 0,0± 0,0± 0,0± 0,0± 0,0± 0,0± 0,0± 0,0± 0,0± 0,0± 0,0± 0,0± 0,0± 0,0± 0,0± 0,0.5± 0.71,0± 0,0± 0,0.06± 0.08,0± 0,0± 0,0.39± 0.55,0± 0,0± 0,0± 0,0± 0,0± 0
S.lac1,Post-Invasion,Pond,Wet,1,395± NA,175.23± NA,0± NA,0± NA,0± NA,0± NA,0± NA,0± NA,0± NA,0± NA,0± NA,0± NA,0± NA,0.01± NA,0± NA,0± NA,0± NA,0± NA,0± NA,0± NA,0± NA,0± NA,0± NA,0.99± NA,0± NA,0± NA,0± NA,0± NA,0± NA,0± NA,0± NA,0± NA
T.mar1,Post-Invasion,Marsh,Dry,4,73.82± 36.98,30.75± 45.94,0± 0,0± 0,0± 0,0± 0,0± 0,0± 0,0± 0,0± 0,0± 0,0± 0,0± 0,1± 0,0± 0,0± 0,0± 0,0± 0,0± 0,0± 0,0± 0,0± 0,0± 0,0± 0,0± 0,0± 0,0± 0,0± 0,0± 0,0± 0,0± 0,0± 0
T.mar1,Post-Invasion,Pond,Wet,5,86.08± 20.1,37.14± 20.66,0± 0,0± 0,0± 0,0± 0,0± 0,0± 0,0± 0,0± 0,0± 0,0± 0,0± 0,0.6± 0.55,0± 0,0± 0,0± 0,0± 0,0± 0,0± 0,0± 0,0± 0,0± 0,0± 0,0± 0,0± 0,0± 0,0± 0,0.4± 0.55,0± 0,0± 0,0± 0
T.mar1,Pre-Invasion,Pond,Wet,26,104.75± 38.86,100.44± 146.46,0± 0,0± 0,0± 0,0± 0,0± 0,0.01± 0.07,0± 0,0± 0,0± 0,0± 0,0± 0,0.78± 0.39,0± 0,0± 0,0± 0,0± 0,0± 0,0± 0,0.02± 0.1,0± 0,0.01± 0.07,0± 0,0± 0,0± 0,0.03± 0.13,0± 0,0.15± 0.37,0± 0,0± 0,0± 0
