"names","interval","lower","upper","NA","NA"
"Marsh_Dry_Post-Invasion.C_uro1","99%",0.00501821455480171,0.0947123852381392,0.0974538831379748,0.0988804562093017
"Marsh_Dry_Post-Invasion.C_uro1","95%",0.00655367335542492,0.0592199810406334,NA,NA
"Marsh_Dry_Post-Invasion.C_uro1","50%",0.0115772901922419,0.0244271865912328,NA,NA
"Marsh_Dry_Post-Invasion.E_eve1","99%",0.0743788736019422,0.559037850983587,NA,NA
"Marsh_Dry_Post-Invasion.E_eve1","95%",0.0908530883039809,0.412587408520774,NA,NA
"Marsh_Dry_Post-Invasion.E_eve1","50%",0.141770674281711,0.236149095729241,NA,NA
"Marsh_Dry_Post-Invasion.E_glo1","99%",0.0392332899851196,0.586955406640638,NA,NA
"Marsh_Dry_Post-Invasion.E_glo1","95%",0.0520400165773955,0.388187136194633,NA,NA
"Marsh_Dry_Post-Invasion.E_glo1","50%",0.0919685640134933,0.178448081120247,NA,NA
"Marsh_Dry_Post-Invasion.E_suc1","99%",0.107839722403136,2.46709196458457,NA,NA
"Marsh_Dry_Post-Invasion.E_suc1","95%",0.148462836224734,1.48315495012934,NA,NA
"Marsh_Dry_Post-Invasion.E_suc1","50%",0.282256529217201,0.612143690449651,NA,NA
"Marsh_Dry_Post-Invasion.F_chr1","99%",0.103628988637066,0.674455379285986,0.687326657805154,0.695108710625716
"Marsh_Dry_Post-Invasion.F_chr1","95%",0.125495483409404,0.510036857313119,NA,NA
"Marsh_Dry_Post-Invasion.F_chr1","50%",0.188450716452908,0.302897971659292,NA,NA
"Marsh_Dry_Post-Invasion.G_hol1","99%",0.155991180056215,1.50288913145927,NA,NA
"Marsh_Dry_Post-Invasion.G_hol1","95%",0.203743390634066,1.0727386403375,NA,NA
"Marsh_Dry_Post-Invasion.G_hol1","50%",0.337898484797425,0.587592664158702,NA,NA
"Marsh_Dry_Post-Invasion.G_hol2","99%",0.0426838572853015,0.628430575960355,0.655757132128618,0.665004403519822
"Marsh_Dry_Post-Invasion.G_hol2","95%",0.0554792781310158,0.416456829564316,NA,NA
"Marsh_Dry_Post-Invasion.G_hol2","50%",0.0982688007623253,0.192396196771988,NA,NA
"Marsh_Dry_Post-Invasion.H_for2","99%",0.0279249297263546,0.379679200823679,NA,NA
"Marsh_Dry_Post-Invasion.H_for2","95%",0.0347445838173885,0.246153143617183,NA,NA
"Marsh_Dry_Post-Invasion.H_for2","50%",0.0587456078984498,0.114179993282422,NA,NA
"Marsh_Dry_Post-Invasion.H_let1","99%",0.346513316386606,0.878730595905555,NA,NA
"Marsh_Dry_Post-Invasion.H_let1","95%",0.387535354615033,0.779538575885219,NA,NA
"Marsh_Dry_Post-Invasion.H_let1","50%",0.48298667024382,0.613203571330686,NA,NA
"Marsh_Dry_Post-Invasion.H_lit1","99%",0.0287229863327,1.14608858482517,NA,NA
"Marsh_Dry_Post-Invasion.H_lit1","95%",0.0433586252351703,0.68137703986345,NA,NA
"Marsh_Dry_Post-Invasion.H_lit1","50%",0.0935400067403661,0.230362557173626,NA,NA
"Marsh_Dry_Post-Invasion.L_goo1","99%",0.0161922614104019,0.0573419660313402,NA,NA
"Marsh_Dry_Post-Invasion.L_goo1","95%",0.0182865940095932,0.0478240046815777,NA,NA
"Marsh_Dry_Post-Invasion.L_goo1","50%",0.0243134898081935,0.0337404366866531,NA,NA
"Marsh_Dry_Post-Invasion.L_goo2","99%",0.0666109208699874,0.1948292920171,NA,NA
"Marsh_Dry_Post-Invasion.L_goo2","95%",0.0747442662922573,0.168234905870979,NA,NA
"Marsh_Dry_Post-Invasion.L_goo2","50%",0.096846219717189,0.127607122521026,NA,NA
"Marsh_Dry_Post-Invasion.L_mar1","99%",0.0437362146442737,2.25682994691897,NA,NA
"Marsh_Dry_Post-Invasion.L_mar1","95%",0.0726783008473802,1.2199369362821,NA,NA
"Marsh_Dry_Post-Invasion.L_mar1","50%",0.168656744585983,0.412238009103261,NA,NA
"Marsh_Dry_Post-Invasion.L_pun2","99%",0.112466382358516,1.01250171406314,NA,NA
"Marsh_Dry_Post-Invasion.L_pun2","95%",0.140898871490616,0.72285026608114,NA,NA
"Marsh_Dry_Post-Invasion.L_pun2","50%",0.22552265510416,0.392021139774181,NA,NA
"Marsh_Dry_Post-Invasion.R_gry1","99%",0.0672187125926836,0.730523476779581,NA,NA
"Marsh_Dry_Post-Invasion.R_gry1","95%",0.0861528092733469,0.502909977833438,NA,NA
"Marsh_Dry_Post-Invasion.R_gry1","50%",0.141080325532665,0.255334545442993,NA,NA
"Marsh_Dry_Post-Invasion.S_lac1","99%",0.0125685803746614,0.605925827696513,NA,NA
"Marsh_Dry_Post-Invasion.S_lac1","95%",0.0197450206798145,0.314753414212827,NA,NA
"Marsh_Dry_Post-Invasion.S_lac1","50%",0.0419385431446018,0.104613247916341,NA,NA
"Marsh_Dry_Pre-Invasion.A_nat1","99%",0.344603658276823,0.958608751203556,NA,NA
"Marsh_Dry_Pre-Invasion.A_nat1","95%",0.385053787131439,0.835230769974178,NA,NA
"Marsh_Dry_Pre-Invasion.A_nat1","50%",0.489399823943459,0.636864009233593,NA,NA
"Marsh_Dry_Pre-Invasion.C_var1","99%",0.0304731862862719,0.421915932027849,0.4470675857005,0.453901512556292
"Marsh_Dry_Pre-Invasion.C_var1","95%",0.0398504114479021,0.287096995649645,NA,NA
"Marsh_Dry_Pre-Invasion.C_var1","50%",0.0674153512023912,0.132638497221918,NA,NA
"Marsh_Dry_Pre-Invasion.E_eve1","99%",0.0340690261576889,0.101445491526873,NA,NA
"Marsh_Dry_Pre-Invasion.E_eve1","95%",0.0384392952325874,0.0872879331309073,NA,NA
"Marsh_Dry_Pre-Invasion.E_eve1","50%",0.0492777224589727,0.0652187231220486,NA,NA
"Marsh_Dry_Pre-Invasion.E_glo1","99%",0.024137941650857,0.0748989526508105,NA,NA
"Marsh_Dry_Pre-Invasion.E_glo1","95%",0.0269160604886562,0.0636712507160001,NA,NA
"Marsh_Dry_Pre-Invasion.E_glo1","50%",0.0350824939502991,0.0470137859030182,NA,NA
"Marsh_Dry_Pre-Invasion.F_chr1","99%",0.279393350888347,0.589428732958518,NA,NA
"Marsh_Dry_Pre-Invasion.F_chr1","95%",0.303532141050563,0.535086319943517,NA,NA
"Marsh_Dry_Pre-Invasion.F_chr1","50%",0.363595649503943,0.439988337466273,NA,NA
"Marsh_Dry_Pre-Invasion.F_chr2","99%",0.486986756947893,1.77132097483911,NA,NA
"Marsh_Dry_Pre-Invasion.F_chr2","95%",0.565682076850786,1.47551555224222,NA,NA
"Marsh_Dry_Pre-Invasion.F_chr2","50%",0.765118708796284,1.05882071238523,NA,NA
"Marsh_Dry_Pre-Invasion.F_con1","99%",0.175483645369045,0.656930974931964,NA,NA
"Marsh_Dry_Pre-Invasion.F_con1","95%",0.201188695100625,0.544719432413684,NA,NA
"Marsh_Dry_Pre-Invasion.F_con1","50%",0.272168561752214,0.381579494540059,NA,NA
"Marsh_Dry_Pre-Invasion.F_con2","99%",0.282571797424597,0.795917941561426,NA,NA
"Marsh_Dry_Pre-Invasion.F_con2","95%",0.314718736553943,0.693071373209457,NA,NA
"Marsh_Dry_Pre-Invasion.F_con2","50%",0.401939860252141,0.527323656959215,NA,NA
"Marsh_Dry_Pre-Invasion.G_hol1","99%",0.0521190901616659,0.161501737734127,NA,NA
"Marsh_Dry_Pre-Invasion.G_hol1","95%",0.0594875309729967,0.139700527284242,NA,NA
"Marsh_Dry_Pre-Invasion.G_hol1","50%",0.0783237447947992,0.104199331751349,NA,NA
"Marsh_Dry_Pre-Invasion.G_hol2","99%",0.134439833123405,0.390294593423086,NA,NA
"Marsh_Dry_Pre-Invasion.G_hol2","95%",0.150516994512115,0.336560974032351,NA,NA
"Marsh_Dry_Pre-Invasion.G_hol2","50%",0.193491191173263,0.254988127687894,NA,NA
"Marsh_Dry_Pre-Invasion.H_for1","99%",0.0288654419926757,0.0841210055307989,NA,NA
"Marsh_Dry_Pre-Invasion.H_for1","95%",0.032225135031413,0.0725913311610961,NA,NA
"Marsh_Dry_Pre-Invasion.H_for1","50%",0.0414345790968492,0.0545447547867466,NA,NA
"Marsh_Dry_Pre-Invasion.H_for2","99%",0.0406703671986842,0.123935981905603,NA,NA
"Marsh_Dry_Pre-Invasion.H_for2","95%",0.0454880553760944,0.105691573992415,NA,NA
"Marsh_Dry_Pre-Invasion.H_for2","50%",0.058767667250573,0.0783407007190842,NA,NA
"Marsh_Dry_Pre-Invasion.J_flo1","99%",0.0222160588851773,0.380978954864474,NA,NA
"Marsh_Dry_Pre-Invasion.J_flo1","95%",0.0319179836097107,0.248348857846148,NA,NA
"Marsh_Dry_Pre-Invasion.J_flo1","50%",0.0590535004464823,0.11549759794498,NA,NA
"Marsh_Dry_Pre-Invasion.J_flo2","99%",0.0906543983543746,0.256964004203203,NA,NA
"Marsh_Dry_Pre-Invasion.J_flo2","95%",0.101056677089538,0.221848131615896,NA,NA
"Marsh_Dry_Pre-Invasion.J_flo2","50%",0.129012534633274,0.168606158768483,NA,NA
"Marsh_Dry_Pre-Invasion.L_goo1","99%",0.021900933388853,0.0504335098784126,NA,NA
"Marsh_Dry_Pre-Invasion.L_goo1","95%",0.0242043905143643,0.0451374301634045,NA,NA
"Marsh_Dry_Pre-Invasion.L_goo1","50%",0.0295283527635047,0.0364694445871032,NA,NA
"Marsh_Dry_Pre-Invasion.L_goo2","99%",0.0308435679980369,0.0722253095173475,NA,NA
"Marsh_Dry_Pre-Invasion.L_goo2","95%",0.0338768429426673,0.0645725386169587,NA,NA
"Marsh_Dry_Pre-Invasion.L_goo2","50%",0.0413367117681911,0.051641858103687,NA,NA
"Marsh_Dry_Pre-Invasion.L_mar1","99%",0.0209199446608311,0.0419133490836756,NA,NA
"Marsh_Dry_Pre-Invasion.L_mar1","95%",0.0225677499944783,0.0384603987293749,NA,NA
"Marsh_Dry_Pre-Invasion.L_mar1","50%",0.0267042702211866,0.031986203902627,NA,NA
"Marsh_Dry_Pre-Invasion.L_pun1","99%",0.143948472210258,0.358512814246095,NA,NA
"Marsh_Dry_Pre-Invasion.L_pun1","95%",0.159015976831424,0.316433177935099,NA,NA
"Marsh_Dry_Pre-Invasion.L_pun1","50%",0.197002231338655,0.249396392337577,NA,NA
"Marsh_Dry_Pre-Invasion.L_pun2","99%",0.369629127872685,0.976218724355414,NA,NA
"Marsh_Dry_Pre-Invasion.L_pun2","95%",0.41747711224018,0.859747407217891,NA,NA
"Marsh_Dry_Pre-Invasion.L_pun2","50%",0.524547259773735,0.671557919883377,NA,NA
"Marsh_Dry_Pre-Invasion.N_gyr1","99%",0.2013945640208,1.56697169801282,NA,NA
"Marsh_Dry_Pre-Invasion.N_gyr1","95%",0.258338448774019,1.16216394916104,NA,NA
"Marsh_Dry_Pre-Invasion.N_gyr1","50%",0.407211503460862,0.675281185020543,NA,NA
"Marsh_Dry_Pre-Invasion.P_lat2","99%",0.0277891303472111,0.162575688456469,NA,NA
"Marsh_Dry_Pre-Invasion.P_lat2","95%",0.0338184938717179,0.126434303570362,NA,NA
"Marsh_Dry_Pre-Invasion.P_lat2","50%",0.0485203976753776,0.0762621470290534,NA,NA
"Marsh_Wet_Post-Invasion.C_bat1","99%",0.216409215666317,1.57847103681586,NA,NA
"Marsh_Wet_Post-Invasion.C_bat1","95%",0.260919689075486,1.17203967332692,NA,NA
"Marsh_Wet_Post-Invasion.C_bat1","50%",0.406599585297451,0.671978563732153,NA,NA
"Marsh_Wet_Post-Invasion.C_und1","99%",0.0990067843757052,4.46041972671578,NA,NA
"Marsh_Wet_Post-Invasion.C_und1","95%",0.149238133485468,2.34557599983019,NA,NA
"Marsh_Wet_Post-Invasion.C_und1","50%",0.312571250318229,0.782246901836394,NA,NA
"Marsh_Wet_Post-Invasion.C_uro1","99%",0.00470631909110554,0.0185242737131581,NA,NA
"Marsh_Wet_Post-Invasion.C_uro1","95%",0.00522327455070036,0.0152450463145033,NA,NA
"Marsh_Wet_Post-Invasion.C_uro1","50%",0.00719397383351845,0.0103541561932683,NA,NA
"Marsh_Wet_Post-Invasion.C_uro2","99%",0.0476040456672046,1.03428864239682,NA,NA
"Marsh_Wet_Post-Invasion.C_uro2","95%",0.0649108168351916,0.650042666530874,NA,NA
"Marsh_Wet_Post-Invasion.C_uro2","50%",0.122683633118779,0.259130746877231,NA,NA
"Marsh_Wet_Post-Invasion.E_suc1","99%",0.0120415294349263,0.545892056366623,NA,NA
"Marsh_Wet_Post-Invasion.E_suc1","95%",0.0181257730287876,0.281993033936856,NA,NA
"Marsh_Wet_Post-Invasion.E_suc1","50%",0.0383062603241157,0.0949212948458701,NA,NA
"Marsh_Wet_Post-Invasion.F_chr1","99%",0.529538068783504,2.33977226341531,NA,NA
"Marsh_Wet_Post-Invasion.F_chr1","95%",0.61974238591805,1.88328482080551,NA,NA
"Marsh_Wet_Post-Invasion.F_chr1","50%",0.87120880740688,1.26892488772822,NA,NA
"Marsh_Wet_Post-Invasion.G_hol1","99%",0.205542371380762,0.736721259101399,NA,NA
"Marsh_Wet_Post-Invasion.G_hol1","95%",0.235800887276706,0.620252854822122,NA,NA
"Marsh_Wet_Post-Invasion.G_hol1","50%",0.318232717285825,0.43967186804043,NA,NA
"Marsh_Wet_Post-Invasion.G_hol2","99%",0.588812496557134,2.16380314500075,NA,NA
"Marsh_Wet_Post-Invasion.G_hol2","95%",0.6817366353594,1.81004582048813,NA,NA
"Marsh_Wet_Post-Invasion.G_hol2","50%",0.926629346327813,1.28796424341457,NA,NA
"Marsh_Wet_Post-Invasion.H_for1","99%",0.105724290769252,0.987836808721538,NA,NA
"Marsh_Wet_Post-Invasion.H_for1","95%",0.149618087989556,0.721301826974679,NA,NA
"Marsh_Wet_Post-Invasion.H_for1","50%",0.252719313788678,0.41788063724032,NA,NA
"Marsh_Wet_Post-Invasion.H_for2","99%",0.0515423854107953,0.717119811535929,NA,NA
"Marsh_Wet_Post-Invasion.H_for2","95%",0.0664506909816827,0.477552509060817,NA,NA
"Marsh_Wet_Post-Invasion.H_for2","50%",0.114590472831821,0.22363719134926,NA,NA
"Marsh_Wet_Post-Invasion.H_let1","99%",0.159209500484637,0.47618425745275,NA,NA
"Marsh_Wet_Post-Invasion.H_let1","95%",0.179458252144076,0.411117192635389,NA,NA
"Marsh_Wet_Post-Invasion.H_let1","50%",0.231447836583268,0.306883503090565,NA,NA
"Marsh_Wet_Post-Invasion.J_flo1","99%",0.00315070625932917,0.149489651486268,NA,NA
"Marsh_Wet_Post-Invasion.J_flo1","95%",0.00516613825573511,0.0828531317786048,NA,NA
"Marsh_Wet_Post-Invasion.J_flo1","50%",0.0111259312140954,0.0276853295525356,NA,NA
"Marsh_Wet_Post-Invasion.L_goo1","99%",0.0748017889730722,0.291827943902311,NA,NA
"Marsh_Wet_Post-Invasion.L_goo1","95%",0.0870101362525821,0.241544027752273,NA,NA
"Marsh_Wet_Post-Invasion.L_goo1","50%",0.119121416162143,0.168417291339066,NA,NA
"Marsh_Wet_Post-Invasion.L_goo2","99%",0.189289725485349,0.729215448725574,NA,NA
"Marsh_Wet_Post-Invasion.L_goo2","95%",0.217404792195146,0.604757722038258,NA,NA
"Marsh_Wet_Post-Invasion.L_goo2","50%",0.297099036379243,0.421447187450454,NA,NA
"Marsh_Wet_Post-Invasion.L_mac1","99%",0.38845675868846,1.44973663022932,NA,NA
"Marsh_Wet_Post-Invasion.L_mac1","95%",0.44554389036715,1.21153238893202,NA,NA
"Marsh_Wet_Post-Invasion.L_mac1","50%",0.607425697612808,0.850147745120123,NA,NA
"Marsh_Wet_Post-Invasion.L_mic1","99%",0.00131269924812645,0.0442407518972296,0.0503056251277919,0.0505636309519457
"Marsh_Wet_Post-Invasion.L_mic1","95%",0.00173358032255739,0.0244084546838346,NA,NA
"Marsh_Wet_Post-Invasion.L_mic1","50%",0.00341345916722075,0.00838243270103511,NA,NA
"Marsh_Wet_Post-Invasion.L_mic2","99%",0.000602592817448077,0.0219855044474096,NA,NA
"Marsh_Wet_Post-Invasion.L_mic2","95%",0.000842296000854176,0.0125887592085443,NA,NA
"Marsh_Wet_Post-Invasion.L_mic2","50%",0.00172411516242462,0.00419814704835962,NA,NA
"Marsh_Wet_Post-Invasion.L_pun2","99%",0.0528442983625942,2.32100661276416,NA,NA
"Marsh_Wet_Post-Invasion.L_pun2","95%",0.0790512750876134,1.23275165972853,NA,NA
"Marsh_Wet_Post-Invasion.L_pun2","50%",0.16483843854858,0.410897210169209,NA,NA
"Marsh_Wet_Post-Invasion.O_aur1","99%",0.0432836462718957,0.248194343832333,NA,NA
"Marsh_Wet_Post-Invasion.O_aur1","95%",0.0506962291849272,0.191188003335282,NA,NA
"Marsh_Wet_Post-Invasion.O_aur1","50%",0.073952687226706,0.115708601806933,NA,NA
"Marsh_Wet_Pre-Invasion.A_nat1","99%",0.275567303749548,0.781589960603343,NA,NA
"Marsh_Wet_Pre-Invasion.A_nat1","95%",0.306636235917884,0.675451594194322,NA,NA
"Marsh_Wet_Pre-Invasion.A_nat1","50%",0.391811431989416,0.512395164106214,NA,NA
"Marsh_Wet_Pre-Invasion.A_nat2","99%",0.0478539732908058,1.02095725892054,NA,NA
"Marsh_Wet_Pre-Invasion.A_nat2","95%",0.0662197323394638,0.624039905690219,NA,NA
"Marsh_Wet_Pre-Invasion.A_nat2","50%",0.119004390351644,0.255228979118384,NA,NA
"Marsh_Wet_Pre-Invasion.C_var1","99%",0.183664917296454,0.541838697959838,NA,NA
"Marsh_Wet_Pre-Invasion.C_var1","95%",0.207323778065218,0.463484611261033,NA,NA
"Marsh_Wet_Pre-Invasion.C_var1","50%",0.265757738786968,0.35040691371374,NA,NA
"Marsh_Wet_Pre-Invasion.E_eve1","99%",0.0334328912046843,0.104502765037912,NA,NA
"Marsh_Wet_Pre-Invasion.E_eve1","95%",0.0374613583224377,0.0894356964747863,NA,NA
"Marsh_Wet_Pre-Invasion.E_eve1","50%",0.049098763259314,0.0660136442740488,NA,NA
"Marsh_Wet_Pre-Invasion.E_glo1","99%",0.0264094657700471,0.0660084265177706,NA,NA
"Marsh_Wet_Pre-Invasion.E_glo1","95%",0.0293608085129778,0.0581331980562313,NA,NA
"Marsh_Wet_Pre-Invasion.E_glo1","50%",0.0364050749759004,0.0459521841354382,NA,NA
"Marsh_Wet_Pre-Invasion.F_chr1","99%",0.308301312947009,0.652367707674046,NA,NA
"Marsh_Wet_Pre-Invasion.F_chr1","95%",0.334999131677755,0.593323990501828,NA,NA
"Marsh_Wet_Pre-Invasion.F_chr1","50%",0.402144259423557,0.48901614867433,NA,NA
"Marsh_Wet_Pre-Invasion.F_chr2","99%",0.243380613403569,0.759114078886052,NA,NA
"Marsh_Wet_Pre-Invasion.F_chr2","95%",0.279126443230077,0.654632563223381,NA,NA
"Marsh_Wet_Pre-Invasion.F_chr2","50%",0.366030037773791,0.487556421840386,NA,NA
"Marsh_Wet_Pre-Invasion.F_con1","99%",0.0376592111463052,0.104704433800122,NA,NA
"Marsh_Wet_Pre-Invasion.F_con1","95%",0.0423466339562332,0.0915662999306131,NA,NA
"Marsh_Wet_Pre-Invasion.F_con1","50%",0.05355649872489,0.0697919193748975,NA,NA
"Marsh_Wet_Pre-Invasion.G_hol1","99%",0.0782218081300034,0.230151550741349,NA,NA
"Marsh_Wet_Pre-Invasion.G_hol1","95%",0.0878216548743197,0.197784996632507,NA,NA
"Marsh_Wet_Pre-Invasion.G_hol1","50%",0.113394092100946,0.149035713439285,NA,NA
"Marsh_Wet_Pre-Invasion.G_hol2","99%",0.245455262303049,0.711255520756896,NA,NA
"Marsh_Wet_Pre-Invasion.G_hol2","95%",0.276820716655298,0.613944608199125,NA,NA
"Marsh_Wet_Pre-Invasion.G_hol2","50%",0.356605338288847,0.467349681598052,NA,NA
"Marsh_Wet_Pre-Invasion.H_for1","99%",0.0175888167380633,0.0506851347606643,NA,NA
"Marsh_Wet_Pre-Invasion.H_for1","95%",0.01957918188981,0.0437883397423266,NA,NA
"Marsh_Wet_Pre-Invasion.H_for1","50%",0.0249099227970963,0.0328358678882154,NA,NA
"Marsh_Wet_Pre-Invasion.H_for2","99%",0.0235997650304828,0.0685103953962006,NA,NA
"Marsh_Wet_Pre-Invasion.H_for2","95%",0.0265313320285605,0.0594287239956248,NA,NA
"Marsh_Wet_Pre-Invasion.H_for2","50%",0.0337254401788147,0.0443766307541916,NA,NA
"Marsh_Wet_Pre-Invasion.J_flo1","99%",0.0479000093329992,0.137803924337371,NA,NA
"Marsh_Wet_Pre-Invasion.J_flo1","95%",0.0534627763492874,0.119752982700653,NA,NA
"Marsh_Wet_Pre-Invasion.J_flo1","50%",0.0683197600774113,0.0899669896576864,NA,NA
"Marsh_Wet_Pre-Invasion.J_flo2","99%",0.0350462704027609,0.102114170165298,NA,NA
"Marsh_Wet_Pre-Invasion.J_flo2","95%",0.039171002317154,0.0882384632964947,NA,NA
"Marsh_Wet_Pre-Invasion.J_flo2","50%",0.0502832989190804,0.0661382296319609,NA,NA
"Marsh_Wet_Pre-Invasion.L_goo1","99%",0.0252800809316704,0.0527814644551397,NA,NA
"Marsh_Wet_Pre-Invasion.L_goo1","95%",0.0274179327036057,0.0478539418325916,NA,NA
"Marsh_Wet_Pre-Invasion.L_goo1","50%",0.0325589861142291,0.0393768584122616,NA,NA
"Marsh_Wet_Pre-Invasion.L_goo2","99%",0.0102086848475101,0.0249760627093439,NA,NA
"Marsh_Wet_Pre-Invasion.L_goo2","95%",0.0113470367266612,0.0223319235561147,NA,NA
"Marsh_Wet_Pre-Invasion.L_goo2","50%",0.0139051723077811,0.0175776430158259,NA,NA
"Marsh_Wet_Pre-Invasion.L_gul3","99%",0.0071491419093952,0.281551082937089,NA,NA
"Marsh_Wet_Pre-Invasion.L_gul3","95%",0.0100307299296433,0.143970766467522,NA,NA
"Marsh_Wet_Pre-Invasion.L_gul3","50%",0.0200677759406028,0.0495045979765871,NA,NA
"Marsh_Wet_Pre-Invasion.L_mar1","99%",0.0102868319648827,0.0233007008415703,NA,NA
"Marsh_Wet_Pre-Invasion.L_mar1","95%",0.0112585006761262,0.0208797110183814,NA,NA
"Marsh_Wet_Pre-Invasion.L_mar1","50%",0.0136928597674857,0.0168773367910902,NA,NA
"Marsh_Wet_Pre-Invasion.L_mic1","99%",0.102927159399983,0.62109300872021,NA,NA
"Marsh_Wet_Pre-Invasion.L_mic1","95%",0.124769393628037,0.477431734839231,NA,NA
"Marsh_Wet_Pre-Invasion.L_mic1","50%",0.188517749731538,0.294522933695307,NA,NA
"Marsh_Wet_Pre-Invasion.L_pun1","99%",0.126711289044564,0.319714805941106,NA,NA
"Marsh_Wet_Pre-Invasion.L_pun1","95%",0.140290849376071,0.282619695424759,NA,NA
"Marsh_Wet_Pre-Invasion.L_pun1","50%",0.174839221102519,0.221768836678465,NA,NA
"Marsh_Wet_Pre-Invasion.L_pun2","99%",0.211275143208434,0.750041040081818,NA,NA
"Marsh_Wet_Pre-Invasion.L_pun2","95%",0.243137494154805,0.634546160326917,NA,NA
"Marsh_Wet_Pre-Invasion.L_pun2","50%",0.325537934486516,0.451918877723925,NA,NA
"Marsh_Wet_Pre-Invasion.N_gyr1","99%",0.0820556880019784,0.274555879211498,NA,NA
"Marsh_Wet_Pre-Invasion.N_gyr1","95%",0.0933720608136847,0.232387579246152,NA,NA
"Marsh_Wet_Pre-Invasion.N_gyr1","50%",0.123438112677708,0.168150879918087,NA,NA
"Marsh_Wet_Pre-Invasion.P_lat1","99%",0.00495242432192158,0.0255479140787518,NA,NA
"Marsh_Wet_Pre-Invasion.P_lat1","95%",0.00581850789943577,0.0201506957953421,NA,NA
"Marsh_Wet_Pre-Invasion.P_lat1","50%",0.00829918904203339,0.012685014107185,NA,NA
"Marsh_Wet_Pre-Invasion.P_lat2","99%",0.00626341852665387,0.30567776548871,NA,NA
"Marsh_Wet_Pre-Invasion.P_lat2","95%",0.0104776689150239,0.170008565169894,NA,NA
"Marsh_Wet_Pre-Invasion.P_lat2","50%",0.0231054653674634,0.0573492221738494,NA,NA
"Pond_Dry_Post-Invasion.A_nat1","99%",0.00244291424018983,0.0934985994994395,NA,NA
"Pond_Dry_Post-Invasion.A_nat1","95%",0.00330998971095504,0.0512640289691477,NA,NA
"Pond_Dry_Post-Invasion.A_nat1","50%",0.00684817578780931,0.01678055774779,NA,NA
"Pond_Dry_Post-Invasion.A_nat2","99%",0.0429916227136429,1.04813080019614,NA,NA
"Pond_Dry_Post-Invasion.A_nat2","95%",0.0638500800410649,0.640484453670417,NA,NA
"Pond_Dry_Post-Invasion.A_nat2","50%",0.124537288709068,0.266912607615251,NA,NA
"Pond_Dry_Post-Invasion.A_nat3","99%",0.0315204839356376,0.330968847008872,NA,NA
"Pond_Dry_Post-Invasion.A_nat3","95%",0.0397955515792424,0.22996012983086,NA,NA
"Pond_Dry_Post-Invasion.A_nat3","50%",0.0641598595705656,0.11646691155489,NA,NA
"Pond_Dry_Post-Invasion.A_nat4","99%",0.0404192437869786,0.293396455799752,NA,NA
"Pond_Dry_Post-Invasion.A_nat4","95%",0.0479739787560779,0.214182421003906,NA,NA
"Pond_Dry_Post-Invasion.A_nat4","50%",0.0734288223752082,0.121987976132208,NA,NA
"Pond_Dry_Post-Invasion.E_suc2","99%",0.0143565171537365,0.670273596509648,NA,NA
"Pond_Dry_Post-Invasion.E_suc2","95%",0.0223474793905686,0.367917159613686,NA,NA
"Pond_Dry_Post-Invasion.E_suc2","50%",0.0494137747018361,0.122879921101921,NA,NA
"Pond_Dry_Post-Invasion.F_chr1","99%",0.267800849629697,1.44712220555424,NA,NA
"Pond_Dry_Post-Invasion.F_chr1","95%",0.319099339864729,1.13690179270426,NA,NA
"Pond_Dry_Post-Invasion.F_chr1","50%",0.468302090138255,0.717280742404776,NA,NA
"Pond_Dry_Post-Invasion.G_hol1","99%",0.451717964568432,1.87412827602291,NA,NA
"Pond_Dry_Post-Invasion.G_hol1","95%",0.54484090864106,1.54117778161529,NA,NA
"Pond_Dry_Post-Invasion.G_hol1","50%",0.763530904609847,1.07821292827657,NA,NA
"Pond_Dry_Post-Invasion.G_hol2","99%",0.829929767814621,2.32498324266306,NA,NA
"Pond_Dry_Post-Invasion.G_hol2","95%",0.932225481549498,2.03522950153973,NA,NA
"Pond_Dry_Post-Invasion.G_hol2","50%",1.19093742735255,1.55366622847544,NA,NA
"Pond_Dry_Post-Invasion.H_for1","99%",0.050681002841558,0.740030101027045,NA,NA
"Pond_Dry_Post-Invasion.H_for1","95%",0.0671341598347517,0.476133140327699,NA,NA
"Pond_Dry_Post-Invasion.H_for1","50%",0.115158812750654,0.22506743747976,NA,NA
"Pond_Dry_Post-Invasion.H_for2","99%",0.00855976464182829,0.108180809913401,0.109202317946585,0.118376675453391
"Pond_Dry_Post-Invasion.H_for2","95%",0.0106184195957481,0.0752211617429578,NA,NA
"Pond_Dry_Post-Invasion.H_for2","50%",0.0180198297076254,0.0348894485848951,NA,NA
"Pond_Dry_Post-Invasion.H_lit1","99%",0.00433304335439636,0.0305269314085476,NA,NA
"Pond_Dry_Post-Invasion.H_lit1","95%",0.00517045006393921,0.0230557198170364,NA,NA
"Pond_Dry_Post-Invasion.H_lit1","50%",0.00790532583410699,0.0131345395608063,NA,NA
"Pond_Dry_Post-Invasion.J_flo2","99%",0.0610080210689619,3.34852711849786,NA,NA
"Pond_Dry_Post-Invasion.J_flo2","95%",0.106921024334345,1.82246102727819,NA,NA
"Pond_Dry_Post-Invasion.J_flo2","50%",0.250218394557552,0.613172613669024,NA,NA
"Pond_Dry_Post-Invasion.L_goo1","99%",0.0919180233968844,0.290893919476769,NA,NA
"Pond_Dry_Post-Invasion.L_goo1","95%",0.104050227280227,0.246844542173052,NA,NA
"Pond_Dry_Post-Invasion.L_goo1","50%",0.135621177211984,0.182203729325609,NA,NA
"Pond_Dry_Post-Invasion.L_goo2","99%",0.101175840740334,0.310020768588171,NA,NA
"Pond_Dry_Post-Invasion.L_goo2","95%",0.113991715027121,0.265322034296264,NA,NA
"Pond_Dry_Post-Invasion.L_goo2","50%",0.147629824028644,0.196533638602021,NA,NA
"Pond_Dry_Post-Invasion.L_gul2","99%",0.0958602671526523,0.61551206772413,NA,NA
"Pond_Dry_Post-Invasion.L_gul2","95%",0.114875616650948,0.464171344098597,NA,NA
"Pond_Dry_Post-Invasion.L_gul2","50%",0.170209907766679,0.27431272849079,NA,NA
"Pond_Dry_Post-Invasion.L_gul3","99%",0.194772817846832,1.29859052437799,NA,NA
"Pond_Dry_Post-Invasion.L_gul3","95%",0.239538209691285,0.984822345771307,NA,NA
"Pond_Dry_Post-Invasion.L_gul3","50%",0.362914286229934,0.58415276608392,NA,NA
"Pond_Dry_Post-Invasion.L_gul4","99%",0.0204454820933777,0.384271102446655,NA,NA
"Pond_Dry_Post-Invasion.L_gul4","95%",0.0262554917339953,0.242149288138244,NA,NA
"Pond_Dry_Post-Invasion.L_gul4","50%",0.0465565407401155,0.0994661008545672,NA,NA
"Pond_Dry_Post-Invasion.L_mar1","99%",0.233133790334458,2.07042856657711,NA,NA
"Pond_Dry_Post-Invasion.L_mar1","95%",0.293677046849267,1.49008420426533,NA,NA
"Pond_Dry_Post-Invasion.L_mar1","50%",0.458212244555858,0.799925686962596,NA,NA
"Pond_Dry_Post-Invasion.L_pla1","99%",0.157920995476914,0.835247818606269,NA,NA
"Pond_Dry_Post-Invasion.L_pla1","95%",0.187256122100585,0.65728161199377,NA,NA
"Pond_Dry_Post-Invasion.L_pla1","50%",0.269943491197468,0.414143727708425,NA,NA
"Pond_Dry_Post-Invasion.L_pun2","99%",0.181995863537974,4.11724358401579,NA,NA
"Pond_Dry_Post-Invasion.L_pun2","95%",0.25486132096085,2.49222041143862,NA,NA
"Pond_Dry_Post-Invasion.L_pun2","50%",0.482669773184386,1.03274717410371,NA,NA
"Pond_Dry_Post-Invasion.P_lat2","99%",0.049713110382967,0.519263378129148,NA,NA
"Pond_Dry_Post-Invasion.P_lat2","95%",0.062568392122584,0.369179318785014,NA,NA
"Pond_Dry_Post-Invasion.P_lat2","50%",0.102684963534164,0.187368624008575,NA,NA
"Pond_Dry_Pre-Invasion.A_cal2","99%",0.143159140350175,0.516207411798027,NA,NA
"Pond_Dry_Pre-Invasion.A_cal2","95%",0.165456998385779,0.432051436660971,NA,NA
"Pond_Dry_Pre-Invasion.A_cal2","50%",0.221748634566018,0.307554823379043,NA,NA
"Pond_Dry_Pre-Invasion.A_nat1","99%",0.124812208620266,0.280070603352829,NA,NA
"Pond_Dry_Pre-Invasion.A_nat1","95%",0.13699853259284,0.252593006312523,NA,NA
"Pond_Dry_Pre-Invasion.A_nat1","50%",0.166117656710736,0.204009302435244,NA,NA
"Pond_Dry_Pre-Invasion.A_nat2","99%",0.108933078596732,0.235676948712398,NA,NA
"Pond_Dry_Pre-Invasion.A_nat2","95%",0.118611512003307,0.212735042229706,NA,NA
"Pond_Dry_Pre-Invasion.A_nat2","50%",0.142705403055599,0.174323281833681,NA,NA
"Pond_Dry_Pre-Invasion.A_nat3","99%",0.10802719354402,0.373135014111852,NA,NA
"Pond_Dry_Pre-Invasion.A_nat3","95%",0.124041673377235,0.316586491735401,NA,NA
"Pond_Dry_Pre-Invasion.A_nat3","50%",0.164624399912399,0.226374867440468,NA,NA
"Pond_Dry_Pre-Invasion.A_nat4","99%",0.0786826092704552,1.10670268480918,NA,NA
"Pond_Dry_Pre-Invasion.A_nat4","95%",0.103556533872576,0.742257634720188,NA,NA
"Pond_Dry_Pre-Invasion.A_nat4","50%",0.178966350761035,0.346541295007913,NA,NA
"Pond_Dry_Pre-Invasion.B_bel2","99%",0.0150844459047146,0.0476154698034403,NA,NA
"Pond_Dry_Pre-Invasion.B_bel2","95%",0.0172533594896411,0.0412627504727318,NA,NA
"Pond_Dry_Pre-Invasion.B_bel2","50%",0.0228396365996688,0.0306359860717611,NA,NA
"Pond_Dry_Pre-Invasion.C_bat1","99%",0.170628758523891,0.732101126003928,NA,NA
"Pond_Dry_Pre-Invasion.C_bat1","95%",0.199495133251341,0.598964666621865,NA,NA
"Pond_Dry_Pre-Invasion.C_bat1","50%",0.27652108019587,0.402625155816281,NA,NA
"Pond_Dry_Pre-Invasion.E_eve1","99%",0.0671285652190571,0.708874055841055,NA,NA
"Pond_Dry_Pre-Invasion.E_eve1","95%",0.0825232257710287,0.48925266613906,NA,NA
"Pond_Dry_Pre-Invasion.E_eve1","50%",0.135317583981922,0.247048968684883,NA,NA
"Pond_Dry_Pre-Invasion.F_chr1","99%",0.655024899049204,5.15102697516967,NA,NA
"Pond_Dry_Pre-Invasion.F_chr1","95%",0.828674355271555,3.81810753596929,NA,NA
"Pond_Dry_Pre-Invasion.F_chr1","50%",1.30124919626225,2.17077007328884,NA,NA
"Pond_Dry_Pre-Invasion.G_hol1","99%",0.0611617926771079,0.177305398340279,NA,NA
"Pond_Dry_Pre-Invasion.G_hol1","95%",0.0683450949454093,0.152307371896958,NA,NA
"Pond_Dry_Pre-Invasion.G_hol1","50%",0.0869409789748808,0.11450157465666,NA,NA
"Pond_Dry_Pre-Invasion.G_hol2","99%",0.150814175560555,0.458727532183985,NA,NA
"Pond_Dry_Pre-Invasion.G_hol2","95%",0.169440756330956,0.393528741182876,NA,NA
"Pond_Dry_Pre-Invasion.G_hol2","50%",0.220247689451331,0.292884115114183,NA,NA
"Pond_Dry_Pre-Invasion.H_for1","99%",0.00267924539267247,0.0370323857497998,NA,NA
"Pond_Dry_Pre-Invasion.H_for1","95%",0.00339596170636146,0.0239225745618008,NA,NA
"Pond_Dry_Pre-Invasion.H_for1","50%",0.00576992189313526,0.0112024494362602,NA,NA
"Pond_Dry_Pre-Invasion.H_for2","99%",0.0550094680183488,0.364481011180377,NA,NA
"Pond_Dry_Pre-Invasion.H_for2","95%",0.0677323503946019,0.274697797545577,NA,NA
"Pond_Dry_Pre-Invasion.H_for2","50%",0.100906744882524,0.162970599295573,NA,NA
"Pond_Dry_Pre-Invasion.L_gul1","99%",0.116202505237984,1.36382221415266,NA,NA
"Pond_Dry_Pre-Invasion.L_gul1","95%",0.153874272401953,0.918988586770625,NA,NA
"Pond_Dry_Pre-Invasion.L_gul1","50%",0.255540291325175,0.466174942560956,NA,NA
"Pond_Dry_Pre-Invasion.L_gul2","99%",0.090139850799111,1.01584581855664,NA,NA
"Pond_Dry_Pre-Invasion.L_gul2","95%",0.11934046245718,0.710189106686946,NA,NA
"Pond_Dry_Pre-Invasion.L_gul2","50%",0.198365061428205,0.359990978997588,NA,NA
"Pond_Dry_Pre-Invasion.L_gul3","99%",0.153285730515676,0.762891894829522,NA,NA
"Pond_Dry_Pre-Invasion.L_gul3","95%",0.179705735046202,0.600971793227862,NA,NA
"Pond_Dry_Pre-Invasion.L_gul3","50%",0.259037163159768,0.389534246221307,NA,NA
"Pond_Dry_Pre-Invasion.L_gul4","99%",0.218590351588107,0.867170840941857,NA,NA
"Pond_Dry_Pre-Invasion.L_gul4","95%",0.256687501768182,0.71473979432422,NA,NA
"Pond_Dry_Pre-Invasion.L_gul4","50%",0.350862376693265,0.495739382780841,NA,NA
"Pond_Dry_Pre-Invasion.L_mac1","99%",0.0351953992679126,3.07663231717896,NA,NA
"Pond_Dry_Pre-Invasion.L_mac1","95%",0.0672982213230729,1.67127764006553,NA,NA
"Pond_Dry_Pre-Invasion.L_mac1","50%",0.0322299536939481,85.6319036213931,NA,NA
"Pond_Dry_Pre-Invasion.L_mar1","99%",0.046981474420021,0.413134378656351,0.436556322149385,0.4440832724909
"Pond_Dry_Pre-Invasion.L_mar1","95%",0.0597420391437626,0.300223378144696,NA,NA
"Pond_Dry_Pre-Invasion.L_mar1","50%",0.0936351208800136,0.16266987497912,NA,NA
"Pond_Dry_Pre-Invasion.L_pla1","99%",0.0813679080472686,0.141181320808744,NA,NA
"Pond_Dry_Pre-Invasion.L_pla1","95%",0.086952966338802,0.131822401624152,NA,NA
"Pond_Dry_Pre-Invasion.L_pla1","50%",0.0992751680434136,0.11462998178245,NA,NA
"Pond_Dry_Pre-Invasion.L_pla2","99%",0.274014177548688,5.93047561420965,NA,NA
"Pond_Dry_Pre-Invasion.L_pla2","95%",0.372971473818814,3.61603444746331,NA,NA
"Pond_Dry_Pre-Invasion.L_pla2","50%",0.687546534119114,1.47220714644926,NA,NA
"Pond_Dry_Pre-Invasion.L_pun2","99%",0.683218630491941,1.53844676647766,NA,NA
"Pond_Dry_Pre-Invasion.L_pun2","95%",0.749000848091457,1.37910072052907,NA,NA
"Pond_Dry_Pre-Invasion.L_pun2","50%",0.906642218728732,1.11820989901827,NA,NA
"Pond_Dry_Pre-Invasion.L_pun3","99%",0.764194469415855,2.96082659155676,NA,NA
"Pond_Dry_Pre-Invasion.L_pun3","95%",0.879706512317121,2.46048515799684,NA,NA
"Pond_Dry_Pre-Invasion.L_pun3","50%",1.2066156339566,1.70941206903018,NA,NA
"Pond_Dry_Pre-Invasion.N_gyr1","99%",0.0648837040315709,0.752414580222897,NA,NA
"Pond_Dry_Pre-Invasion.N_gyr1","95%",0.0858705363527576,0.510287497199675,NA,NA
"Pond_Dry_Pre-Invasion.N_gyr1","50%",0.142931574973731,0.260544260117733,NA,NA
"Pond_Dry_Pre-Invasion.P_lat2","99%",0.00847457379097287,0.115673205212702,NA,NA
"Pond_Dry_Pre-Invasion.P_lat2","95%",0.0106983965651386,0.0770212284318581,NA,NA
"Pond_Dry_Pre-Invasion.P_lat2","50%",0.0178991079504597,0.0353867133903643,NA,NA
"Pond_Wet_Post-Invasion.A_cal2","99%",0.06933876241845,1.5399062004524,1.57692500453181,1.61539481778521
"Pond_Wet_Post-Invasion.A_cal2","95%",0.098091704475691,0.944326209491734,NA,NA
"Pond_Wet_Post-Invasion.A_cal2","50%",0.185170479306912,0.392358214217421,NA,NA
"Pond_Wet_Post-Invasion.C_uro1","99%",0.00370230921404885,0.0372390999261228,NA,NA
"Pond_Wet_Post-Invasion.C_uro1","95%",0.00454708706886275,0.0259773258482389,NA,NA
"Pond_Wet_Post-Invasion.C_uro1","50%",0.00714932338114909,0.013039494107396,NA,NA
"Pond_Wet_Post-Invasion.E_eve1","99%",0.0985300698825545,0.875126868692977,NA,NA
"Pond_Wet_Post-Invasion.E_eve1","95%",0.123452577367853,0.637570769621948,NA,NA
"Pond_Wet_Post-Invasion.E_eve1","50%",0.201064977757141,0.346398889052657,NA,NA
"Pond_Wet_Post-Invasion.E_glo1","99%",0.00291246841262702,0.109597489813303,NA,NA
"Pond_Wet_Post-Invasion.E_glo1","95%",0.00417834302625041,0.0606063698188326,NA,NA
"Pond_Wet_Post-Invasion.E_glo1","50%",0.00795790531963476,0.0200531887277729,NA,NA
"Pond_Wet_Post-Invasion.E_suc1","99%",0.0130784377058147,0.184908741661504,NA,NA
"Pond_Wet_Post-Invasion.E_suc1","95%",0.0165832078711448,0.119706027328343,NA,NA
"Pond_Wet_Post-Invasion.E_suc1","50%",0.0283930173021736,0.0553112450872914,NA,NA
"Pond_Wet_Post-Invasion.F_chr1","99%",0.336837451823093,1.03081113704666,NA,NA
"Pond_Wet_Post-Invasion.F_chr1","95%",0.378142789950007,0.880698479251382,NA,NA
"Pond_Wet_Post-Invasion.F_chr1","50%",0.491617976965415,0.656281095896524,NA,NA
"Pond_Wet_Post-Invasion.G_hol1","99%",0.324158592843084,1.17351722938292,NA,NA
"Pond_Wet_Post-Invasion.G_hol1","95%",0.374276716905572,0.985710956213955,NA,NA
"Pond_Wet_Post-Invasion.G_hol1","50%",0.504348070251685,0.699025885655901,NA,NA
"Pond_Wet_Post-Invasion.G_hol2","99%",0.536822298703524,1.73254658990761,NA,NA
"Pond_Wet_Post-Invasion.G_hol2","95%",0.606377301131522,1.47292488157713,NA,NA
"Pond_Wet_Post-Invasion.G_hol2","50%",0.797119477634465,1.07615801212553,NA,NA
"Pond_Wet_Post-Invasion.H_for1","99%",0.0471825153406548,0.315387857116024,NA,NA
"Pond_Wet_Post-Invasion.H_for1","95%",0.0576540846470902,0.238154604741256,NA,NA
"Pond_Wet_Post-Invasion.H_for1","50%",0.0880682347876675,0.142076976214593,NA,NA
"Pond_Wet_Post-Invasion.H_for2","99%",0.0205409724075682,1.08892315277793,NA,NA
"Pond_Wet_Post-Invasion.H_for2","95%",0.0347456079325941,0.584975292428831,NA,NA
"Pond_Wet_Post-Invasion.H_for2","50%",0.0798707521964183,0.19566975668251,NA,NA
"Pond_Wet_Post-Invasion.H_let1","99%",0.0425540238172014,0.182989296439458,NA,NA
"Pond_Wet_Post-Invasion.H_let1","95%",0.0492313001339304,0.148348826073214,NA,NA
"Pond_Wet_Post-Invasion.H_let1","50%",0.0687209242485932,0.0998331920030647,NA,NA
"Pond_Wet_Post-Invasion.L_goo1","99%",0.0585696537909313,0.195282345743762,NA,NA
"Pond_Wet_Post-Invasion.L_goo1","95%",0.0665249133025736,0.165083575572289,NA,NA
"Pond_Wet_Post-Invasion.L_goo1","50%",0.0875528769984511,0.119305543532532,NA,NA
"Pond_Wet_Post-Invasion.L_goo2","99%",0.171986017272697,0.591129556662691,NA,NA
"Pond_Wet_Post-Invasion.L_goo2","95%",0.197366997307345,0.502472345122629,NA,NA
"Pond_Wet_Post-Invasion.L_goo2","50%",0.261892294102686,0.360226174754133,NA,NA
"Pond_Wet_Post-Invasion.L_gul2","99%",0.149682892914321,3.15990534753095,NA,NA
"Pond_Wet_Post-Invasion.L_gul2","95%",0.198839037643566,1.91508579330327,NA,NA
"Pond_Wet_Post-Invasion.L_gul2","50%",0.356632541104698,0.7696502857789,NA,NA
"Pond_Wet_Post-Invasion.L_gul3","99%",0.269699476821056,1.79058708632021,NA,NA
"Pond_Wet_Post-Invasion.L_gul3","95%",0.331337067619325,1.34738026557753,NA,NA
"Pond_Wet_Post-Invasion.L_gul3","50%",0.504288015349596,0.81124065710434,NA,NA
"Pond_Wet_Post-Invasion.L_gul4","99%",0.0436377147013303,2.87194278816603,NA,NA
"Pond_Wet_Post-Invasion.L_gul4","95%",0.0870941008126685,1.48362448328091,NA,NA
"Pond_Wet_Post-Invasion.L_gul4","50%",0.203711930354364,0.50215185827575,NA,NA
"Pond_Wet_Post-Invasion.L_mac1","99%",0.238401412782006,2.57198920890929,NA,NA
"Pond_Wet_Post-Invasion.L_mac1","95%",0.294604440598234,1.76271023012402,NA,NA
"Pond_Wet_Post-Invasion.L_mac1","50%",0.484030193025583,0.887089957107461,NA,NA
"Pond_Wet_Post-Invasion.L_mar1","99%",0.387170250966162,17.2622743633847,18.2756527744688,18.5163799623994
"Pond_Wet_Post-Invasion.L_mar1","95%",0.606263065857502,9.56757350215096,NA,NA
"Pond_Wet_Post-Invasion.L_mar1","50%",1.29538769062281,3.19727572222182,NA,NA
"Pond_Wet_Post-Invasion.L_mic2","99%",0.0060482575116562,0.123712186322924,NA,NA
"Pond_Wet_Post-Invasion.L_mic2","95%",0.00797808026021343,0.0752247822696776,NA,NA
"Pond_Wet_Post-Invasion.L_mic2","50%",0.014085788089729,0.0304374733370671,NA,NA
"Pond_Wet_Post-Invasion.L_pla1","99%",0.183054360118834,0.851466502125208,NA,NA
"Pond_Wet_Post-Invasion.L_pla1","95%",0.214923571592427,0.684942558417287,NA,NA
"Pond_Wet_Post-Invasion.L_pla1","50%",0.302489245662562,0.446127743708668,NA,NA
"Pond_Wet_Post-Invasion.L_pla2","99%",0.00792447778475608,0.15244730442874,NA,NA
"Pond_Wet_Post-Invasion.L_pla2","95%",0.0101685925910512,0.0945740228126966,NA,NA
"Pond_Wet_Post-Invasion.L_pla2","50%",0.0180946040365382,0.0385264801499313,NA,NA
"Pond_Wet_Post-Invasion.L_pun2","99%",0.157227328151789,1.37266864993274,NA,NA
"Pond_Wet_Post-Invasion.L_pun2","95%",0.194390762093768,0.992796927742254,NA,NA
"Pond_Wet_Post-Invasion.L_pun2","50%",0.310324366836386,0.537443263481885,NA,NA
"Pond_Wet_Post-Invasion.M_sal1","99%",0.0739681170342937,0.671206923393389,NA,NA
"Pond_Wet_Post-Invasion.M_sal1","95%",0.0934113476264056,0.480748333369306,NA,NA
"Pond_Wet_Post-Invasion.M_sal1","50%",0.149886235272777,0.259651255459838,NA,NA
"Pond_Wet_Post-Invasion.M_sia1","99%",0.0253112804447026,0.270596098753474,NA,NA
"Pond_Wet_Post-Invasion.M_sia1","95%",0.0319993038622214,0.187396804861838,NA,NA
"Pond_Wet_Post-Invasion.M_sia1","50%",0.0518910869422569,0.0946349673327334,NA,NA
"Pond_Wet_Post-Invasion.O_aur1","99%",0.00800188751065895,0.163315132507502,NA,NA
"Pond_Wet_Post-Invasion.O_aur1","95%",0.0106326878586902,0.101983627110977,NA,NA
"Pond_Wet_Post-Invasion.O_aur1","50%",0.0191973896283931,0.041451111546027,NA,NA
"Pond_Wet_Post-Invasion.P_lat1","99%",0.00484315989260511,0.0611903931655298,NA,NA
"Pond_Wet_Post-Invasion.P_lat1","95%",0.00601550879281627,0.0415542546944704,NA,NA
"Pond_Wet_Post-Invasion.P_lat1","50%",0.0100386175007917,0.0195225149456996,NA,NA
"Pond_Wet_Post-Invasion.P_lat2","99%",0.0158155286477093,0.1146640829051,NA,NA
"Pond_Wet_Post-Invasion.P_lat2","95%",0.018892970011392,0.0839475082839416,NA,NA
"Pond_Wet_Post-Invasion.P_lat2","50%",0.028679236896958,0.047792588971305,NA,NA
"Pond_Wet_Post-Invasion.T_mar1","99%",0.0577628036993705,0.869527065705737,0.895422358344777,0.917440165057955
"Pond_Wet_Post-Invasion.T_mar1","95%",0.0769289285813612,0.577142334330531,NA,NA
"Pond_Wet_Post-Invasion.T_mar1","50%",0.137695401991594,0.268521739786485,NA,NA
"Pond_Wet_Pre-Invasion.A_nat1","99%",0.327015919831568,1.03440537251276,NA,NA
"Pond_Wet_Pre-Invasion.A_nat1","95%",0.365639167487435,0.881786942180949,NA,NA
"Pond_Wet_Pre-Invasion.A_nat1","50%",0.481716064012851,0.646932955950306,NA,NA
"Pond_Wet_Pre-Invasion.A_nat2","99%",0.275670214524606,1.20326605870524,NA,NA
"Pond_Wet_Pre-Invasion.A_nat2","95%",0.320974828456605,0.982228654418791,NA,NA
"Pond_Wet_Pre-Invasion.A_nat2","50%",0.451394686510505,0.656228586258974,NA,NA
"Pond_Wet_Pre-Invasion.A_nat3","99%",0.216708052750304,1.45837175861139,NA,NA
"Pond_Wet_Pre-Invasion.A_nat3","95%",0.26626113073644,1.09053589367292,NA,NA
"Pond_Wet_Pre-Invasion.A_nat3","50%",0.406214349628037,0.653999197594367,NA,NA
"Pond_Wet_Pre-Invasion.A_nat4","99%",0.145285105299541,1.05492011469513,NA,NA
"Pond_Wet_Pre-Invasion.A_nat4","95%",0.177063614495447,0.786570307062034,NA,NA
"Pond_Wet_Pre-Invasion.A_nat4","50%",0.271601147199638,0.452991516748432,NA,NA
"Pond_Wet_Pre-Invasion.B_bel2","99%",0.0698656512861181,0.245949888753879,NA,NA
"Pond_Wet_Pre-Invasion.B_bel2","95%",0.0805035287825394,0.20559682850199,NA,NA
"Pond_Wet_Pre-Invasion.B_bel2","50%",0.106824778909406,0.14684651706476,NA,NA
"Pond_Wet_Pre-Invasion.C_bat1","99%",0.438799451214036,1.64636392310784,NA,NA
"Pond_Wet_Pre-Invasion.C_bat1","95%",0.510927722778277,1.37633020685276,NA,NA
"Pond_Wet_Pre-Invasion.C_bat1","50%",0.691235351747255,0.968434848023899,NA,NA
"Pond_Wet_Pre-Invasion.C_uro1","99%",0.0659148016406116,0.692187214537974,0.703203288410895,0.724686174830612
"Pond_Wet_Pre-Invasion.C_uro1","95%",0.0844245677590485,0.487197806792118,NA,NA
"Pond_Wet_Pre-Invasion.C_uro1","50%",0.137162777259093,0.249386803413443,NA,NA
"Pond_Wet_Pre-Invasion.C_uro2","99%",0.18511228572172,1.12689155022099,NA,NA
"Pond_Wet_Pre-Invasion.C_uro2","95%",0.229631055248424,0.867547921974585,NA,NA
"Pond_Wet_Pre-Invasion.C_uro2","50%",0.341405784439447,0.535884849105499,NA,NA
"Pond_Wet_Pre-Invasion.E_eve1","99%",0.0186320189678318,0.0907620729827497,NA,NA
"Pond_Wet_Pre-Invasion.E_eve1","95%",0.0215974376940934,0.0721369776447256,NA,NA
"Pond_Wet_Pre-Invasion.E_eve1","50%",0.0308051573745215,0.0463365947654012,NA,NA
"Pond_Wet_Pre-Invasion.E_fus","99%",0.0149904619871651,0.201871947000607,NA,NA
"Pond_Wet_Pre-Invasion.E_fus","95%",0.0187803748164015,0.132867389568489,NA,NA
"Pond_Wet_Pre-Invasion.E_fus","50%",0.031798452234594,0.0613257276307135,NA,NA
"Pond_Wet_Pre-Invasion.E_suc2","99%",0.115478267188469,1.05705212410574,NA,NA
"Pond_Wet_Pre-Invasion.E_suc2","95%",0.1500118195964,0.759076214379134,NA,NA
"Pond_Wet_Pre-Invasion.E_suc2","50%",0.241654701362847,0.415302301448342,NA,NA
"Pond_Wet_Pre-Invasion.E_suc3","99%",0.00227475659323987,0.0158986842969876,NA,NA
"Pond_Wet_Pre-Invasion.E_suc3","95%",0.00269426899085837,0.0118341955267348,NA,NA
"Pond_Wet_Pre-Invasion.E_suc3","50%",0.00409159737615167,0.00659152369689739,NA,NA
"Pond_Wet_Pre-Invasion.F_chr1","99%",0.402420633742963,1.60578041034982,NA,NA
"Pond_Wet_Pre-Invasion.F_chr1","95%",0.473002208637683,1.32819368920373,NA,NA
"Pond_Wet_Pre-Invasion.F_chr1","50%",0.653096846651573,0.927486966098024,NA,NA
"Pond_Wet_Pre-Invasion.F_chr2","99%",0.0613824105714025,0.936181869063476,NA,NA
"Pond_Wet_Pre-Invasion.F_chr2","95%",0.0824601825003773,0.623491976300868,NA,NA
"Pond_Wet_Pre-Invasion.F_chr2","50%",0.148077313021007,0.288699884309421,NA,NA
"Pond_Wet_Pre-Invasion.F_con1","99%",0.0263217353886307,0.586211915523953,NA,NA
"Pond_Wet_Pre-Invasion.F_con1","95%",0.0378371725430365,0.36737746225353,NA,NA
"Pond_Wet_Pre-Invasion.F_con1","50%",0.0712956272726928,0.152078767358526,NA,NA
"Pond_Wet_Pre-Invasion.G_hol1","99%",0.161552492453525,0.470741225143507,NA,NA
"Pond_Wet_Pre-Invasion.G_hol1","95%",0.182676737221094,0.40893232060025,NA,NA
"Pond_Wet_Pre-Invasion.G_hol1","50%",0.233145268656526,0.307346366808998,NA,NA
"Pond_Wet_Pre-Invasion.G_hol2","99%",0.943253042888999,2.74991213977208,NA,NA
"Pond_Wet_Pre-Invasion.G_hol2","95%",1.06148972850673,2.38226810407587,NA,NA
"Pond_Wet_Pre-Invasion.G_hol2","50%",1.36381546193915,1.79475931483999,NA,NA
"Pond_Wet_Pre-Invasion.H_for1","99%",0.00253150299264053,0.0179306878064386,NA,NA
"Pond_Wet_Pre-Invasion.H_for1","95%",0.00295950238274911,0.0131744064962515,NA,NA
"Pond_Wet_Pre-Invasion.H_for1","50%",0.00454645759324237,0.00754029898187783,NA,NA
"Pond_Wet_Pre-Invasion.H_for2","99%",0.00372264393015993,0.0369867604279544,NA,NA
"Pond_Wet_Pre-Invasion.H_for2","95%",0.00448194436455943,0.0262061108331693,NA,NA
"Pond_Wet_Pre-Invasion.H_for2","50%",0.00718471322871402,0.0131540752064134,NA,NA
"Pond_Wet_Pre-Invasion.J_flo1","99%",0.00012172084885357,0.00478032943870964,NA,NA
"Pond_Wet_Pre-Invasion.J_flo1","95%",0.00012172084885357,0.00241045817621822,NA,NA
"Pond_Wet_Pre-Invasion.J_flo1","50%",0.000340015153006317,0.000849983370729536,NA,NA
"Pond_Wet_Pre-Invasion.J_flo2","99%",0.0602828584118019,0.26495466868398,NA,NA
"Pond_Wet_Pre-Invasion.J_flo2","95%",0.0708742957871045,0.213384754347908,NA,NA
"Pond_Wet_Pre-Invasion.J_flo2","50%",0.0987390782485395,0.143744480900911,NA,NA
"Pond_Wet_Pre-Invasion.L_goo1","99%",0.00648449982854388,0.0182648218091366,NA,NA
"Pond_Wet_Pre-Invasion.L_goo1","95%",0.00722458464959654,0.0159381833433766,NA,NA
"Pond_Wet_Pre-Invasion.L_goo1","50%",0.00919814417240366,0.0120318586745371,NA,NA
"Pond_Wet_Pre-Invasion.L_goo2","99%",0.0135692795184121,0.0484771550281873,NA,NA
"Pond_Wet_Pre-Invasion.L_goo2","95%",0.0152388709430673,0.0406374668511019,NA,NA
"Pond_Wet_Pre-Invasion.L_goo2","50%",0.0203601600746822,0.0285114209923225,NA,NA
"Pond_Wet_Pre-Invasion.L_gul1","99%",0.340697618187677,1.24415338104708,NA,NA
"Pond_Wet_Pre-Invasion.L_gul1","95%",0.395674523765366,1.04564140241327,NA,NA
"Pond_Wet_Pre-Invasion.L_gul1","50%",0.535222594275193,0.743302018177248,NA,NA
"Pond_Wet_Pre-Invasion.L_gul2","99%",0.164016266237511,0.509939791661461,NA,NA
"Pond_Wet_Pre-Invasion.L_gul2","95%",0.187074733391946,0.43605386622921,NA,NA
"Pond_Wet_Pre-Invasion.L_gul2","50%",0.244115009865481,0.325234565821811,NA,NA
"Pond_Wet_Pre-Invasion.L_gul3","99%",0.157863550658549,0.422047977123293,NA,NA
"Pond_Wet_Pre-Invasion.L_gul3","95%",0.174492760018247,0.369087579688078,NA,NA
"Pond_Wet_Pre-Invasion.L_gul3","50%",0.220304728081489,0.284394160582504,NA,NA
"Pond_Wet_Pre-Invasion.L_gul4","99%",0.194416090657418,0.859806924252975,NA,NA
"Pond_Wet_Pre-Invasion.L_gul4","95%",0.228214859135367,0.695306986407344,NA,NA
"Pond_Wet_Pre-Invasion.L_gul4","50%",0.318883916042068,0.464959854353642,NA,NA
"Pond_Wet_Pre-Invasion.L_mac1","99%",0.803017691434573,1.94562300466594,NA,NA
"Pond_Wet_Pre-Invasion.L_mac1","95%",0.889872634720155,1.72876147354078,NA,NA
"Pond_Wet_Pre-Invasion.L_mac1","50%",1.09621637234318,1.37528787606287,NA,NA
"Pond_Wet_Pre-Invasion.L_mar1","99%",0.138477017669436,0.43465027338226,NA,NA
"Pond_Wet_Pre-Invasion.L_mar1","95%",0.156698670794528,0.369175819094278,NA,NA
"Pond_Wet_Pre-Invasion.L_mar1","50%",0.201870092729678,0.270706682319432,NA,NA
"Pond_Wet_Pre-Invasion.L_mic2","99%",0.0327442688161372,0.132239802404439,NA,NA
"Pond_Wet_Pre-Invasion.L_mic2","95%",0.037344961290809,0.107570254613092,NA,NA
"Pond_Wet_Pre-Invasion.L_mic2","50%",0.0506411727662158,0.072827546161701,NA,NA
"Pond_Wet_Pre-Invasion.L_pla1","99%",0.39626470876875,0.997452970736754,NA,NA
"Pond_Wet_Pre-Invasion.L_pla1","95%",0.434523699964124,0.877612211783768,NA,NA
"Pond_Wet_Pre-Invasion.L_pla1","50%",0.540225568144144,0.687882893021627,NA,NA
"Pond_Wet_Pre-Invasion.L_pla2","99%",0.49609948272237,1.57743115511086,NA,NA
"Pond_Wet_Pre-Invasion.L_pla2","95%",0.566552423050851,1.34179790999809,NA,NA
"Pond_Wet_Pre-Invasion.L_pla2","50%",0.738042967028955,0.989822633294098,NA,NA
"Pond_Wet_Pre-Invasion.L_pun1","99%",0.350018012408324,1.61574479522121,NA,NA
"Pond_Wet_Pre-Invasion.L_pun1","95%",0.414579670697773,1.29778994239043,NA,NA
"Pond_Wet_Pre-Invasion.L_pun1","50%",0.578118793172806,0.858469069514615,NA,NA
"Pond_Wet_Pre-Invasion.L_pun2","99%",0.330805063600428,1.93176236989222,NA,NA
"Pond_Wet_Pre-Invasion.L_pun2","95%",0.399371546630368,1.50717749286524,NA,NA
"Pond_Wet_Pre-Invasion.L_pun2","50%",0.593695633867735,0.93229076283808,NA,NA
"Pond_Wet_Pre-Invasion.L_pun3","99%",0.164101516626465,1.827775117303,NA,NA
"Pond_Wet_Pre-Invasion.L_pun3","95%",0.208565251945168,1.25488122288598,NA,NA
"Pond_Wet_Pre-Invasion.L_pun3","50%",0.346865579405856,0.631613698668367,NA,NA
"Pond_Wet_Pre-Invasion.L_sic1","99%",0.108340729702367,0.294292289150252,NA,NA
"Pond_Wet_Pre-Invasion.L_sic1","95%",0.120852910568425,0.258159014919718,NA,NA
"Pond_Wet_Pre-Invasion.L_sic1","50%",0.152802619762147,0.19826678140211,NA,NA
"Pond_Wet_Pre-Invasion.M_sal1","99%",0.118040132905342,0.367217862674045,NA,NA
"Pond_Wet_Pre-Invasion.M_sal1","95%",0.133261829673251,0.314437690558022,NA,NA
"Pond_Wet_Pre-Invasion.M_sal1","50%",0.172974707629254,0.232213356628999,NA,NA
"Pond_Wet_Pre-Invasion.N_cry1","99%",0.0308115920438994,0.688422550430173,NA,NA
"Pond_Wet_Pre-Invasion.N_cry1","95%",0.0419160104725441,0.417379886517499,NA,NA
"Pond_Wet_Pre-Invasion.N_cry1","50%",0.0799090145026977,0.169942299641502,NA,NA
"Pond_Wet_Pre-Invasion.N_gyr1","99%",0.0166374150726584,0.900617357790851,NA,NA
"Pond_Wet_Pre-Invasion.N_gyr1","95%",0.027810363625431,0.46207346313311,NA,NA
"Pond_Wet_Pre-Invasion.N_gyr1","50%",0.0643003219974371,0.15632199932025,NA,NA
"Pond_Wet_Pre-Invasion.N_mac1","99%",0.101528441873616,0.463042166710916,NA,NA
"Pond_Wet_Pre-Invasion.N_mac1","95%",0.11930757198954,0.373660594920199,NA,NA
"Pond_Wet_Pre-Invasion.N_mac1","50%",0.165613826220385,0.244710935217102,NA,NA
"Pond_Wet_Pre-Invasion.N_pet1","99%",0.489035614333025,1.40269983521451,NA,NA
"Pond_Wet_Pre-Invasion.N_pet1","95%",0.553486449196138,1.217881668941,NA,NA
"Pond_Wet_Pre-Invasion.N_pet1","50%",0.706435313557049,0.923378367417618,NA,NA
"Pond_Wet_Pre-Invasion.T_mar1","99%",0.0907484075236744,0.262561761009782,NA,NA
"Pond_Wet_Pre-Invasion.T_mar1","95%",0.102098215551949,0.226605783708598,NA,NA
"Pond_Wet_Pre-Invasion.T_mar1","50%",0.130901602220807,0.171469686020552,NA,NA
